t,mean,err,jk_0,jk_1,jk_2,jk_3,jk_4,jk_5,jk_6,jk_7,jk_8,jk_9,jk_10,jk_11,jk_12,jk_13,jk_14,jk_15,jk_16,jk_17,jk_18,jk_19,jk_20,jk_21,jk_22,jk_23,jk_24,jk_25,jk_26,jk_27,jk_28,jk_29,jk_30,jk_31,jk_32,jk_33,jk_34,jk_35,jk_36,jk_37,jk_38,jk_39,jk_40,jk_41,jk_42,jk_43,jk_44,jk_45,jk_46,jk_47,jk_48,jk_49,jk_50,jk_51,jk_52,jk_53,jk_54,jk_55,jk_56,jk_57,jk_58,jk_59,jk_60,jk_61,jk_62,jk_63,jk_64,jk_65,jk_66,jk_67,jk_68,jk_69,jk_70,jk_71,jk_72,jk_73,jk_74,jk_75,jk_76,jk_77,jk_78,jk_79,jk_80
0,1.0066470584586,0.007873237044422988,1.006173869578278,1.0068074956741397,1.006138597445737,1.006711126161178,1.0072165478267132,1.0059782769262604,1.0060395112670293,1.006119205514294,1.0060541517238448,1.006285914931925,1.006252628998008,1.0061256509643477,1.0072878736829596,1.0089663095490577,1.0075995779154445,1.0060278314744264,1.0071290487892386,1.0063265629449722,1.0060923824683214,1.0067159236277934,1.0060913980868165,1.0067071563952719,1.005957373751559,1.0092006301302856,1.0067581621008324,1.006964159681469,1.0067823117201125,1.0060437383345615,1.0062655657811979,1.0064285790260963,1.006288507043301,1.0063067935046064,1.0064219144826336,1.006441455242821,1.0064345245787791,1.0068575077681476,1.0060999326731028,1.0061280213988233,1.0069351635965704,1.006147077448794,1.0062062580449516,1.0062356519936928,1.00592945175067,1.00632075032967,1.006548121216443,1.006224807293359,1.006441054356064,1.0060970533830274,1.0060678994260341,1.0110656885413976,1.0071555470245994,1.006752017730199,1.0069357669097339,1.0062883181559934,1.0061158134975887,1.0061809205170453,1.0068463062119655,1.0061094422859511,1.0061420816231603,1.0066495445468269,1.0068774605344515,1.0066218387803667,1.0061895405990426,1.0065537706127956,1.0079237570229398,1.0074577642290587,1.006079665623725,1.006672615833794,1.0064161202953223,1.0063611127021725,1.0060863072225414,1.0061780309274422,1.0067702938251297,1.0063752815771483,1.0061169460203938,1.0102805145525666,1.0061728873417608,1.0078016098880807,1.0075277632976611,1.0061333691441698,1.0061941300679162
1,1.171632851380683,0.027777891002554175,1.1700195825573547,1.1720039486508946,1.1699650623710929,1.1717430930460029,1.1735459193152484,1.1693918895660362,1.1695635993778923,1.1698849891661292,1.1695999398474595,1.1706840509540917,1.1702518717606774,1.1698601869860648,1.1738068979635468,1.1795502797363766,1.1752217829586096,1.1695446231609394,1.1734010221054239,1.1705637525629797,1.1696326104828705,1.1718128364763234,1.1698411474012367,1.1716674888023906,1.1693645623294202,1.1806183717419152,1.1718686479533391,1.172588113608263,1.1721712671957911,1.1695427499234488,1.1703512042488267,1.1706726027282632,1.1704339941955868,1.170489686003527,1.1708583074433425,1.1708277330488452,1.1709282911691372,1.1721912181899006,1.1698215123451896,1.1697567666218915,1.1726384073203455,1.1699806478883892,1.1698717364310396,1.170036735606545,1.1692467502661987,1.170358949229666,1.1712056130575148,1.1702063125173927,1.170819880462646,1.1698888061137738,1.169514741294474,1.1876016726040384,1.1735251179955242,1.17200183068958,1.1726324193598412,1.1702182202120115,1.169803908388296,1.169736497124618,1.1724082699193026,1.1698018610176106,1.169804675677509,1.1715803807801828,1.1724130828942876,1.1715904122387322,1.170135527567381,1.1711542534859547,1.1761373016463383,1.1745095666711294,1.169759990134602,1.1715943353368603,1.1708410283102655,1.170541321937962,1.1695868194061434,1.169819555328276,1.1720441468762557,1.1706368897671677,1.169960446229417,1.1844266340093776,1.1698938842996816,1.1755474638041201,1.1746586888300903,1.1698808011938686,1.1702037739145776
2,0.56626753986296,0.029512071374023556,0.5644922683730024,0.5664345217858103,0.5646903537874868,0.5663015297061017,0.5682282872616514,0.5640429085518184,0.5640745424816241,0.564503530811743,0.5640062741116877,0.5657820251454811,0.5647428735151703,0.5643478067368229,0.5682530332852184,0.5738322359876621,0.5704913835317467,0.5642522406464758,0.5682924226490692,0.5652568971230971,0.563988759415184,0.5661079916938586,0.5644412236642078,0.5662654153447534,0.5640734283839907,0.5763163245547653,0.566358322950219,0.5669155117213389,0.5669799680087454,0.5640547855278665,0.5650247542016767,0.5650670743150056,0.5650256976511477,0.5651578108541125,0.5654317206548345,0.5651808863427236,0.5657252245767694,0.566465031242223,0.5644154837630907,0.5642338942105768,0.5673431273259046,0.5646304535908088,0.5642228459518254,0.5643268800484581,0.5638845210336821,0.5647160379283847,0.5656449086365607,0.5647025550799204,0.5654518817146235,0.5645964300544134,0.5640206231275579,0.5840522742389662,0.5683146505558765,0.5667305641828343,0.5673534212475944,0.5647615102003807,0.5643163399453646,0.564075440990168,0.567440345543719,0.564334903393773,0.5643173194941539,0.5662477386684339,0.5670080217751321,0.5662561104086528,0.564894676322084,0.5655071157252258,0.5713081244178408,0.5694898688985558,0.5643410964405563,0.5659866361530539,0.565517422955129,0.5651476555879797,0.564075680125318,0.564136789707922,0.5666757211073395,0.5651416379463038,0.5646887509129062,0.5787076331879578,0.5643562224977573,0.5707916655554832,0.5694132978249824,0.5644156219519421,0.5650717618754798
3,0.284489860775995,0.019316964757878075,0.28330056013801247,0.28458055898189805,0.2835502903471096,0.28449066771680814,0.28599339087719483,0.2831145486600431,0.2830019573826425,0.2832048202259942,0.282960751215014,0.28475348733728695,0.28344493796990355,0.2831562025167618,0.28520529509216713,0.2885138032504619,0.2872227390325658,0.28319631391607575,0.2858773497556545,0.28402270857760037,0.282859794579995,0.2838285338312978,0.2832831236498776,0.28460928600615776,0.2830353034991515,0.291842121759816,0.2844380865395221,0.284582181852019,0.28532247595553145,0.28301160481077414,0.2836359192877854,0.28358973861688,0.2837143451022217,0.28384092506344294,0.2838682290203632,0.28369677484298533,0.2845130626264046,0.2842700038632561,0.28330193033984596,0.2830563582133472,0.285246094676166,0.28347683793256956,0.2831020456278662,0.2830253762815515,0.2829654976290867,0.283305713018331,0.284011433054845,0.2834977705074242,0.2840231022668695,0.2835267875245732,0.28301962195803493,0.29632634904615823,0.2859455276386995,0.2848406674646294,0.28522021537888975,0.283524392820786,0.2831928608930218,0.28294799973156054,0.2858651221863656,0.2832456240990692,0.2831747130267273,0.2845449140324981,0.28503464750430235,0.2847506217282106,0.2836487204700191,0.2838423829659986,0.28862115761308405,0.28626249487783323,0.28313054420147044,0.28408105992514315,0.2841308763625188,0.28398845234885034,0.2829743875498583,0.2829478319353727,0.28477638684328777,0.28367761154425414,0.2835822259600162,0.2912052946057273,0.2830096117648113,0.2881128342948374,0.28657068229821087,0.28336333189416824,0.2840487169180226
4,0.17756085309370975,0.012087102342188544,0.17683480985385933,0.1778383414872425,0.17703245699708747,0.1776098608142971,0.1788569303687942,0.17671950425024582,0.17663631988086193,0.17670156070955745,0.17664320037821565,0.1782401278977045,0.17692727978954212,0.17665489521500563,0.17777395334527132,0.1796448939195132,0.17886375762248208,0.17666644814541585,0.17852306375955482,0.17777163310178606,0.17649718234111408,0.1766250006828129,0.17679222535484576,0.1780644372889344,0.1766384505658661,0.181475708951309,0.17730358996524181,0.17745343674386085,0.17849747648063058,0.1766796441001635,0.17692155782254607,0.17700581200324378,0.1771018137560421,0.1771342984009138,0.17705298980932913,0.17720627042018489,0.17782527413074425,0.17718434484355014,0.17688026107311136,0.1766090438788911,0.17802254414215,0.17700174743638317,0.17670733837697408,0.17654662776368032,0.1766413738867691,0.17653142736448085,0.17727231899090873,0.1770347135197261,0.17727195843333293,0.1770783264838244,0.17660027520720983,0.18571480630941373,0.17815957985267958,0.17790620780957464,0.1782519604503857,0.17694934665567208,0.17672657469975256,0.17656608837369314,0.17900837097449576,0.17681865821784837,0.17671575007765478,0.17778862805635745,0.17781046318693158,0.1781007029823424,0.17712871337561595,0.1771276536360469,0.1807844951208555,0.1782059277262737,0.17662093310311783,0.177104034156433,0.17742739832888288,0.17741000633381307,0.17661003355363833,0.1765059186200055,0.1776208088546775,0.17699055087329166,0.17710250147384934,0.1799086861240824,0.17648293516948416,0.1801091075075865,0.17872435843463771,0.17693459909687526,0.177516793699308
5,0.12816003487132346,0.010093121219932654,0.12763441623478322,0.12840486585364969,0.12778046686338673,0.12819998789234696,0.1294416316920004,0.12757374005060268,0.127521402712786,0.12763505198320407,0.1276037157996752,0.12893274831310111,0.1277918655237459,0.1274667823475693,0.12809604107352693,0.1292181839027382,0.12859127890632555,0.1274952896980588,0.1287149337901797,0.1288645174316353,0.12745365395868422,0.12722383744475985,0.12763759165808145,0.1288419353668465,0.12757111896239667,0.13242133756674385,0.12770730917216133,0.12795423694110042,0.1288748634638775,0.127577587535856,0.1276506010050285,0.12780389623120908,0.127784174404439,0.1278616758497424,0.12763869882841333,0.12790276689471275,0.12849509148428992,0.12778378151168887,0.1276789174581236,0.1275375171990733,0.1282508466567976,0.12782669785462644,0.1275774374460483,0.12747707217449603,0.12755610418074564,0.12721050045552,0.12794215789219937,0.12790171762557973,0.12797527872118597,0.12792230073416197,0.12749736693135566,0.13559993360539496,0.12777304480039825,0.12850824601954064,0.12874702222678308,0.12771403497286796,0.12756347274824506,0.12745625053200751,0.12926619065959327,0.12763582740194918,0.12759390414128857,0.1286038592724408,0.12803402949397397,0.12872403925438233,0.12791003897691053,0.12789289368644793,0.12983642010475205,0.12825883582345007,0.1274822057495099,0.12767418140917586,0.12804687985484323,0.12808398419788963,0.12749678095449385,0.12737492206193274,0.1278741098443432,0.1277126855961466,0.12788385458597631,0.1289323081209098,0.1273757004284353,0.1300816246881083,0.12837942808216507,0.12779616987308118,0.12814495173050128
6,0.1040146010112424,0.009106999230292963,0.10364175462074776,0.10398339543295636,0.10374618895817316,0.10393533934501181,0.10508032392238968,0.10354425670205114,0.1035380493073309,0.10377726732107528,0.1036189365854969,0.10473254873541579,0.1038242590182343,0.10348708882451316,0.10370536270041864,0.10482850896720525,0.10390762263022754,0.10355022395306085,0.10437182574680283,0.10466638699652792,0.103524214827789,0.10316967292155739,0.10364101002082986,0.10470820079007195,0.10362677897232125,0.10910944188002644,0.10352231693504484,0.10375747315895774,0.10401885430729123,0.10359954010799569,0.10361380293145937,0.1038009436146635,0.10366488837417058,0.10389599527334357,0.10347114989517925,0.10367594877209628,0.10442613402634468,0.10375894491603055,0.10360571290005365,0.10362215837592342,0.1038505172287397,0.10372402918630125,0.1035911002277867,0.10352833112492442,0.10358550814465274,0.10328217198716201,0.10380432514842389,0.10388965205030838,0.10391069966365817,0.10397265110061311,0.10354586713539748,0.11032579272484637,0.10340642564323442,0.10448211709403299,0.10427517329956162,0.10362798845184783,0.10357386123279516,0.1034612512745422,0.10490256726461157,0.1036326253707523,0.10363560976040394,0.10455206581675361,0.10379313349592809,0.10470023985635353,0.10384018764151702,0.10390715203566281,0.10455106370192702,0.10392120954018158,0.10350468566231175,0.1036026280832936,0.10380037020434907,0.10392499402756307,0.1035140642095457,0.10340495429916972,0.1037630413347805,0.10367041037119114,0.10385757830683491,0.10438428631038843,0.10343345197661724,0.1057720280439198,0.10351373601435258,0.10376245790368813,0.10384815519091874
7,0.09484493685946738,0.007566141573917862,0.09462961710450819,0.0948018185146809,0.0946860817239272,0.0947265515313995,0.09563754050325934,0.09447492886969708,0.0945012546178859,0.09475060333395247,0.09454418796794228,0.09542090763812852,0.0947246482459248,0.09440178919066515,0.09464553296675902,0.09587931436209893,0.09436712756735273,0.0945811463830515,0.09528209111888201,0.09488528794868291,0.0944858840456492,0.09398215909621338,0.09454915653156123,0.09552813783564189,0.09454559923144693,0.09818912418344833,0.09430701218632079,0.0947238493806475,0.09435741059740341,0.09453241321769751,0.09456669600459777,0.09473022044485783,0.0945096879174773,0.09490564668440213,0.09441583008244193,0.09452847329972543,0.09524007972564234,0.09467086062595954,0.0945169811810971,0.0945822215745016,0.09448491507894068,0.0945369028046811,0.09452321335703188,0.09445407673275864,0.0945343908839573,0.09429129321203658,0.09470614025476659,0.09485100479875624,0.09476859022145663,0.09487667523454596,0.09449278186069983,0.10033466339640953,0.0942471105140566,0.09553611297571812,0.09472411161642551,0.09442077437462308,0.09451379511153457,0.09439724239386349,0.09568239008071289,0.09456900188474329,0.09455139644764018,0.09530987299386341,0.09475145106087939,0.09562170199586925,0.09469444357680894,0.09479335074313043,0.095674252017007,0.09455544186727642,0.09448163477896485,0.09441800265987191,0.094590845141374,0.09446787218639817,0.09447120467276691,0.09439115989864554,0.09483185966137817,0.09460384360455726,0.09476883320587566,0.09509261153389334,0.09438408098237241,0.09680078838996493,0.0941942633652528,0.09460742145462875,0.0946304931551879
8,0.08991896590372213,0.0074540251516476645,0.08977052013362048,0.08981792890870056,0.08987868611475634,0.08979199429255977,0.09060465901056275,0.08963742092398999,0.08964882067164906,0.08995781543813555,0.08971245148089661,0.0905164656851194,0.0897738164948139,0.08949553541313525,0.08926720156263393,0.09113695279109746,0.08936761079519559,0.08979016339042707,0.09032512028720381,0.08936182914812188,0.08963170241780762,0.08908645156544005,0.08969351278899511,0.09045123566100419,0.08968210345154155,0.09074589807295634,0.08936679604960743,0.09014664448760415,0.08955360229478058,0.08964416672236218,0.08974327311490025,0.08974732536324173,0.08956551527553461,0.09001282173490067,0.08960566387371134,0.0897254460829022,0.0900580296329221,0.0897615072002088,0.08966926792177034,0.08971111448398851,0.08940121364956595,0.08968713675928518,0.08970558095348917,0.08958721102921184,0.08968638002297889,0.08947821160393012,0.08984957310181885,0.09001284377832344,0.08988625056777763,0.08978759332970054,0.08961065620774024,0.09586875928713239,0.08922826390065972,0.09063341010405442,0.08974079513777988,0.08948460260553041,0.0896510304834783,0.08956507154234035,0.09045075585296297,0.08971097030902245,0.08964376130769082,0.08997790248281706,0.09002131285986541,0.09067162148781889,0.08972526421981634,0.08986470071588146,0.0909013945032839,0.0894855573338857,0.0896605771216974,0.08940831293058568,0.08976068701976331,0.08943767304557004,0.08960410672281076,0.08957827471629468,0.08989344508893282,0.08967845450301071,0.08985171936519241,0.09098157489625246,0.08952314260154026,0.09254501292843263,0.08925849106738545,0.08968561850599581,0.08979425181138655
9,0.08698240621824996,0.0077405388181743945,0.08681401420167614,0.08679476574284625,0.08701543340955277,0.08693909759772929,0.08746121947773304,0.08676186850853325,0.08673610064116997,0.08712304441322226,0.08684909317910264,0.08758462519621688,0.08686177388207285,0.08665554822037028,0.08596627188067901,0.08778878121943233,0.08672209849671313,0.08693184556290084,0.08707449953096374,0.08664518469949944,0.08675408878725802,0.08629402067897639,0.08674742853680517,0.0874782095096895,0.08680118138543219,0.08587012043936729,0.08645677822138453,0.08745963378672358,0.08686087843959285,0.08672999249118302,0.08691093133896997,0.08682688509943533,0.08666503826465317,0.08701511538570833,0.08673409721191323,0.08685162778622843,0.08670941463696383,0.08682607136997669,0.08674983467287521,0.08680975646106676,0.08641052237499984,0.0868633418443089,0.08683202693842612,0.08669839056380917,0.08679529814563253,0.08660577650685748,0.08697258541881926,0.08718797604642313,0.08692564538078242,0.08673723711218438,0.08668965766956367,0.0929449610424786,0.08629037740362352,0.08751390582454949,0.08680767021353698,0.08661014447324532,0.08675746933957816,0.08671041231857782,0.08716602031267355,0.08682313657514222,0.08668756202558454,0.08669926825265278,0.087086165850187,0.08767777671540639,0.0868123161991437,0.08683465187257683,0.08809404481738657,0.08671643522100221,0.08680303849495892,0.08651723240776055,0.08695755968613965,0.08654150137993587,0.08670470835142477,0.08671722315303472,0.08678227430535959,0.08668839486567924,0.08693462617897502,0.08898405251705137,0.08665054844455972,0.09014063502624957,0.08634264390238244,0.08679356743861305,0.08678975070235152
10,0.08634250315437723,0.00797118094083434,0.08614624846988164,0.08611040494120933,0.08641461046757716,0.08636218948302987,0.08658284865922353,0.08615356366514758,0.08611898229011293,0.08648715102957771,0.08626223599482552,0.08689892742786323,0.08624160564415603,0.08613775795238376,0.08528544247809192,0.08684722042477129,0.0862553036278697,0.08636769224529652,0.08626893801193547,0.08626453568479017,0.08616447602589195,0.08575744740257245,0.086095124690174,0.08672097114159014,0.08619810585764959,0.08340646100208245,0.08594034295658687,0.0865572644754277,0.08670723434737405,0.08612271517978215,0.08637726197982444,0.08617130609191691,0.08613059035876,0.0863468475769934,0.08616977339401154,0.0859458204759093,0.08581128442441785,0.08612146143032229,0.08614409205443117,0.08623577201267427,0.08586988339731165,0.08634743665106706,0.08625061787122175,0.08610843257597146,0.0862039972056741,0.08601819722840387,0.0863072271390389,0.08665833225836735,0.08628101578175572,0.08613502286039396,0.08607509834992953,0.09087619940982006,0.08575937413594235,0.08671207048882004,0.08606389933818236,0.08603895075739491,0.08614810057478575,0.08615961208331657,0.08643798493213546,0.08626161465754285,0.08605722300275837,0.08592657887228233,0.08623921881345778,0.08689701958683994,0.0862932320665383,0.08614079573903405,0.08733854012326366,0.08627499220546582,0.08621472504765154,0.08588418342525203,0.08636644372438132,0.08590541748657948,0.08608155649110444,0.08612823860603193,0.08633748385044929,0.08605016640593688,0.08632949792837459,0.08982285118821443,0.08607383808304754,0.09026302030161466,0.08585495209181929,0.08617706281162044,0.08604263857962666
11,0.08576999162486072,0.009998973681496728,0.08556219071443236,0.08538831337424502,0.08584458130312121,0.08571430629408507,0.08583282248568117,0.08561088471370483,0.08555928792155179,0.08593406162882017,0.08570061859532385,0.08622196278187706,0.08568628513414543,0.08563779564879834,0.08474555517039453,0.08707138535908474,0.08471175578263089,0.08566164073868361,0.08575175109432254,0.08563435372879062,0.08561336183572871,0.08525051343219862,0.08553410566048063,0.08589744372231665,0.08562197255764221,0.0806797631104131,0.08559224980859276,0.08592021837736064,0.08661540929332188,0.0855984956480578,0.0858356727924238,0.08549647374756816,0.08568403838818975,0.08584047798124567,0.08559360070478679,0.08536235445294756,0.08523333300344059,0.08558329865301269,0.08563125878764118,0.08572719064428644,0.08517716275567179,0.0858784777386652,0.0857944305436283,0.08558003929882824,0.08566573019337859,0.08549283986569532,0.08557651563743027,0.08611333000061543,0.08570853652917965,0.08561625869812559,0.08554601825158345,0.0887039201816042,0.08513981396778462,0.08599723321326407,0.08573997879852452,0.08555454123352271,0.08561396177378827,0.08560380680973255,0.08569510083192175,0.0857652622068034,0.08549384442658933,0.08546827143672239,0.08550094728274464,0.08619070180255098,0.08580455928047821,0.08540821155961452,0.08655236961326936,0.08577055918903753,0.08568778699574292,0.0853433064533092,0.08590057465502526,0.08535480081239097,0.08551980283870911,0.08560873823939302,0.08596035911823058,0.08551014024768137,0.08571581985666145,0.09073242001655629,0.08552442814783173,0.0914587224985624,0.0855298359456868,0.08558306097961985,0.08520631661621303
12,0.0840693830472635,0.01118173534378425,0.08388948734534865,0.08353728914481842,0.08410178758691118,0.08401390719596366,0.08412499801546534,0.08393253661924711,0.08388196166671652,0.08419462218550555,0.08398289558319795,0.08438120385223935,0.08398140685165069,0.08390245016735136,0.08318629859338561,0.08580240164448576,0.08187803802477897,0.08391492762045866,0.08394746780608285,0.08319287857018294,0.08393414010656733,0.08357061110739221,0.08387618230995288,0.08412194761089867,0.08390124642870142,0.08006128130281892,0.0841102005620571,0.0844727750927941,0.08520255429412588,0.0839454136692121,0.08414944191546787,0.0836785087110129,0.08405122265334293,0.08419409508516873,0.08392051696576068,0.08381244810345823,0.08352267085142528,0.08391232130432391,0.08397436206464895,0.08409489835529553,0.0834301172868861,0.08416053398322307,0.08417103539115924,0.08387840271291894,0.08398084636371049,0.08382206813255041,0.08372976678617383,0.08425851000807486,0.08383753245323959,0.08397666852755332,0.08388895027693753,0.08504219562567085,0.08344618231017555,0.08406015464848793,0.08430724264376951,0.08393666198665067,0.08393736113004305,0.08389321243900741,0.08378924260168036,0.08407097679358795,0.08384196077433005,0.08390066439870697,0.08368993366239322,0.08442936555619834,0.08406771600746926,0.08344305536622047,0.0840995671595095,0.08391653394535953,0.08401773084829736,0.08367273235250568,0.08436477229033157,0.08367828341366058,0.08383759220637044,0.0839552941523141,0.0840888596089298,0.08379799708282278,0.08396864971461435,0.09022031723624144,0.08384919852483948,0.09156114999845434,0.08400137397317987,0.08390641870151952,0.08333980078435706
13,0.08466246605326747,0.011088197594638468,0.08450934558172697,0.08416784190495671,0.08466474419562113,0.08467934900625976,0.08503484249687199,0.08456794372945368,0.08453927568936692,0.08458383733768397,0.08458668832477781,0.08486123147258826,0.08456637068563204,0.08451078668900654,0.08375769390115136,0.08571300218875218,0.082232553446665,0.08447002599929057,0.08435698008284258,0.08365626303201962,0.08455698102328708,0.08420781378646898,0.0845644923178362,0.08474273166964759,0.08452747129773827,0.08235006615127279,0.08483506304069868,0.08527428275796589,0.08551046165110553,0.08454570004540346,0.08475872623449768,0.08427524703636857,0.08456569376281087,0.08489730372763575,0.0845532848483746,0.08454170763967851,0.08420450963817885,0.08465698444842834,0.08461525538137014,0.08473905578177576,0.08405225067673319,0.08474994799458095,0.08477609712965468,0.0844741743834359,0.08459098822281147,0.08443166336635365,0.08431238800719099,0.08473579245235488,0.08435932924810692,0.08467109173566217,0.08451686095246871,0.08371936187697192,0.08418052205234543,0.0845938238529717,0.0851657873270494,0.08459118842903231,0.0845257923932325,0.08452473408511366,0.08414397142320017,0.08454733983700416,0.08451286657010484,0.0844754549219199,0.08445892750302703,0.0849903784593822,0.0845769531025493,0.08407007067766635,0.08412871626135228,0.08429327853608856,0.0846215289674382,0.0843057221100266,0.08507027182702459,0.08431939690707535,0.08446169792261281,0.08460632300512134,0.08422927797644925,0.08439444993740193,0.08453047409136084,0.09134083242634135,0.08448646405994151,0.09232367759763023,0.08472552563492176,0.08458659324227846,0.08410615512546384
14,0.09209873573013898,0.008025437870119237,0.09196277003223835,0.09183552214448722,0.09217528769572952,0.09235242008488058,0.0926570473871625,0.092060945457571,0.09205443446605248,0.09178235069527411,0.09207104997296962,0.09218435749050725,0.09195374277277518,0.09199810149999338,0.09153227130400378,0.09109543766634919,0.08973979986886213,0.09184506935231425,0.09214493664439433,0.09130997535904521,0.0920543179166247,0.0917821896755976,0.0920745014564575,0.0921363809919346,0.09199736612603042,0.09050268261515636,0.09241572778985464,0.09288251565783201,0.09286458109813112,0.09198800394143983,0.0922179607198095,0.09183382056718428,0.09198002024439193,0.0924777189267461,0.09205403083560935,0.09219425284785374,0.09198567571080703,0.0923026963023026,0.0921336872542786,0.09222718626015008,0.09143048068473059,0.09224471117771531,0.09226889704757175,0.09194775148515516,0.0920460099735744,0.09191481019986159,0.0918691782336053,0.09216457208815797,0.09183018648704527,0.09217959262251145,0.09199207114600877,0.09048561001660192,0.09192434418731339,0.09218460034944441,0.09271660588502771,0.0920749059787386,0.09195301883290452,0.09203795877454819,0.09149273212096323,0.09191478587818468,0.09197796863832693,0.09204229515939714,0.0922775779565082,0.09270769280689936,0.09202851142072872,0.09166455983214702,0.09217688696109623,0.09152653153673582,0.09207626619082604,0.09192942961877319,0.09276350831723676,0.09184213871561131,0.09195179912025232,0.09211526081455325,0.09155022861679656,0.09188338106515505,0.0920290395117143,0.09811419590017377,0.0919682832507595,0.09526762928014304,0.09267164393622104,0.09216336249460322,0.09173574299413284
15,0.09879045008110028,0.006538096991781503,0.09867263559822684,0.09861281173849663,0.09890290823780101,0.09920963564883793,0.0992201657677582,0.09878476380977443,0.09881066747846091,0.09854394206885071,0.09880776045371663,0.09879310322912283,0.09862430628739385,0.09867964752030539,0.0985461101924612,0.09660139963764977,0.09675689728341917,0.09861078681919165,0.09907629204692839,0.09811807384890614,0.09878863413413448,0.09857957865612166,0.09877182287809343,0.09857396951972612,0.09867502035614224,0.09736358347108764,0.09912134571905577,0.09969482143692925,0.09958160749872494,0.09869702607791672,0.0989548068222439,0.09862419688810976,0.09872251108334905,0.09926965238784106,0.09874775044114173,0.09886984683301625,0.09888412117813744,0.0991085305508995,0.09887931857370669,0.09895977819143684,0.0979949205544224,0.09886785309929429,0.09893912778810499,0.09867784207259123,0.09875539763940783,0.09867054070799534,0.09859441109407016,0.09880621602502725,0.098555523278129,0.09886699771010664,0.09870128034749166,0.0985310031711444,0.09877426271499487,0.0990853248193963,0.09937940045259816,0.0988147279208374,0.09865157670840372,0.09878868974042088,0.09828236317491221,0.09860484412428935,0.09865037462708044,0.09889997180352762,0.09939147096728385,0.09988875109171994,0.09879037869381534,0.09838899698115244,0.09949940597773212,0.09824893104192693,0.09878203856781102,0.09881959907210543,0.09986553089459974,0.09857311899607611,0.09867939370637527,0.0988407356097571,0.09849222516068315,0.09861726880119816,0.09881104376253264,0.10292176052543274,0.09868181464968181,0.09674285290897318,0.10026877484971931,0.09901723957429799,0.09857264479688511
16,0.09880531304152472,0.005676724725709462,0.09869100547803808,0.09860644381176495,0.09887426136294633,0.09921256020188149,0.09889636211461597,0.0987341233791208,0.09883820953918537,0.09864262333830007,0.09883020351163188,0.09875027281860646,0.0985651765223,0.09867040134035256,0.09870080694886173,0.0976866813034939,0.0969809872215659,0.09864325468200273,0.0991879445092971,0.09815441543028408,0.09881290682589772,0.0986268875454972,0.09875140391993652,0.09855486504128308,0.09870816636312735,0.09744667023026775,0.09907222874996059,0.09985816645177235,0.0993199149138925,0.09872745391855328,0.09905132922799782,0.09874711002848324,0.09871910017149467,0.09899993632592025,0.09865868195677308,0.09872433736141563,0.09881905913351859,0.09890069505234009,0.09889433628836558,0.09901436321441791,0.09792124147213817,0.09886348996808256,0.09886008352653607,0.09869510172519586,0.09876186440860554,0.0987104973518871,0.09850775360015998,0.09877545513834007,0.09852955835424318,0.09881454196913275,0.0987142739067438,0.10012342260469818,0.098762392283701,0.09907047035807992,0.09963365612828706,0.09887519825612454,0.09866190509737922,0.09881673440812683,0.0981777046744477,0.09858994469233155,0.0986597155577936,0.0989289254725227,0.09965149984909136,0.10025728577138691,0.0988156872903331,0.09836656951173134,0.09900549476950775,0.09805674518381946,0.09878555692073347,0.09895571035518728,0.0996015998699289,0.09854623516847823,0.09870702937439058,0.09885818941744727,0.09859781848396208,0.09865681704590755,0.09882829222218045,0.1014331789213815,0.09870464971360929,0.09652321613023356,0.10048905207250264,0.09915815785014971,0.09870429325181772
17,0.09891404138994409,0.005712817900543972,0.09882650383924006,0.09863317937388182,0.09896358411113304,0.09916775218525858,0.09880377036269894,0.09878134151408106,0.09894979934857821,0.09873559868277618,0.09892709378293202,0.0987213327431464,0.09856992204525122,0.09879413712511087,0.09885777086411399,0.09816822007345155,0.09739648339936348,0.09873305865550852,0.0995670181327311,0.09835772088355355,0.09893604699613952,0.09876748365203532,0.09887794469063166,0.09916459105301095,0.09883718337567536,0.09742336388803641,0.0992669933571338,0.1001173370662494,0.09934463661637839,0.09884917473179967,0.09929551051888046,0.09902496535968137,0.09872153906320005,0.09912209847906897,0.09863794687155454,0.09885380830521126,0.09889153963228539,0.09869247411820234,0.09906601612226396,0.09906052909542075,0.09810022137734549,0.0990137826733637,0.09896363588047913,0.09880905209505347,0.09887581192930091,0.09880763873287461,0.09856730877891466,0.09879999928597533,0.09852590961503725,0.09894195868050686,0.09882109493660078,0.09947053014818329,0.09885687623502419,0.099089304817271,0.10006211345784077,0.09897733052164295,0.09878319555263204,0.09892179567652473,0.0982581906367943,0.09868840313685517,0.09878662583280187,0.0990380916734055,0.09974744864437213,0.1004429235332069,0.09893166631174077,0.09849800562785704,0.09827184783378684,0.098077256243338,0.09884379019198819,0.09916561088304594,0.099239614051197,0.09866250304131233,0.09883178183138923,0.09898950905963723,0.09872034604780473,0.09883762184395893,0.09896521412070919,0.10262540767178924,0.09882026782849586,0.09742072044133356,0.09967151460025507,0.09930166568183832,0.09890829530631731
18,0.0990350487103141,0.00563126930377167,0.09896343603991054,0.09886650880537903,0.09907068277423432,0.09900261944431374,0.0988337208869909,0.0989310483178407,0.09906920009628944,0.09887365462631338,0.09904463943243279,0.09882548715963649,0.09863382267055353,0.09892635739374875,0.09885343555527089,0.09808466248437488,0.09789765433651205,0.09885596745284533,0.0998853399616532,0.0985977282181325,0.099081243408395,0.0988952096921425,0.09898989658283111,0.09976546010239139,0.09893065137492858,0.09741499436102967,0.09946247624647533,0.10042281269459821,0.0991110025975459,0.09897173583289895,0.09953805527143819,0.0989882181882266,0.09878812400626417,0.09965816310773669,0.098649967155403,0.09900728853607135,0.09904842803413774,0.09870710538610723,0.09930515667612792,0.09907927384510529,0.09827897162213835,0.09898234539725677,0.09906774691887867,0.09892970653878774,0.09901904882416826,0.09891757954107477,0.09883398246333695,0.09875632764086938,0.09846206844605469,0.09912824554071159,0.09892962134127797,0.09769244965878364,0.09883204673773258,0.09942933689186045,0.10013800414003976,0.09903555438179443,0.09893523036079704,0.09904394800457542,0.0985781089700521,0.09883541986207117,0.09892507485542172,0.09934207112468543,0.09956358025340564,0.09992231175398952,0.0991105442955078,0.09862377347200803,0.09767035089296916,0.09851799984540395,0.09893106508906503,0.09939279239618208,0.09959448191482762,0.0988642412983208,0.09897723548588114,0.09913021877783323,0.09899005267761526,0.09901491115807219,0.09914223599638851,0.10262755100743158,0.09894991106387101,0.09966148421426946,0.09959780691500636,0.09935547312451269,0.09907680588422672
19,0.10016646685858357,0.006848133246551451,0.10012873633522289,0.10025230435851394,0.10029272850680176,0.10008241031902368,0.09987403086896302,0.1001106624178989,0.10022994726580808,0.10002759918130928,0.10020129349811656,0.09978788812953282,0.09972889340813498,0.10005246523616039,0.09986341006682792,0.09989034692916439,0.09941981195987125,0.10001339191200628,0.10080267944930588,0.09977565990195943,0.1002568770522152,0.10003675935476966,0.10008835533361567,0.10113217497229451,0.10003264829021495,0.09838187957813928,0.10073879424027957,0.10205696517410656,0.09950956889947232,0.1000773553654935,0.1007346782393538,0.0997933547491486,0.09991523503237512,0.10129900458733827,0.09974214104666804,0.1002424920760754,0.10018332822880148,0.1000226143864276,0.10053736562075542,0.1000917091097227,0.09952175190344019,0.09994020413488476,0.10014876567655769,0.10003196904387482,0.1001454388657892,0.10004699474372546,0.10025408596075841,0.09977688726787794,0.0996677998065672,0.10033845217144137,0.10006168807394934,0.09885757322365514,0.0999047977651532,0.10079286209406364,0.09944606767447003,0.10013712192098771,0.10002410343918408,0.10017250282649558,0.10018090333971673,0.1000151050683702,0.10007900154673442,0.10076650324298402,0.1004576586701375,0.1004096759815955,0.1003692599234312,0.09978447066564457,0.0975215923083168,0.09883772216777786,0.1000811301332356,0.10058569036113696,0.10096095770028468,0.10000590601902877,0.10012304052360407,0.1002742374910679,0.1000687170228119,0.10019435074457116,0.100315021328981,0.10063886297258888,0.10008273063370283,0.1043563966403658,0.10192315870615698,0.10048202044860223,0.10029307422965837
20,0.0920437539784391,0.016413098377812966,0.09197120185011869,0.09196104035917195,0.09234402114291865,0.0919705623872359,0.09173099214502142,0.09196366496023055,0.09217022590300458,0.09183654618626425,0.09209407152406336,0.09137976364992466,0.09148160667600265,0.09190611416854415,0.09151565637359173,0.09250886371712667,0.09156781533196125,0.09192784002316262,0.09188902738668975,0.09136726997878955,0.09217776599666679,0.09194368378241471,0.09186254499561511,0.09293971050583207,0.09186707129551937,0.08921145710906346,0.09265308574146879,0.09440771954676498,0.09060106716063555,0.09192035128633724,0.09248527494715576,0.09157773855379926,0.09167349838029996,0.09329152129130834,0.09147316725093636,0.09205283186004401,0.09200959230844058,0.09224009374262998,0.09249593703096626,0.0918129998276124,0.09138367443231146,0.09170091139283376,0.09184886337691886,0.0918644319886297,0.09197963526034308,0.09192455641438056,0.09246084976458804,0.09157645337201231,0.09154121075839573,0.09211406964601467,0.09194577890604859,0.08995949957594215,0.09192315528265704,0.09291772479369415,0.08876962838732214,0.09197060589556048,0.09183044396826134,0.0920146203867029,0.09273569661414754,0.09189407663279121,0.09195728960412504,0.09270762146511503,0.0923054897755703,0.09150942421609944,0.09246609459340333,0.09169456511410422,0.08743479637475327,0.08975127704247972,0.09199030079789748,0.0923887304619683,0.09190642239572831,0.09174469482290731,0.0919895862024564,0.09223066393695557,0.0916136012409116,0.09207347965195788,0.09208781136362289,0.09107652327228472,0.09195040130384316,0.10590389792079138,0.09548383915720354,0.09235624331074975,0.09228203500174895
21,0.0751934028770957,0.03416627183896432,0.0750179430881272,0.07399585009119493,0.07571796381900425,0.07552515663916459,0.0747940177656344,0.07510916892091313,0.07545882730891855,0.07486944421847208,0.07528001467525985,0.07419132889073585,0.0744483207782048,0.07505361111693078,0.07419187526451727,0.07781376298210341,0.07478134994868431,0.07514766134408064,0.07361420374333197,0.0742990465006417,0.07536346036298304,0.07510711976412753,0.07500144116796652,0.07520383520289732,0.0750138264122429,0.0708807376932736,0.07528899630161838,0.07810428801909293,0.07259414727262951,0.07510744394253534,0.07560128137422853,0.0747514925023926,0.07457943263369492,0.07624444691868962,0.0744175683300803,0.07498707101376346,0.07476370963159984,0.0754848839860754,0.07572745904273255,0.07479159682572178,0.0744195350590338,0.07457046582135522,0.07482563248189152,0.0750257727920764,0.07507951942002768,0.07510638194357973,0.07593142490244396,0.07477806984039874,0.0744704487753712,0.07509542268076456,0.07514305460391742,0.07153962260806719,0.07513210076062002,0.07603652731648088,0.07067339691852244,0.07504542990683945,0.07499486640793697,0.07516410640274915,0.07669882200488848,0.07503865360790077,0.07513229425002475,0.07613396043963186,0.07586183822585618,0.07353963296064144,0.07604608481875068,0.07484154110562576,0.0692617719614478,0.07163246677356129,0.07518106585106296,0.07569639300797876,0.07392165989685821,0.07468430790392865,0.07514912282915039,0.07557999551194652,0.0743991743052929,0.07514849843079392,0.07494344711661789,0.0683398647691943,0.07513227135581454,0.10631857250235499,0.07950649742832755,0.07553446219619443,0.07558766965456439
22,0.06778420264829715,0.054683360036588705,0.06759970817760029,0.06565436933052088,0.06888056545648123,0.06851640638275801,0.0681944299640616,0.06792490976888467,0.06820874414866798,0.06759615616838677,0.06797419336928878,0.06678016573964092,0.06704660195452229,0.06776222159925925,0.06671856756480721,0.0722566659007767,0.06737851580035846,0.06788468497984627,0.06396504663656122,0.06702607263105427,0.06807162201905687,0.0678601365830913,0.06791605268310377,0.06619625179455266,0.06778644737739908,0.06207832903299795,0.0672603579594162,0.07108954125354801,0.06473699150386164,0.06784275583908492,0.06848880574288779,0.06739277591428736,0.06696597440256417,0.06951594208306021,0.06702339872427997,0.06736530153036889,0.06703923143743079,0.06800856930257364,0.06836802903734358,0.0671583763480525,0.06720218956236669,0.0670544352929279,0.06745216504541621,0.0677716551326672,0.06778908835811868,0.06782306553542737,0.0685040190782598,0.06809161426202587,0.06705025666057797,0.06774021012211681,0.0679286198322466,0.05008241233092161,0.06777564264041289,0.06876272225341852,0.06329963661921967,0.06768381936732513,0.06773475736782537,0.06790979556458687,0.06907007937436091,0.06792122121436199,0.0678787316209482,0.06948821603844595,0.06977776703746275,0.06576944009157093,0.06916432897754402,0.06765806666746635,0.06372009921482476,0.06306795844715773,0.0679202127733692,0.06834928274931198,0.0664334902400512,0.06743274359385144,0.06788403632502871,0.06831203796215822,0.06669074906069743,0.06764762125367121,0.06738045918066046,0.05228448876102348,0.06788672444124536,0.1152367668730421,0.07363520399529525,0.06822830083978054,0.06849336661044035
23,0.07883708869832537,0.06351098129755375,0.07863605018656751,0.07682025450712437,0.08031588252894213,0.08021040871146551,0.07971016417297183,0.07909895392432535,0.07926511854822241,0.07881898272501915,0.07914044553696621,0.07835234243185699,0.07823393267791157,0.07890063531334396,0.07747556463274793,0.08135061291890287,0.0786377501622308,0.07901356283745073,0.07349121987619092,0.07835320329978683,0.07917988910307086,0.0790130590620289,0.07920953446785446,0.0757703083726688,0.07898887326222237,0.0736767621921922,0.07809344261487298,0.08152600388535644,0.07729679936468833,0.0789183250991534,0.08015513690353819,0.07852418184338293,0.07794595892738614,0.08107486338196969,0.0782448621987695,0.07822877361590462,0.078190074544237,0.07948190039893398,0.07954692154762301,0.07816619546209733,0.07865287381106632,0.07817592952020724,0.07859318245353333,0.07898131933299811,0.0789905698629613,0.07895220308298917,0.07903745473855477,0.08012708147931807,0.07826824070844723,0.07900961122953981,0.07910684475784861,0.044229085970188695,0.07932526080897243,0.0806646495911876,0.07549002120291809,0.07882896579174858,0.07891572035188239,0.07907036785667028,0.07891994965693512,0.07936100402344781,0.07910786510058491,0.0804588051918163,0.08145950764385723,0.07907544858310564,0.08060083782513773,0.07895035451763358,0.08034944875721645,0.07493024536638376,0.07906388766945499,0.0789500468283136,0.07790405841025122,0.07895712802762606,0.07903600458330061,0.07932921453638289,0.07774032037807996,0.07855404989159921,0.07841174740066376,0.06282962512415692,0.07902675750987039,0.12830520842776677,0.08408157751699222,0.07910929655246406,0.07981546125030367
24,0.07883708869832544,0.06351098129755296,0.07863605018656607,0.07682025450712292,0.0803158825289428,0.08021040871146798,0.07971016417297062,0.07909895392432488,0.07926511854822162,0.07881898272501978,0.07914044553696695,0.07835234243185979,0.07823393267791345,0.07890063531334589,0.07747556463274805,0.08135061291890404,0.07863775016223151,0.07901356283745088,0.07349121987619343,0.07835320329978897,0.07917988910307006,0.0790130590620291,0.07920953446785342,0.07577030837266824,0.07898887326222089,0.07367676219218924,0.07809344261487239,0.08152600388535625,0.07729679936469099,0.07891832509915334,0.08015513690353601,0.07852418184338546,0.07794595892738536,0.08107486338196887,0.0782448621987715,0.07822877361590616,0.07819007454423609,0.07948190039893727,0.07954692154762494,0.07816619546209862,0.07865287381106842,0.07817592952020565,0.07859318245353417,0.0789813193329986,0.07899056986296334,0.07895220308298789,0.07903745473855418,0.08012708147931681,0.07826824070844758,0.0790096112295379,0.0791068447578446,0.0442290859701879,0.07932526080896997,0.0806646495911878,0.07549002120291859,0.07882896579174897,0.07891572035188048,0.07907036785667038,0.078919949656936,0.07936100402344677,0.07910786510058392,0.08045880519181538,0.08145950764385813,0.07907544858310676,0.08060083782513654,0.07895035451763471,0.08034944875721496,0.07493024536638399,0.07906388766945392,0.07895004682831139,0.07790405841025115,0.0789571280276276,0.07903600458330029,0.07932921453638224,0.07774032037808286,0.07855404989160077,0.07841174740066519,0.06282962512415906,0.0790267575098691,0.12830520842776602,0.08408157751699412,0.07910929655246168,0.07981546125030196
25,0.06778420264829715,0.05468336003658945,0.06759970817760139,0.06565436933052005,0.06888056545648011,0.06851640638275863,0.06819442996406257,0.06792490976888463,0.06820874414866787,0.06759615616838706,0.06797419336928935,0.06678016573964095,0.06704660195452265,0.06776222159925759,0.0667185675648071,0.07225666590077673,0.06737851580035761,0.06788468497984608,0.06396504663656172,0.06702607263105428,0.06807162201905809,0.06786013658309066,0.06791605268310412,0.06619625179455339,0.06778644737739858,0.062078329032998196,0.06726035795941647,0.07108954125354768,0.06473699150386238,0.06784275583908479,0.06848880574288808,0.06739277591428718,0.06696597440256398,0.06951594208306057,0.06702339872427907,0.06736530153036886,0.06703923143743092,0.0680085693025741,0.06836802903734412,0.06715837634805227,0.06720218956236591,0.0670544352929281,0.06745216504541446,0.06777165513266614,0.06778908835811802,0.0678230655354275,0.06850401907825945,0.06809161426202519,0.06705025666057798,0.06774021012211735,0.06792861983224556,0.050082412330919555,0.06777564264041254,0.06876272225341876,0.06329963661922045,0.0676838193673264,0.06773475736782605,0.06790979556458823,0.06907007937436065,0.06792122121436282,0.06787873162094725,0.0694882160384462,0.06977776703746305,0.06576944009157272,0.06916432897754313,0.0676580666674649,0.06372009921482598,0.06306795844715768,0.06792021277336976,0.06834928274931013,0.06643349024004933,0.06743274359385297,0.06788403632502975,0.06831203796215822,0.06669074906069693,0.06764762125367073,0.06738045918066146,0.052284488761023616,0.06788672444124513,0.11523676687304242,0.07363520399529637,0.06822830083978072,0.06849336661044032
26,0.07519340287709572,0.03416627183896437,0.07501794308812709,0.0739958500911946,0.07571796381900349,0.07552515663916487,0.07479401776563413,0.07510916892091339,0.07545882730891867,0.07486944421847169,0.07528001467526008,0.07419132889073603,0.07444832077820461,0.07505361111693007,0.07419187526451705,0.07781376298210334,0.07478134994868463,0.07514766134408085,0.07361420374333162,0.07429904650064204,0.07536346036298334,0.0751071197641276,0.07500144116796602,0.07520383520289743,0.07501382641224273,0.07088073769327302,0.07528899630161948,0.07810428801909325,0.07259414727262946,0.07510744394253584,0.07560128137422892,0.07475149250239238,0.07457943263369536,0.0762444469186897,0.07441756833008081,0.0749870710137637,0.07476370963160069,0.07548488398607568,0.07572745904273274,0.07479159682572126,0.07441953505903351,0.07457046582135582,0.0748256324818922,0.07502577279207659,0.07507951942002679,0.07510638194357938,0.07593142490244417,0.07477806984039916,0.07447044877537116,0.07509542268076465,0.07514305460391751,0.07153962260806711,0.07513210076062048,0.07603652731648045,0.07067339691852308,0.07504542990683928,0.07499486640793693,0.07516410640274918,0.07669882200488748,0.07503865360790028,0.07513229425002504,0.07613396043963123,0.07586183822585574,0.07353963296064167,0.0760460848187511,0.07484154110562603,0.06926177196144763,0.07163246677356087,0.07518106585106354,0.07569639300797888,0.07392165989685842,0.07468430790392946,0.07514912282915122,0.07557999551194693,0.07439917430529239,0.07514849843079409,0.07494344711661731,0.06833986476919426,0.07513227135581443,0.10631857250235503,0.07950649742832742,0.07553446219619434,0.07558766965456441
27,0.09204375397843909,0.016413098377812615,0.09197120185011884,0.09196104035917192,0.09234402114291822,0.09197056238723594,0.0917309921450216,0.09196366496023031,0.09217022590300443,0.09183654618626438,0.09209407152406351,0.09137976364992514,0.09148160667600279,0.09190611416854459,0.09151565637359212,0.09250886371712645,0.09156781533196129,0.09192784002316297,0.09188902738668941,0.09136726997878987,0.09217776599666705,0.09194368378241452,0.0918625449956151,0.09293971050583143,0.09186707129551924,0.08921145710906354,0.09265308574146873,0.09440771954676513,0.09060106716063575,0.09192035128633715,0.09248527494715603,0.09157773855379915,0.09167349838030005,0.09329152129130834,0.09147316725093634,0.09205283186004402,0.09200959230844098,0.09224009374263,0.09249593703096626,0.09181299982761237,0.09138367443231105,0.09170091139283357,0.09184886337691903,0.09186443198862973,0.09197963526034275,0.09192455641438048,0.0924608497645876,0.09157645337201253,0.09154121075839516,0.09211406964601498,0.09194577890604844,0.08995949957594224,0.09192315528265672,0.0929177247936941,0.08876962838732178,0.0919706058955602,0.09183044396826173,0.09201462038670308,0.09273569661414748,0.09189407663279135,0.09195728960412533,0.0927076214651151,0.09230548977557063,0.09150942421609928,0.09246609459340338,0.09169456511410393,0.08743479637475322,0.08975127704248005,0.0919903007978971,0.0923887304619677,0.09190642239572859,0.09174469482290719,0.09198958620245655,0.09223066393695546,0.09161360124091159,0.09207347965195808,0.09208781136362276,0.091076523272285,0.09195040130384298,0.10590389792079108,0.09548383915720346,0.09235624331074993,0.09228203500174856
28,0.10016646685858362,0.00684813324655151,0.10012873633522303,0.10025230435851423,0.10029272850680179,0.10008241031902351,0.09987403086896307,0.10011066241789848,0.10022994726580807,0.10002759918130927,0.10020129349811671,0.09978788812953283,0.09972889340813508,0.10005246523616054,0.09986341006682811,0.09989034692916465,0.09941981195987105,0.10001339191200595,0.10080267944930577,0.09977565990195914,0.10025687705221539,0.10003675935476983,0.10008835533361578,0.10113217497229476,0.1000326482902151,0.09838187957813926,0.10073879424027972,0.10205696517410663,0.09950956889947211,0.10007735536549339,0.10073467823935388,0.09979335474914872,0.09991523503237489,0.10129900458733827,0.0997421410466681,0.10024249207607584,0.10018332822880179,0.10002261438642732,0.10053736562075531,0.10009170910972269,0.09952175190344044,0.09994020413488494,0.1001487656765577,0.10003196904387475,0.10014543886578928,0.10004699474372536,0.10025408596075841,0.09977688726787813,0.09966779980656718,0.10033845217144133,0.10006168807394944,0.09885757322365529,0.09990479776515318,0.10079286209406348,0.09944606767446991,0.1001371219209877,0.10002410343918386,0.100172502826496,0.10018090333971662,0.10001510506837025,0.10007900154673433,0.10076650324298408,0.1004576586701376,0.10040967598159568,0.10036925992343117,0.09978447066564462,0.09752159230831718,0.09883772216777771,0.10008113013323566,0.10058569036113703,0.10096095770028467,0.10000590601902885,0.10012304052360371,0.10027423749106798,0.10006871702281202,0.10019435074457106,0.10031502132898114,0.10063886297258881,0.100082730633703,0.10435639664036613,0.10192315870615673,0.10048202044860188,0.10029307422965845
29,0.09903504871031416,0.005631269303771808,0.09896343603991033,0.09886650880537898,0.09907068277423442,0.09900261944431366,0.09883372088699134,0.09893104831784061,0.09906920009628925,0.09887365462631352,0.09904463943243291,0.0988254871596367,0.09863382267055351,0.09892635739374876,0.09885343555527099,0.0980846624843746,0.09789765433651192,0.09885596745284572,0.09988533996165329,0.09859772821813234,0.09908124340839466,0.09889520969214233,0.09898989658283114,0.09976546010239148,0.09893065137492872,0.09741499436102967,0.09946247624647568,0.1004228126945985,0.09911100259754602,0.09897173583289873,0.09953805527143801,0.09898821818822667,0.09878812400626409,0.09965816310773709,0.09864996715540285,0.09900728853607116,0.09904842803413785,0.09870710538610714,0.09930515667612794,0.09907927384510536,0.09827897162213825,0.09898234539725699,0.0990677469188787,0.09892970653878792,0.09901904882416829,0.09891757954107479,0.09883398246333674,0.09875632764086936,0.09846206844605475,0.09912824554071155,0.09892962134127803,0.09769244965878375,0.09883204673773249,0.09942933689186033,0.10013800414003982,0.09903555438179443,0.0989352303607974,0.09904394800457568,0.09857810897005237,0.09883541986207146,0.09892507485542143,0.09934207112468525,0.0995635802534056,0.09992231175398972,0.09911054429550782,0.09862377347200786,0.09767035089296909,0.09851799984540413,0.0989310650890652,0.09939279239618198,0.09959448191482748,0.09886424129832062,0.09897723548588133,0.09913021877783343,0.09899005267761528,0.09901491115807216,0.09914223599638856,0.10262755100743148,0.09894991106387087,0.09966148421426961,0.09959780691500628,0.09935547312451261,0.09907680588422671
30,0.09891404138994414,0.005712817900543897,0.09882650383924037,0.09863317937388182,0.09896358411113301,0.09916775218525842,0.09880377036269913,0.09878134151408108,0.09894979934857809,0.0987355986827763,0.09892709378293203,0.09872133274314636,0.09856992204525111,0.09879413712511086,0.09885777086411404,0.0981682200734517,0.09739648339936349,0.09873305865550877,0.0995670181327313,0.09835772088355371,0.09893604699613966,0.09876748365203537,0.09887794469063166,0.09916459105301091,0.09883718337567518,0.09742336388803653,0.09926699335713389,0.1001173370662494,0.09934463661637831,0.09884917473179973,0.09929551051888051,0.09902496535968125,0.0987215390632,0.09912209847906861,0.09863794687155467,0.09885380830521089,0.09889153963228552,0.09869247411820212,0.09906601612226393,0.09906052909542075,0.09810022137734553,0.09901378267336369,0.09896363588047925,0.09880905209505364,0.09887581192930134,0.09880763873287453,0.0985673087789149,0.09879999928597541,0.09852590961503715,0.09894195868050717,0.0988210949366009,0.09947053014818337,0.09885687623502414,0.09908930481727124,0.10006211345784102,0.09897733052164301,0.0987831955526319,0.0989217956765247,0.09825819063679395,0.09868840313685523,0.09878662583280176,0.09903809167340558,0.09974744864437231,0.10044292353320687,0.09893166631174069,0.09849800562785692,0.09827184783378662,0.09807725624333807,0.09884379019198818,0.09916561088304592,0.09923961405119686,0.09866250304131242,0.09883178183138934,0.09898950905963719,0.0987203460478047,0.09883762184395874,0.09896521412070934,0.10262540767178907,0.09882026782849618,0.09742072044133354,0.09967151460025503,0.09930166568183821,0.09890829530631728
31,0.0988053130415247,0.0056767247257092915,0.0986910054780378,0.09860644381176477,0.09887426136294636,0.09921256020188164,0.0988963621146161,0.09873412337912077,0.09883820953918529,0.0986426233383,0.09883020351163194,0.09875027281860628,0.09856517652229996,0.09867040134035257,0.0987008069488617,0.097686681303494,0.09698098722156585,0.09864325468200266,0.09918794450929694,0.09815441543028404,0.09881290682589756,0.09862688754549712,0.0987514039199365,0.09855486504128286,0.09870816636312713,0.09744667023026798,0.09907222874996069,0.09985816645177228,0.09931991491389248,0.09872745391855349,0.09905132922799767,0.09874711002848328,0.09871910017149467,0.09899993632592022,0.09865868195677319,0.09872433736141548,0.0988190591335184,0.09890069505233998,0.09889433628836564,0.09901436321441771,0.09792124147213817,0.09886348996808239,0.09886008352653616,0.0986951017251959,0.09876186440860553,0.09871049735188718,0.09850775360016012,0.09877545513833992,0.09852955835424318,0.09881454196913277,0.0987142739067439,0.10012342260469811,0.09876239228370098,0.09907047035808002,0.09963365612828717,0.09887519825612462,0.09866190509737924,0.09881673440812727,0.09817770467444777,0.09858994469233152,0.09865971555779365,0.0989289254725227,0.09965149984909129,0.10025728577138683,0.0988156872903331,0.09836656951173102,0.09900549476950783,0.0980567451838195,0.09878555692073336,0.09895571035518722,0.09960159986992902,0.09854623516847805,0.0987070293743908,0.09885818941744705,0.09859781848396225,0.09865681704590769,0.09882829222218073,0.10143317892138146,0.09870464971360947,0.09652321613023362,0.10048905207250243,0.09915815785014974,0.09870429325181758
32,0.09879045008110025,0.006538096991781507,0.09867263559822688,0.09861281173849658,0.0989029082378011,0.09920963564883822,0.09922016576775824,0.0987847638097744,0.09881066747846104,0.09854394206885088,0.09880776045371682,0.09879310322912263,0.0986243062873939,0.09867964752030545,0.09854611019246111,0.0966013996376496,0.09675689728341953,0.09861078681919162,0.09907629204692847,0.0981180738489063,0.09878863413413431,0.0985795786561216,0.09877182287809354,0.0985739695197262,0.09867502035614226,0.09736358347108767,0.09912134571905554,0.09969482143692904,0.09958160749872494,0.09869702607791667,0.09895480682224396,0.09862419688810964,0.09872251108334905,0.09926965238784093,0.09874775044114169,0.09886984683301624,0.09888412117813718,0.09910853055089931,0.09887931857370681,0.09895977819143695,0.09799492055442223,0.0988678530992944,0.09893912778810493,0.09867784207259138,0.09875539763940765,0.0986705407079955,0.09859441109407018,0.09880621602502722,0.09855552327812922,0.09886699771010656,0.09870128034749183,0.09853100317114448,0.09877426271499476,0.09908532481939623,0.099379400452598,0.09881472792083719,0.0986515767084036,0.09878868974042088,0.09828236317491248,0.09860484412428941,0.09865037462708041,0.09889997180352765,0.0993914709672836,0.09988875109171996,0.09879037869381538,0.0983889969811524,0.09949940597773217,0.09824893104192692,0.09878203856781116,0.09881959907210545,0.09986553089459979,0.0985731189960759,0.09867939370637506,0.0988407356097571,0.09849222516068318,0.09861726880119807,0.09881104376253265,0.10292176052543273,0.09868181464968181,0.09674285290897293,0.10026877484971965,0.09901723957429785,0.09857264479688507
33,0.09209873573013898,0.00802543787011906,0.09196277003223817,0.09183552214448722,0.09217528769572933,0.09235242008488082,0.09265704738716256,0.0920609454575708,0.09205443446605256,0.09178235069527432,0.09207104997296942,0.09218435749050728,0.09195374277277533,0.09199810149999339,0.09153227130400363,0.09109543766634909,0.08973979986886227,0.09184506935231426,0.09214493664439409,0.09130997535904524,0.0920543179166248,0.09178218967559781,0.09207450145645747,0.09213638099193457,0.09199736612603042,0.0905026826151566,0.09241572778985455,0.09288251565783212,0.09286458109813105,0.09198800394143979,0.0922179607198093,0.09183382056718417,0.0919800202443919,0.0924777189267461,0.09205403083560922,0.09219425284785376,0.09198567571080699,0.09230269630230249,0.0921336872542787,0.09222718626015007,0.09143048068473064,0.09224471117771532,0.09226889704757177,0.09194775148515516,0.09204600997357437,0.09191481019986163,0.09186917823360562,0.09216457208815802,0.09183018648704526,0.09217959262251159,0.09199207114600898,0.09048561001660188,0.09192434418731327,0.09218460034944427,0.09271660588502774,0.09207490597873869,0.09195301883290448,0.09203795877454823,0.09149273212096318,0.09191478587818476,0.09197796863832691,0.09204229515939734,0.0922775779565083,0.09270769280689943,0.09202851142072876,0.09166455983214704,0.0921768869610963,0.09152653153673604,0.09207626619082598,0.09192942961877325,0.0927635083172368,0.09184213871561132,0.09195179912025257,0.09211526081455329,0.09155022861679643,0.0918833810651551,0.0920290395117143,0.09811419590017365,0.09196828325075933,0.09526762928014304,0.09267164393622108,0.09216336249460301,0.09173574299413303
34,0.08466246605326748,0.011088197594638449,0.08450934558172692,0.08416784190495688,0.08466474419562117,0.08467934900625969,0.0850348424968721,0.08456794372945374,0.08453927568936692,0.08458383733768404,0.08458668832477786,0.08486123147258848,0.08456637068563194,0.0845107866890065,0.08375769390115143,0.08571300218875232,0.08223255344666511,0.08447002599929074,0.08435698008284273,0.08365626303201976,0.08455698102328725,0.08420781378646906,0.0845644923178361,0.08474273166964756,0.08452747129773833,0.0823500661512728,0.08483506304069868,0.0852742827579659,0.08551046165110547,0.08454570004540359,0.08475872623449772,0.08427524703636871,0.08456569376281113,0.08489730372763588,0.08455328484837468,0.08454170763967848,0.0842045096381788,0.08465698444842823,0.08461525538136996,0.08473905578177571,0.08405225067673308,0.08474994799458095,0.0847760971296548,0.08447417438343591,0.08459098822281158,0.08443166336635367,0.08431238800719126,0.0847357924523552,0.0843593292481069,0.08467109173566245,0.08451686095246871,0.08371936187697192,0.08418052205234561,0.08459382385297168,0.08516578732704928,0.08459118842903239,0.08452579239323263,0.0845247340851136,0.0841439714232001,0.08454733983700417,0.08451286657010484,0.08447545492192025,0.0844589275030269,0.0849903784593822,0.08457695310254948,0.0840700706776661,0.08412871626135232,0.08429327853608834,0.0846215289674383,0.08430572211002649,0.08507027182702452,0.08431939690707513,0.08446169792261272,0.08460632300512105,0.0842292779764493,0.08439444993740179,0.08453047409136086,0.09134083242634126,0.08448646405994141,0.09232367759763033,0.08472552563492185,0.08458659324227862,0.08410615512546385
35,0.0840693830472635,0.011181735343784357,0.08388948734534853,0.0835372891448186,0.08410178758691128,0.08401390719596356,0.08412499801546516,0.08393253661924717,0.08388196166671667,0.08419462218550561,0.08398289558319771,0.08438120385223927,0.08398140685165073,0.08390245016735144,0.08318629859338551,0.08580240164448587,0.08187803802477908,0.0839149276204587,0.08394746780608268,0.08319287857018298,0.08393414010656729,0.08357061110739225,0.08387618230995271,0.08412194761089896,0.08390124642870156,0.08006128130281875,0.08411020056205717,0.08447277509279401,0.08520255429412575,0.08394541366921199,0.08414944191546782,0.08367850871101296,0.084051222653343,0.08419409508516865,0.08392051696576074,0.0838124481034582,0.08352267085142538,0.08391232130432393,0.08397436206464898,0.0840948983552955,0.08343011728688612,0.0841605339832231,0.08417103539115914,0.0838784027129191,0.08398084636371056,0.08382206813255035,0.08372976678617378,0.08425851000807502,0.08383753245323947,0.08397666852755345,0.08388895027693759,0.08504219562567074,0.08344618231017557,0.08406015464848778,0.0843072426437695,0.08393666198665083,0.08393736113004296,0.08389321243900734,0.08378924260168036,0.08407097679358781,0.08384196077433004,0.08390066439870696,0.08368993366239334,0.0844293655561983,0.08406771600746947,0.08344305536622042,0.08409956715950935,0.08391653394535974,0.08401773084829718,0.0836727323525056,0.08436477229033172,0.08367828341366083,0.08383759220637048,0.08395529415231417,0.08408885960892967,0.08379799708282291,0.0839686497146144,0.0902203172362414,0.0838491985248395,0.09156114999845452,0.08400137397317985,0.0839064187015198,0.08333980078435689
36,0.08576999162486072,0.009998973681496548,0.08556219071443219,0.08538831337424489,0.08584458130312142,0.08571430629408511,0.0858328224856808,0.08561088471370491,0.08555928792155164,0.08593406162882043,0.08570061859532405,0.08622196278187698,0.08568628513414554,0.08563779564879836,0.08474555517039441,0.08707138535908464,0.08471175578263097,0.08566164073868346,0.0857517510943226,0.0856343537287905,0.08561336183572864,0.08525051343219836,0.08553410566048056,0.08589744372231685,0.0856219725576422,0.08067976311041318,0.08559224980859279,0.08592021837736072,0.0866154092933219,0.08559849564805781,0.08583567279242366,0.08549647374756829,0.08568403838818962,0.08584047798124553,0.08559360070478692,0.08536235445294774,0.08523333300344056,0.08558329865301274,0.08563125878764125,0.08572719064428659,0.08517716275567187,0.08587847773866482,0.0857944305436278,0.08558003929882833,0.08566573019337842,0.08549283986569547,0.08557651563743028,0.08611333000061511,0.08570853652917966,0.0856162586981257,0.08554601825158352,0.08870392018160428,0.08513981396778471,0.08599723321326416,0.08573997879852464,0.08555454123352267,0.08561396177378827,0.08560380680973256,0.0856951008319218,0.08576526220680344,0.08549384442658928,0.08546827143672271,0.08550094728274463,0.08619070180255105,0.08580455928047817,0.08540821155961456,0.08655236961326951,0.08577055918903748,0.08568778699574302,0.0853433064533092,0.08590057465502529,0.08535480081239114,0.08551980283870916,0.08560873823939302,0.08596035911823066,0.08551014024768142,0.0857158198566613,0.0907324200165562,0.08552442814783193,0.09145872249856228,0.0855298359456868,0.0855830609796199,0.08520631661621325
37,0.0863425031543772,0.007971180940834459,0.08614624846988143,0.08611040494120947,0.08641461046757698,0.08636218948302973,0.0865828486592235,0.08615356366514736,0.08611898229011293,0.08648715102957771,0.08626223599482542,0.08689892742786318,0.08624160564415603,0.08613775795238347,0.08528544247809171,0.0868472204247714,0.08625530362786979,0.08636769224529653,0.08626893801193537,0.08626453568479037,0.08616447602589185,0.08575744740257255,0.0860951246901737,0.08672097114159022,0.08619810585764935,0.0834064610020823,0.08594034295658685,0.08655726447542753,0.08670723434737386,0.08612271517978211,0.08637726197982429,0.08617130609191691,0.0861305903587601,0.08634684757699346,0.08616977339401133,0.08594582047590922,0.08581128442441804,0.0861214614303221,0.08614409205443137,0.08623577201267414,0.08586988339731158,0.08634743665106716,0.08625061787122168,0.08610843257597132,0.08620399720567405,0.08601819722840393,0.08630722713903886,0.08665833225836723,0.08628101578175572,0.08613502286039404,0.0860750983499294,0.09087619940982034,0.08575937413594244,0.08671207048882015,0.08606389933818251,0.08603895075739489,0.0861481005747859,0.08615961208331667,0.08643798493213534,0.08626161465754278,0.08605722300275849,0.08592657887228247,0.08623921881345778,0.08689701958683975,0.08629323206653831,0.08614079573903417,0.08733854012326356,0.08627499220546576,0.0862147250476517,0.08588418342525196,0.08636644372438143,0.08590541748657926,0.08608155649110459,0.08612823860603186,0.0863374838504493,0.08605016640593688,0.08632949792837463,0.08982285118821437,0.08607383808304746,0.09026302030161451,0.08585495209181927,0.08617706281162071,0.08604263857962655
38,0.08698240621824996,0.007740538818174673,0.08681401420167595,0.08679476574284614,0.08701543340955277,0.08693909759772928,0.08746121947773308,0.0867618685085333,0.08673610064116993,0.08712304441322224,0.08684909317910262,0.08758462519621714,0.08686177388207272,0.08665554822037035,0.085966271880679,0.08778878121943243,0.08672209849671311,0.08693184556290096,0.08707449953096379,0.08664518469949917,0.08675408878725833,0.08629402067897639,0.08674742853680516,0.08747820950968963,0.08680118138543215,0.08587012043936731,0.08645677822138462,0.0874596337867236,0.0868608784395929,0.08672999249118271,0.08691093133897003,0.08682688509943522,0.08666503826465327,0.08701511538570833,0.08673409721191307,0.08685162778622864,0.08670941463696377,0.08682607136997691,0.08674983467287524,0.08680975646106694,0.08641052237500002,0.08686334184430868,0.08683202693842619,0.08669839056380896,0.08679529814563253,0.08660577650685729,0.08697258541881926,0.08718797604642319,0.0869256453807824,0.08673723711218444,0.08668965766956371,0.09294496104247867,0.08629037740362343,0.08751390582454949,0.08680767021353714,0.0866101444732453,0.08675746933957834,0.08671041231857766,0.08716602031267359,0.08682313657514217,0.08668756202558496,0.08669926825265238,0.08708616585018704,0.0876777767154065,0.08681231619914347,0.08683465187257684,0.08809404481738657,0.08671643522100239,0.08680303849495881,0.08651723240776049,0.08695755968613951,0.086541501379936,0.08670470835142474,0.08671722315303479,0.08678227430535959,0.0866883948656793,0.08693462617897507,0.08898405251705149,0.08665054844455942,0.09014063502624985,0.08634264390238235,0.08679356743861295,0.08678975070235151
39,0.08991896590372211,0.007454025151647821,0.08977052013362057,0.0898179289087006,0.08987868611475631,0.08979199429255978,0.090604659010563,0.0896374209239903,0.08964882067164898,0.08995781543813544,0.08971245148089665,0.09051646568511924,0.08977381649481388,0.08949553541313524,0.08926720156263374,0.09113695279109756,0.08936761079519533,0.08979016339042704,0.09032512028720328,0.08936182914812169,0.08963170241780757,0.08908645156543986,0.08969351278899476,0.09045123566100415,0.08968210345154162,0.09074589807295634,0.08936679604960746,0.09014664448760415,0.08955360229478067,0.08964416672236229,0.08974327311490059,0.08974732536324162,0.0895655152755346,0.09001282173490059,0.08960566387371117,0.089725446082902,0.09005802963292237,0.08976150720020867,0.08966926792177025,0.08971111448398857,0.08940121364956584,0.08968713675928504,0.08970558095348928,0.08958721102921173,0.08968638002297881,0.08947821160393012,0.08984957310181892,0.09001284377832362,0.08988625056777783,0.08978759332970032,0.0896106562077403,0.09586875928713251,0.08922826390065956,0.09063341010405448,0.08974079513778012,0.08948460260553043,0.08965103048347825,0.08956507154234047,0.09045075585296278,0.08971097030902261,0.08964376130769083,0.08997790248281685,0.09002131285986538,0.09067162148781892,0.08972526421981657,0.0898647007158815,0.09090139450328404,0.08948555733388583,0.08966057712169716,0.08940831293058556,0.08976068701976335,0.08943767304557025,0.08960410672281086,0.08957827471629473,0.08989344508893295,0.08967845450301046,0.08985171936519237,0.09098157489625247,0.08952314260154018,0.09254501292843256,0.0892584910673856,0.08968561850599584,0.08979425181138663
40,0.09484493685946736,0.007566141573917916,0.09462961710450812,0.09480181851468092,0.0946860817239269,0.09472655153139964,0.09563754050325939,0.09447492886969701,0.09450125461788604,0.09475060333395215,0.09454418796794223,0.09542090763812848,0.09472464824592479,0.09440178919066512,0.09464553296675897,0.09587931436209893,0.094367127567353,0.09458114638305136,0.09528209111888217,0.0948852879486829,0.0944858840456492,0.09398215909621306,0.09454915653156128,0.09552813783564167,0.09454559923144708,0.09818912418344836,0.09430701218632057,0.09472384938064743,0.09435741059740346,0.09453241321769741,0.09456669600459788,0.09473022044485797,0.09450968791747717,0.0949056466844022,0.09441583008244205,0.09452847329972527,0.09524007972564255,0.09467086062595932,0.09451698118109728,0.09458222157450162,0.09448491507894086,0.09453690280468094,0.09452321335703187,0.09445407673275868,0.09453439088395742,0.0942912932120366,0.09470614025476672,0.09485100479875626,0.09476859022145698,0.09487667523454617,0.09449278186069966,0.10033466339640945,0.0942471105140567,0.09553611297571835,0.09472411161642538,0.09442077437462307,0.09451379511153449,0.09439724239386355,0.09568239008071275,0.09456900188474292,0.09455139644764016,0.09530987299386343,0.09475145106087925,0.09562170199586924,0.09469444357680881,0.09479335074313038,0.09567425201700716,0.09455544186727667,0.09448163477896497,0.09441800265987196,0.09459084514137386,0.09446787218639809,0.0944712046727668,0.09439115989864541,0.0948318596613781,0.09460384360455741,0.09476883320587565,0.09509261153389331,0.09438408098237255,0.09680078838996493,0.09419426336525234,0.09460742145462873,0.09463049315518791
41,0.1040146010112424,0.009106999230292984,0.10364175462074786,0.10398339543295608,0.1037461889581731,0.10393533934501188,0.10508032392238945,0.10354425670205102,0.10353804930733092,0.10377726732107531,0.10361893658549665,0.1047325487354157,0.1038242590182343,0.10348708882451314,0.10370536270041851,0.10482850896720519,0.10390762263022775,0.10355022395306081,0.10437182574680295,0.10466638699652792,0.10352421482778872,0.10316967292155745,0.1036410100208297,0.10470820079007191,0.10362677897232131,0.10910944188002648,0.10352231693504489,0.10375747315895761,0.1040188543072913,0.10359954010799553,0.10361380293145947,0.10380094361466335,0.10366488837417068,0.10389599527334377,0.1034711498951791,0.10367594877209631,0.10442613402634475,0.1037589449160301,0.10360571290005378,0.10362215837592345,0.10385051722873981,0.10372402918630129,0.10359110022778667,0.10352833112492425,0.10358550814465274,0.10328217198716205,0.10380432514842361,0.10388965205030834,0.10391069966365823,0.10397265110061289,0.10354586713539742,0.11032579272484629,0.10340642564323457,0.104482117094033,0.10427517329956146,0.10362798845184791,0.10357386123279508,0.10346125127454235,0.10490256726461152,0.10363262537075224,0.10363560976040394,0.10455206581675361,0.10379313349592811,0.10470023985635356,0.10384018764151716,0.10390715203566304,0.1045510637019274,0.10392120954018158,0.10350468566231177,0.103602628083294,0.10380037020434912,0.10392499402756342,0.10351406420954541,0.1034049542991696,0.10376304133478043,0.10367041037119121,0.10385757830683501,0.10438428631038828,0.10343345197661717,0.10577202804392001,0.10351373601435264,0.10376245790368807,0.10384815519091861
42,0.12816003487132346,0.010093121219932704,0.12763441623478386,0.12840486585364969,0.1277804668633866,0.1281999878923474,0.1294416316920001,0.1275737400506031,0.1275214027127864,0.12763505198320385,0.12760371579967522,0.1289327483131009,0.1277918655237462,0.12746678234756947,0.12809604107352665,0.1292181839027388,0.12859127890632535,0.1274952896980583,0.12871493379018004,0.12886451743163474,0.12745365395868438,0.12722383744476037,0.12763759165808225,0.1288419353668471,0.12757111896239653,0.13242133756674357,0.12770730917216147,0.12795423694110025,0.12887486346387783,0.12757758753585635,0.12765060100502842,0.1278038962312087,0.12778417440443882,0.12786167584974223,0.12763869882841314,0.1279027668947131,0.1284950914842901,0.12778378151168873,0.12767891745812382,0.1275375171990733,0.12825084665679767,0.12782669785462597,0.12757743744604774,0.12747707217449578,0.12755610418074553,0.12721050045551954,0.12794215789219915,0.12790171762557967,0.1279752787211863,0.127922300734162,0.1274973669313558,0.135599933605395,0.12777304480039797,0.12850824601954036,0.12874702222678305,0.12771403497286815,0.1275634727482445,0.12745625053200735,0.12926619065959352,0.12763582740194984,0.1275939041412882,0.12860385927244058,0.12803402949397405,0.1287240392543827,0.12791003897691058,0.12789289368644785,0.12983642010475202,0.12825883582345027,0.12748220574951,0.12767418140917577,0.12804687985484264,0.12808398419789005,0.12749678095449407,0.12737492206193254,0.12787410984434264,0.1277126855961466,0.12788385458597598,0.12893230812090997,0.12737570042843563,0.13008162468810883,0.1283794280821648,0.12779616987308184,0.1281449517305016
43,0.17756085309370973,0.012087102342188743,0.17683480985385955,0.17783834148724256,0.17703245699708786,0.17760986081429705,0.17885693036879433,0.17671950425024593,0.17663631988086198,0.17670156070955761,0.17664320037821535,0.17824012789770458,0.17692727978954192,0.17665489521500533,0.17777395334527163,0.179644893919513,0.17886375762248222,0.17666644814541602,0.17852306375955465,0.17777163310178573,0.17649718234111425,0.17662500068281303,0.17679222535484568,0.17806443728893412,0.17663845056586613,0.18147570895130907,0.17730358996524187,0.17745343674386163,0.17849747648063083,0.17667964410016324,0.17692155782254604,0.17700581200324397,0.17710181375604198,0.17713429840091374,0.17705298980932913,0.1772062704201848,0.17782527413074414,0.17718434484354967,0.17688026107311117,0.17660904387889115,0.1780225441421499,0.17700174743638294,0.17670733837697392,0.1765466277636799,0.17664137388676904,0.17653142736448058,0.17727231899090864,0.17703471351972588,0.1772719584333329,0.17707832648382485,0.17660027520720964,0.18571480630941395,0.1781595798526797,0.17790620780957453,0.17825196045038552,0.17694934665567208,0.17672657469975228,0.176566088373693,0.17900837097449535,0.17681865821784842,0.1767157500776548,0.1777886280563576,0.17781046318693158,0.1781007029823423,0.1771287133756162,0.1771276536360468,0.1807844951208552,0.17820592772627356,0.176620933103118,0.17710403415643305,0.17742739832888293,0.17741000633381296,0.1766100335536383,0.17650591862000553,0.1776208088546775,0.1769905508732915,0.1771025014738492,0.1799086861240823,0.17648293516948424,0.18010910750758677,0.17872435843463785,0.17693459909687487,0.17751679369930803
44,0.284489860775995,0.01931696475787885,0.2833005601380124,0.2845805589818975,0.28355029034710866,0.28449066771680737,0.2859933908771944,0.28311454866004265,0.28300195738264233,0.2832048202259943,0.2829607512150147,0.28475348733728667,0.28344493796990344,0.28315620251676205,0.28520529509216747,0.28851380325046233,0.2872227390325668,0.2831963139160762,0.28587734975565454,0.28402270857760104,0.28285979457999516,0.2838285338312978,0.28328312364987784,0.28460928600615776,0.283035303499151,0.29184212175981655,0.2844380865395229,0.284582181852019,0.2853224759555307,0.28301160481077486,0.2836359192877851,0.2835897386168802,0.28371434510222193,0.2838409250634431,0.28386822902036324,0.28369677484298556,0.2845130626264049,0.28427000386325557,0.2833019303398478,0.28305635821334696,0.28524609467616713,0.28347683793256856,0.28310204562786556,0.2830253762815513,0.28296549762908607,0.2833057130183305,0.2840114330548454,0.2834977705074241,0.2840231022668699,0.28352678752457267,0.2830196219580347,0.2963263490461586,0.2859455276386999,0.2848406674646295,0.2852202153788899,0.28352439282078556,0.28319286089302176,0.28294799973156076,0.28586512218636545,0.2832456240990692,0.2831747130267275,0.28454491403249843,0.28503464750430224,0.28475062172821103,0.2836487204700193,0.28384238296599856,0.2886211576130846,0.28626249487783323,0.2831305442014692,0.2840810599251435,0.2841308763625181,0.2839884523488501,0.2829743875498578,0.28294783193537343,0.2847763868432871,0.2836776115442541,0.28358222596001625,0.29120529460572675,0.2830096117648109,0.2881128342948375,0.2865706822982114,0.2833633318941694,0.2840487169180223
45,0.56626753986296,0.029512071374022914,0.5644922683730028,0.5664345217858108,0.5646903537874871,0.5663015297061021,0.5682282872616503,0.5640429085518174,0.5640745424816235,0.564503530811743,0.5640062741116866,0.5657820251454809,0.5647428735151712,0.5643478067368228,0.5682530332852188,0.573832235987663,0.5704913835317477,0.5642522406464769,0.5682924226490692,0.5652568971230967,0.563988759415184,0.5661079916938584,0.5644412236642081,0.566265415344753,0.5640734283839903,0.5763163245547652,0.5663583229502193,0.5669155117213396,0.5669799680087448,0.5640547855278648,0.5650247542016767,0.5650670743150065,0.5650256976511498,0.5651578108541125,0.5654317206548336,0.5651808863427231,0.5657252245767698,0.5664650312422227,0.5644154837630906,0.5642338942105777,0.5673431273259029,0.5646304535908101,0.5642228459518257,0.5643268800484581,0.5638845210336805,0.564716037928385,0.5656449086365598,0.5647025550799197,0.5654518817146242,0.5645964300544127,0.5640206231275587,0.5840522742389652,0.5683146505558769,0.566730564182835,0.5673534212475958,0.5647615102003808,0.5643163399453648,0.5640754409901687,0.5674403455437188,0.5643349033937726,0.5643173194941538,0.5662477386684347,0.5670080217751314,0.5662561104086531,0.5648946763220838,0.5655071157252257,0.571308124417841,0.569489868898554,0.5643410964405557,0.5659866361530532,0.565517422955128,0.5651476555879803,0.5640756801253187,0.5641367897079204,0.5666757211073398,0.5651416379463041,0.5646887509129046,0.5787076331879578,0.5643562224977573,0.5707916655554816,0.5694132978249812,0.5644156219519428,0.5650717618754791
46,1.171632851380683,0.027777891002553144,1.1700195825573567,1.1720039486508926,1.1699650623710953,1.1717430930460024,1.1735459193152478,1.1693918895660365,1.169563599377892,1.1698849891661278,1.1695999398474586,1.1706840509540954,1.1702518717606762,1.1698601869860648,1.1738068979635468,1.1795502797363784,1.1752217829586085,1.1695446231609432,1.1734010221054236,1.170563752562982,1.1696326104828723,1.1718128364763247,1.1698411474012398,1.1716674888023915,1.1693645623294204,1.180618371741913,1.1718686479533378,1.1725881136082636,1.172171267195788,1.169542749923447,1.1703512042488255,1.1706726027282623,1.1704339941955864,1.1704896860035272,1.1708583074433425,1.170827733048848,1.1709282911691359,1.1721912181899015,1.1698215123451872,1.16975676662189,1.172638407320346,1.16998064788839,1.1698717364310411,1.1700367356065464,1.1692467502662012,1.1703589492296649,1.1712056130575166,1.170206312517393,1.170819880462645,1.1698888061137716,1.169514741294475,1.1876016726040393,1.1735251179955237,1.1720018306895799,1.17263241935984,1.1702182202120106,1.1698039083882956,1.1697364971246165,1.1724082699193012,1.1698018610176102,1.1698046756775076,1.1715803807801828,1.1724130828942882,1.1715904122387322,1.1701355275673835,1.1711542534859536,1.1761373016463372,1.1745095666711303,1.1697599901346007,1.17159433533686,1.1708410283102675,1.1705413219379623,1.1695868194061447,1.169819555328275,1.1720441468762544,1.1706368897671682,1.1699604462294166,1.184426634009376,1.1698938842996847,1.1755474638041226,1.174658688830092,1.1698808011938673,1.1702037739145776
47,NaN,0.0,NaN,NaN,NaN,NaN,NaN,NaN,NaN,NaN,NaN,NaN,NaN,NaN,NaN,NaN,NaN,NaN,NaN,NaN,NaN,NaN,NaN,NaN,NaN,NaN,NaN,NaN,NaN,NaN,NaN,NaN,NaN,NaN,NaN,NaN,NaN,NaN,NaN,NaN,NaN,NaN,NaN,NaN,NaN,NaN,NaN,NaN,NaN,NaN,NaN,NaN,NaN,NaN,NaN,NaN,NaN,NaN,NaN,NaN,NaN,NaN,NaN,NaN,NaN,NaN,NaN,NaN,NaN,NaN,NaN,NaN,NaN,NaN,NaN,NaN,NaN,NaN,NaN,NaN,NaN,NaN,NaN
