t,mean,err,jk_0,jk_1,jk_2,jk_3,jk_4,jk_5,jk_6,jk_7,jk_8,jk_9,jk_10,jk_11,jk_12,jk_13,jk_14,jk_15,jk_16,jk_17,jk_18,jk_19,jk_20,jk_21,jk_22,jk_23,jk_24,jk_25,jk_26,jk_27,jk_28,jk_29,jk_30,jk_31,jk_32,jk_33,jk_34,jk_35,jk_36,jk_37,jk_38,jk_39,jk_40,jk_41,jk_42,jk_43,jk_44,jk_45,jk_46,jk_47,jk_48,jk_49,jk_50,jk_51,jk_52,jk_53,jk_54,jk_55,jk_56,jk_57,jk_58,jk_59,jk_60,jk_61,jk_62,jk_63,jk_64,jk_65,jk_66,jk_67,jk_68,jk_69,jk_70,jk_71,jk_72,jk_73,jk_74,jk_75,jk_76,jk_77,jk_78,jk_79,jk_80,jk_81,jk_82,jk_83,jk_84,jk_85,jk_86,jk_87,jk_88,jk_89,jk_90,jk_91,jk_92,jk_93,jk_94,jk_95,jk_96,jk_97,jk_98,jk_99
0,0.3841161837530978,0.00009369992250254946,0.3841018306995983,0.384117691466008,0.38413579939718273,0.3841225955090742,0.3841130346697263,0.3841195844438456,0.3841223129279962,0.384120824557076,0.38412868030930014,0.3841043108805931,0.38411973824230017,0.38411111993620767,0.38413018736066024,0.38412337703234684,0.3841242922458691,0.38411748890038433,0.3841136211940232,0.38410020413317497,0.3841264696777633,0.38412877725985095,0.384121252101741,0.3841236968941374,0.3841227845652884,0.38411651334663616,0.38412284853191153,0.3841357599755068,0.38410996470074116,0.38411734647306783,0.38410342892696686,0.38410651056012807,0.38411205301143925,0.38411166529269575,0.3841215163537387,0.3841135502417976,0.38410411561588276,0.38411850014145,0.3841132678673123,0.384128153389658,0.3841072641528147,0.3841209439312869,0.384115478766633,0.3841194879995165,0.3841179402204366,0.3841003673622813,0.3841141435143357,0.38410961864485904,0.38411545691516585,0.38412398929665403,0.3841069956152849,0.38410698758541917,0.3841218208788743,0.38412843893519993,0.38410720249685354,0.38411033548115225,0.3841367516853991,0.38412351917479215,0.3841237123292949,0.38413211427001703,0.3841255942138233,0.3841197324393274,0.3841052155986457,0.38410715541607315,0.38412037851127545,0.38409566734625483,0.38412758397557795,0.3840950207614743,0.38411392227807506,0.3841074363222184,0.384113209792703,0.38411271498283783,0.38412395352406786,0.38412630012846477,0.38412161334218536,0.38412527859261736,0.38411182848945347,0.3841265792372217,0.3841062574479445,0.3840994531201356,0.3841140005536447,0.3841151477969705,0.3841158044830163,0.3841274227332851,0.38411544173423007,0.38410492376925937,0.38411755058214114,0.3841223719679469,0.3841194568209074,0.384117370372703,0.38410956081207726,0.3841114434499173,0.3841254874308688,0.38411536613753433,0.3841178180722539,0.38409842198291483,0.38411536592282297,0.3841136871316959,0.38411205576798685,0.38412487315341814,0.38410464176848946,0.38408782925597373
1,1.6749139097572348,0.00027080359724090687,1.674886435668431,1.6749270555651885,1.674936652397259,1.6749147266578372,1.6749148444254995,1.6749405207992567,1.6749414671334322,1.6749567705370996,1.6749213463832464,1.6748326891519874,1.6749157854763521,1.6749404156704137,1.6749362357523983,1.6749114347371614,1.6748602842930607,1.6749316673896861,1.6749135660358367,1.674888438596048,1.6749148863746435,1.6749358757966282,1.6748647153587224,1.6749038365114903,1.674937095054089,1.674916758508299,1.6749351975501643,1.6749911987415251,1.6749043830200085,1.6749339669984598,1.6748709756842566,1.674848784994596,1.6749156271346917,1.6749451855200987,1.6748993584680336,1.6748978402658512,1.6748745294173568,1.6749174853774733,1.6749012262579386,1.6749240624854345,1.6748931168804326,1.6749029699459401,1.6748684314358249,1.6749306930696348,1.6748922659624232,1.6748361005344037,1.6748772657047213,1.674897575508414,1.6749324883219256,1.6749271205877245,1.6749066417721827,1.674919754047758,1.6748961767144634,1.6749287292241866,1.6749288502335031,1.6749145120759992,1.674960087990964,1.6748998841473202,1.67494445068839,1.6749408517730613,1.674931748885106,1.6748645022899944,1.674891668817378,1.6749292123624415,1.6749240822581046,1.674911554466593,1.6749105315117414,1.6748956642203945,1.6749292412572543,1.6749392241783547,1.6749523640774222,1.6749004397131328,1.674949758146911,1.6748948156497725,1.6749271372509227,1.6749452092409023,1.6749441131992384,1.6749411451072738,1.6749157616702797,1.6749251105507807,1.674911011270693,1.67489862349956,1.6749156651164718,1.6749335551802185,1.6749031307270763,1.6748896461817895,1.6748774460931515,1.6749294941906212,1.6749342284112145,1.6749403493486639,1.674910459868085,1.674902444663998,1.6749371921311087,1.6748965736312909,1.674881496038122,1.674899898655706,1.674883459883657,1.6749376905298532,1.6749339588597967,1.6749095093238238,1.674952594953218,1.6748879695021255
2,1.2386570303811333,0.0005833099894101134,1.2386089398250753,1.2386891663436173,1.2386806225879945,1.2386667467589247,1.2386820992277374,1.2387063193038124,1.2387113923692474,1.2387330239715393,1.2386963421400525,1.2385153187329236,1.2387202316441648,1.2387457612076833,1.2386650928590277,1.238598181189585,1.2385577896131887,1.238698365626135,1.2386517642380344,1.238592523270523,1.238604038778402,1.2386673648757227,1.2385361531637182,1.2386182921186566,1.2387120416725141,1.2386714324545691,1.238689543612456,1.2387705794969837,1.238640038449291,1.2387145307383771,1.2386212935157621,1.2385245871489408,1.2386863802489425,1.238697696965473,1.2386309815093814,1.2385999351777959,1.238606326583574,1.2386639230841423,1.2386487965161448,1.2387212637790264,1.2385757085438638,1.238658306916444,1.2385705011335013,1.2387012873150707,1.2385888981690505,1.2384595196709627,1.2384970499020682,1.2386285760716083,1.2386608695787336,1.238676296488478,1.2386131764930117,1.2386464948069935,1.2385908164803623,1.2386791203315908,1.2386441374274426,1.2386483413513802,1.2387306645353278,1.2387070403936633,1.238708969493739,1.2386867066900789,1.2386845079074367,1.23858782202749,1.238627382684657,1.2387053659244665,1.238644400263227,1.2386602072212585,1.2386713784841663,1.2386511480912321,1.23868311242905,1.2386767196367956,1.238727237382516,1.2386566130915333,1.2387042400513515,1.2385762490537426,1.2386516146301172,1.2386888114550927,1.2387064171947204,1.238751641481483,1.2386654206015029,1.238729543720935,1.2386458449565325,1.2387035942716806,1.238608503087221,1.2387379305466646,1.2386242736503454,1.238639812839985,1.2385841003672309,1.2387143611492568,1.2387079251833168,1.23871794932747,1.2387184896519308,1.2386290202308834,1.238716485946454,1.2386316672764286,1.2385656820827624,1.2386654334477465,1.238594881042826,1.2386940879624584,1.2387131239374158,1.2386780264199249,1.2387076474720589,1.2386370013374723
3,0.9079647855932292,0.0008489767936211236,0.9079213398464322,0.9080068409290456,0.907984840385831,0.9080032354930543,0.9080132092657649,0.9080584726498386,0.9080353218345181,0.9079985743764695,0.9079738804831704,0.9077673558657754,0.9081062859793813,0.9080801615568337,0.9079378313372775,0.9078637740058655,0.9078542846510178,0.90798835015896,0.9080016980275533,0.90788702214635,0.9078239231452029,0.9080292520099605,0.9078631698137296,0.9079385235889532,0.9080589763019692,0.9079531737742882,0.9080465455187341,0.9081045254431712,0.9079915800837985,0.9080520112179984,0.9079285661946019,0.9078094667913982,0.9080191793903081,0.9079679224717467,0.907961613636731,0.9079207083549153,0.9079243240913906,0.9079961995720699,0.9079478954660147,0.9080406282754357,0.9078428059632887,0.9079621870152169,0.907870676683207,0.9080197638788635,0.907873661181608,0.9076575571005939,0.9077284822613504,0.9079259924741883,0.9079341426133931,0.9079854828731161,0.9079678712949264,0.907948249514206,0.9078579813529977,0.9079358667349715,0.9079117407106063,0.9079042297307954,0.9080852756334948,0.9081158946603276,0.9080314184990392,0.9079835114820405,0.9079548906232859,0.9078876571702559,0.9079427970596267,0.9079969446892554,0.9078980834926543,0.9079923696160507,0.9079748229471104,0.9079700981452491,0.9079796288358986,0.9079450908793412,0.9080467620373921,0.9079498597847943,0.9080320433546951,0.9078067401095252,0.9079332878550829,0.9080116090716486,0.9080285598202907,0.9080364605601519,0.9079877196987215,0.9080615593908674,0.9079191674283281,0.9080050999272637,0.9078957546750953,0.9080850987509598,0.9079028887328642,0.9079922311329652,0.9078161634427349,0.9080245433919045,0.9080615354260234,0.9080809651570254,0.9081012812490846,0.9079833412248309,0.9080419213847326,0.9079697228600538,0.9077965149870872,0.908037240606244,0.9078932433128625,0.9080185357892706,0.9080180667821738,0.9080763734983469,0.9080077388159452,0.9079106898114299
4,0.7001673357558224,0.0010884658492405614,0.7001449586005015,0.7001722345372452,0.7001601648134894,0.7002029755529869,0.7002592046229668,0.7002954761762088,0.7002117326469395,0.7001676429807264,0.7001105165348865,0.6999389097628133,0.7003434781151845,0.7002729443586967,0.700117427148713,0.7000336760186915,0.7000354945421576,0.7001483209608457,0.7002875078036971,0.7000848523362944,0.7000108720333825,0.7002843696743729,0.7001432432368078,0.7002139545146361,0.7003221681909715,0.7001514560502805,0.7003259641748729,0.7002794106853131,0.7001951609815844,0.7002476348332836,0.7001529295699331,0.6999866427812684,0.7002526983572063,0.7001554905243591,0.7001614611986594,0.7001450853246464,0.7001096668966875,0.7002479058758249,0.7001637995486176,0.7001950708935274,0.700027211352017,0.700166029980179,0.7000850279573413,0.700246915460108,0.7000533376093322,0.6997368709938573,0.699932604016308,0.700139405595066,0.7000898067532614,0.7001780212805792,0.7001954432985029,0.7001686228616268,0.7000815265808858,0.7001802699795316,0.7001399845219859,0.7001243547591309,0.7003733773338787,0.7003573615034339,0.7002611902577205,0.7001649118445186,0.7001385692830128,0.7000922004912068,0.7001595382230773,0.7001626426719788,0.7000649029381626,0.7002526931285552,0.7001373118568335,0.700174386191798,0.7001484575452612,0.7000997028368335,0.7002181814239724,0.7000990656225646,0.700258666734162,0.6998940982902763,0.7001007853642744,0.7002176050165717,0.7002334061136755,0.7001854266172277,0.7001849952641725,0.7002365768995299,0.7001577707091295,0.7001498110108371,0.7000874621477514,0.700252629100344,0.7000702539737101,0.7002455543055541,0.6999364610444319,0.7002602182113763,0.7002684817009197,0.7003289649859449,0.7003478452928236,0.7002676955755655,0.7001981229644699,0.7002289860380251,0.6998843079387586,0.7002976456815054,0.7001127458093722,0.7002355671504257,0.7002141547467752,0.7003296919289642,0.7002601369477405,0.7001050790061175
5,0.5766506893475308,0.001273882244427584,0.5766756684429506,0.5766458014097128,0.5765741771248234,0.576633771844315,0.5767191227491597,0.5768286527043112,0.5766714088629508,0.5765962751136635,0.5766170313540039,0.5763766741156763,0.5768138207497175,0.5767610518867494,0.5766383638206377,0.5764580711993936,0.5764705521820243,0.5766188273179925,0.5768064515467525,0.5765799521892591,0.5765010945853131,0.5767723394789417,0.5766473502517766,0.5767443284875723,0.5768227949094501,0.5766338981266668,0.5768823928256989,0.5767340610007808,0.5766962497177973,0.5767613088767802,0.5765935579524422,0.5764412531757405,0.5767685803924241,0.5766030632592891,0.576643109188943,0.57663701973036,0.5766346152720125,0.5766913894215923,0.5766543739263575,0.5766716819279818,0.5765289423899598,0.5766818228528118,0.5765621023411357,0.5767713232777287,0.576535391478861,0.5761496929305071,0.5764097805238648,0.5766409848856417,0.5765497490739007,0.5766461679416315,0.5766982003991098,0.5767002746242197,0.5766126894429475,0.5767327722646771,0.5766501117145921,0.5766652178737073,0.5769071838731408,0.576831263769158,0.5768056118726068,0.576642646650307,0.5766176897817362,0.576588523988293,0.5766630507711966,0.5766193620579034,0.5765576060932516,0.5768091047421108,0.5766014460236152,0.5767238793638801,0.5766130320808126,0.5765504712225404,0.5766804049360593,0.5765031437848646,0.5767216169662602,0.576339287781949,0.5765525373781061,0.5766862522710118,0.5766799617032621,0.5766197712120744,0.5766658140605474,0.576708632771349,0.5767429168982048,0.5765160739066044,0.5765877495058326,0.5766534658419575,0.5765457037278554,0.5767058176791033,0.5763820633401331,0.5768023934308418,0.5767411808883594,0.5768553477794274,0.5768260790534397,0.5768334335180356,0.5766317296098914,0.5767224360279777,0.5762971693600082,0.5767391775191294,0.5766485885823959,0.576710434242454,0.5766828692504844,0.5768298988557216,0.5767925681596054,0.5765781812822867
6,0.5009481765840139,0.0014435018847470619,0.5009805900676031,0.5009207686938271,0.5008042650494959,0.5008854552659165,0.5009616617972943,0.5011533199426332,0.5009815753043463,0.500829208367868,0.5009787587700623,0.5006670897816251,0.501134716963694,0.501057433366107,0.5009511987072649,0.500750800114356,0.5007369174176649,0.5010207827437674,0.5011093318812532,0.5009031116760982,0.5007733777461413,0.501087224495259,0.5010034546174121,0.5011170201602225,0.5011195948717296,0.500940233608235,0.5012672768544385,0.5010047412000581,0.5010289270533212,0.50111918187207,0.5008407383390314,0.5006632789096277,0.5010528574109994,0.5008200770763517,0.5009083507733719,0.5009490063195257,0.5010138503234948,0.5009554712838565,0.5010048886105571,0.5009279200911757,0.5008705382212465,0.5009668021422494,0.500788125923382,0.5011168719076989,0.5008189899475546,0.5004448886923377,0.500646220099341,0.501010806632831,0.500835773043594,0.5010008995983704,0.5009880333240739,0.5009709268110069,0.5009467893029856,0.5010893096900574,0.500951096639403,0.5009838938630495,0.5011849597980229,0.5010645559583665,0.5011520388300464,0.5008978740271316,0.5009302998402525,0.5008382532571785,0.5009801088248396,0.5009316698618343,0.5008285654256828,0.5011699007579455,0.5009018867100501,0.5011262751869294,0.5009088364794059,0.5008709215485105,0.5009873093471363,0.5006910015206657,0.500969085248659,0.5007129078652546,0.5008801268056606,0.5009460202616759,0.5009592194960341,0.5008335640956053,0.5010127738542525,0.5010089555253183,0.5011164839642211,0.5006471627395288,0.5008947186309173,0.5009360424052273,0.5008402753887554,0.5009577531724944,0.5006784884652808,0.5011319654126627,0.5010360595238779,0.5012033685830459,0.5011118958940763,0.5011382553851529,0.5009194968166066,0.5010066090811431,0.5006244925824622,0.5009225571834014,0.5009725018403367,0.5009461878085268,0.500971757410365,0.5011317638777197,0.5011069119137557,0.5008813764284308
7,0.45215425885390614,0.001722010568301871,0.45219079508419874,0.45208870245539423,0.45194265289377733,0.4520483333324113,0.45219249636576336,0.45234551801981027,0.4521964880894727,0.45202135992271614,0.4522078092250622,0.451802721605009,0.4524290920790228,0.45223266366176706,0.4521601719786403,0.4518073071704509,0.45194524996067886,0.45236794374111283,0.4523312571051408,0.4521283157309538,0.45197844043577107,0.4523354141062623,0.4522653254909728,0.45233708378090526,0.45238639552662285,0.4521439580893733,0.4525293700002808,0.4522004674976647,0.4522625473538891,0.45233016456917324,0.45201782120238176,0.45184031379910383,0.452210502838317,0.45196030844637547,0.45207839367343833,0.4521426356536148,0.45230434086068266,0.45221707856665677,0.45219873173891817,0.45208268109950644,0.4520854286946579,0.45219283823327716,0.4519467068588686,0.45235891306390963,0.45207524152940687,0.4516398994977892,0.45174781253656643,0.45231755587150324,0.4520308508948319,0.45229655274302594,0.4521784498710217,0.45215202365888385,0.4521431089162548,0.45232696960919877,0.4521331412445953,0.45215815410696825,0.45233798962680616,0.4522187900301178,0.45243316627042235,0.45193378876717955,0.4521595933821566,0.45194761250709714,0.4522302291672177,0.45216583861001963,0.45191513094058694,0.45240430578952406,0.452081317750614,0.45238171936793004,0.4521366601892213,0.45206352952614093,0.4521551982278342,0.4518870359996446,0.4520771995847404,0.4520207304110491,0.45217525562235744,0.452145736429715,0.45215579473194406,0.45196314554541417,0.4523188074501641,0.45227543986023055,0.45231813183013914,0.4517475987143119,0.45209206264133855,0.4521610405261633,0.4520162793931928,0.4522062784879729,0.45193103156789866,0.45235045400599344,0.45226933305739303,0.45243555552872944,0.45232435469903765,0.45239011759886105,0.4521533896362108,0.45225816900658294,0.45182505231698894,0.45204885465971684,0.452236856872566,0.45212584095261066,0.4521554738079502,0.4523453429318754,0.45231473977838205,0.4520914111065197
8,0.4189302862896561,0.0021223334948538334,0.4189561330281281,0.41889422047445046,0.418695982900799,0.41875048347180954,0.4190013691457172,0.41919050615780623,0.4189421225850126,0.4187923440985255,0.4190330954353641,0.41844134590730386,0.4192214419625154,0.4189803304163792,0.41887318168617205,0.41841426643089624,0.41868467431226536,0.41928985752498793,0.41916509857929274,0.41893971341027564,0.4187536629512946,0.4192255597691736,0.4189764051288826,0.41900555413008217,0.41922803642709644,0.41888146545794336,0.4193577322068435,0.4189383786562084,0.41907430227156534,0.4191283790302548,0.418752689693049,0.4187032461538332,0.4189643247774204,0.4186887449542789,0.41876048565282925,0.4189846696943606,0.4191953748471239,0.41901955802265506,0.4188344347815266,0.4188214521685663,0.4188868347536797,0.419005312318895,0.41875147535381985,0.41920265868521084,0.41885942334908466,0.4182381861638828,0.41836082116651635,0.4191104467440355,0.4188018904154306,0.41915643987407125,0.4188616669001295,0.4189306538641819,0.4189087766030731,0.41903296533548295,0.418914877060378,0.41890291712149597,0.4190786219268557,0.41902228550280757,0.41924948877057305,0.4185647953932542,0.41895552998702107,0.41868698584847197,0.4190469303799006,0.4189559433044108,0.4185588999358624,0.419168025896241,0.4188724470781551,0.4191305208129742,0.41903205395524934,0.41874875906495285,0.41890241529171046,0.4186723154145305,0.4187557453074237,0.4188747858205797,0.4190310474852783,0.4190382163126441,0.4189093547076924,0.4187017409526963,0.41920219607041515,0.4191039884913392,0.41915415491515967,0.41865922842549286,0.4187732529064698,0.41895677376997315,0.4187077377559757,0.4190957924909144,0.418730934894108,0.4191728339118316,0.41902044390666005,0.4190916201903105,0.4191508830444769,0.41919656108275793,0.4189659042125204,0.4191111631616695,0.41860807508123643,0.41872338924933283,0.4191539187075639,0.4188997843432937,0.4188622826583673,0.4191837799185928,0.41918151245332935,0.418879538162482
9,0.39483545029401784,0.0025221572201211207,0.39486046150597714,0.3947790475159051,0.3947300341714524,0.39455406211084376,0.3948429435205501,0.3951971428246841,0.39475339284452526,0.3947263648831493,0.39498127322643334,0.394378771814897,0.3950095260137462,0.3948472541304542,0.39473376622290157,0.39418734377020137,0.39449074727462025,0.39520875393065147,0.39512340708713684,0.3949534166614294,0.3945773675870245,0.3951685731759786,0.39483387350124166,0.3949198847575968,0.39513315593049064,0.39469982161053613,0.3952290300921175,0.39480125518068754,0.39503062107094994,0.39500758413243,0.3947088475858812,0.39465214362181844,0.3948235316548985,0.3945216697021972,0.39459460155915516,0.395009348136645,0.39524283769693935,0.39499781549183693,0.39449925084004317,0.3946293199470467,0.39479876428838856,0.3949480362165283,0.3946361075985117,0.3951388282631498,0.39474279239928095,0.393934901550395,0.3943234148482683,0.39508788792429445,0.3946625171414505,0.39512454162806143,0.39461111373297625,0.39478812201960806,0.3949407853907511,0.3948003617461005,0.3947932243017765,0.39483173127703314,0.3948756122643565,0.3950636855335214,0.3950690513684978,0.39446253097598133,0.3948539639060727,0.39451985974392995,0.39488331582760405,0.39496863700090035,0.39441163276101837,0.395027643741537,0.39484728780810047,0.39503685067065747,0.3951455509934964,0.3945293296965434,0.3948854008872788,0.3946213481550802,0.39475739530163084,0.3947762284086873,0.3949456768919596,0.3950262159651686,0.39468722524965527,0.39461467540287126,0.39518690090484265,0.39502591856968977,0.39527399069314567,0.39471115925447453,0.39451388675575283,0.39484620340587107,0.3945275779223379,0.3950685488318495,0.3946037564989806,0.39511566886625965,0.39483910741555117,0.39482515743659446,0.3950334474077737,0.3951448770752165,0.39496176072180256,0.39511212296139686,0.3945868196504981,0.39465579914495674,0.3953375061071255,0.3948842178507641,0.3946132775744712,0.3951009943359249,0.3951847373339143,0.3947811010163836
10,0.37727139654933617,0.003168660405826505,0.3774327837434467,0.3771666227318703,0.37744991889158125,0.37682313786268257,0.37710385267558666,0.3776471686355622,0.37713600901407274,0.3772939280715902,0.3774228405355432,0.37689136681313135,0.3774411048959609,0.37731199681582167,0.37717115895370845,0.3763990681326187,0.37683734230920457,0.37764767792500004,0.3775148597211002,0.377379699916555,0.3768408497049738,0.3776003524610918,0.3771600391848191,0.3776327070114535,0.37753642065066495,0.3771196002334579,0.37750346605934043,0.3772621817587233,0.37747329144169695,0.37751707237831333,0.377232283291811,0.37685100194784316,0.37732692387160693,0.37685097874276724,0.37714729365049243,0.37757722696664386,0.3779234745619889,0.3774886443689269,0.3767135503779003,0.37674253241345507,0.37717117933425326,0.3773680678219663,0.37699453764666685,0.377429531604231,0.37717793641851655,0.37649135478728846,0.376601802250438,0.3777572405218668,0.3772184452681776,0.377538346400255,0.3770228764858682,0.37708970939168124,0.3778977524701268,0.3771508124910478,0.3771426928581232,0.3774006899853267,0.37718053242051397,0.37751940928120475,0.3773261597030672,0.37678932901844686,0.3772016311150682,0.37704323482234997,0.377155148657398,0.37763005297192204,0.3766738709006439,0.37724692316601305,0.3774492680639306,0.3774134362097407,0.37771797637620697,0.3768480154662739,0.3774167338572517,0.3770968851928484,0.3773166075221033,0.37706084819745006,0.3772701172850769,0.37747748085064076,0.37704701121725215,0.3771585537085721,0.37766584423223193,0.3774375339732851,0.3780120049511431,0.37719517685448434,0.37690351318206206,0.3773165143163353,0.37707101632492174,0.37738510110681966,0.37705286892559303,0.37746661280607907,0.377178781281195,0.37731901943369983,0.3774005603423669,0.3776259874374874,0.37740671358412237,0.3777836759798347,0.37688388167260145,0.3772172947268623,0.37805343538934333,0.37740106036796234,0.3769125022174225,0.3775437262347104,0.37763852927781894,0.3772056698524172
11,0.36238889781743644,0.0040378971749069304,0.3626674771936205,0.36241420336203967,0.3627186942931764,0.361813809114084,0.3619950612311813,0.3626249097378669,0.36221914607183786,0.3625974930800509,0.3623541901643819,0.3619244382986537,0.36264867316836874,0.3624624812186681,0.36220064492626347,0.3615891833657796,0.36174043574787335,0.36265440967449936,0.3627907951388146,0.36240580273071277,0.3618372804955666,0.36273025307370144,0.3620057296225835,0.36289147365383845,0.36252285047662886,0.3624131742641018,0.36250725058547534,0.3624833704904677,0.3627022178063541,0.36273424323806214,0.36221238622913193,0.36161684369756625,0.3624519002163006,0.3619390357774776,0.3624975413918652,0.3628266083930346,0.36317829066308044,0.3624337656548857,0.36172652293672314,0.36146182538279714,0.36226862210230204,0.3625122466691586,0.36207805963843515,0.36246164815149673,0.36242447854857035,0.3618450464464712,0.3616573262480268,0.3629039671047975,0.3627083577606613,0.36282683604694876,0.36221628843375503,0.3622228339460553,0.363876141014289,0.3622499168018479,0.36223436501127065,0.3626257932404167,0.3623574564660225,0.3627361696031445,0.36228832408452255,0.3618026601353911,0.3622689062502497,0.3624237312638481,0.362323658824901,0.3628890776746785,0.36155840082876417,0.3620627043584184,0.3628176094954724,0.3625101473928114,0.3629075645896892,0.36179419973234167,0.36264322838714236,0.36221039922721254,0.3623984409148486,0.3620250731138106,0.3621651414449401,0.3624851997882212,0.3621626127704687,0.3622732525520246,0.362821218416526,0.3623995846732222,0.36344576423910885,0.3623545395802496,0.36210392829028176,0.36239177340904366,0.3623711157659046,0.3621657064759596,0.36233766728249817,0.36239506765145063,0.3621668729992018,0.36241055161146307,0.36249182657755596,0.3626957134601872,0.36241498153464075,0.3630593855071381,0.36185458673488724,0.3624977540103094,0.3632370795467794,0.36237541602460843,0.3619599346073647,0.3626297418882059,0.3627072240818178,0.3623920487443075
12,0.349055763919551,0.005060126680643482,0.34946964897045757,0.34920229339502207,0.3494494724786382,0.34839550374780237,0.34847123587103956,0.34914152766517037,0.34884806416843067,0.3493017329582032,0.3489491555629021,0.34836581526043675,0.34912405782930994,0.3491636474614956,0.3486006545716704,0.348558709730943,0.3482154218773295,0.34945136322894305,0.34964571223789465,0.3491598186540797,0.34884313967754527,0.34957508999917897,0.3482866353154902,0.3495933354820825,0.3489166674475399,0.34922975112423066,0.3491992767402688,0.3490153133466364,0.3495112440020099,0.3493926824912632,0.34876250371496303,0.34821044472421747,0.3488574865865701,0.3486717992892919,0.34951515753264323,0.3495090317086452,0.3499828491905778,0.3489583680685036,0.3484713055624153,0.34778558363642453,0.348912939528952,0.34929016363923227,0.3485629614117721,0.349286439262005,0.349158950595335,0.3483309424067386,0.3487529725681472,0.34917014083556785,0.34969676129027427,0.3496641580561745,0.3489437865678167,0.3492419814813856,0.3514337307442249,0.34861763635364107,0.3490158646527497,0.34930375218069853,0.3490365163971995,0.34975736675011193,0.3489978584508336,0.348445169024609,0.3491669099690964,0.34891099427921723,0.3492697759972792,0.3493815318310951,0.34813034200685283,0.3486524534645761,0.3497423195673453,0.3491027613852371,0.3498913635068122,0.34841642615843504,0.3492917251891548,0.34871067197486805,0.34923018292984076,0.34879493911028947,0.34859212714489546,0.3488361151311157,0.3487592911573544,0.34887181550662705,0.3496346505299553,0.34882105458786883,0.3503268760615316,0.34918116523606124,0.3488622742065831,0.34886765390299496,0.34915389557877274,0.3485730508734019,0.34934387183001697,0.34886813760803476,0.3485621894454384,0.3488549642058012,0.34901605512963135,0.34911924254495186,0.3491697511999955,0.34965192669535483,0.3484748116416953,0.3491602464559138,0.3498154951541697,0.3488404048661314,0.3484511010511496,0.3492091619447,0.3493633628650886,0.34908170852203374
13,0.3391885666852644,0.0062519996572025695,0.3394557367189486,0.3393600239711903,0.33943386505137063,0.33843571177392845,0.33829221085156275,0.3390218679104945,0.3390277131863704,0.33944359267349206,0.3392764299754489,0.33815531096532786,0.339137462298584,0.33942344618021714,0.3385048142237292,0.3394176014884736,0.33842328788622905,0.34017705714311197,0.34034924244425563,0.33946241132243554,0.3392105796647293,0.3400762102459753,0.3384463324476215,0.3397295461004841,0.3389214665286857,0.33953565679177194,0.33938846675023115,0.3389331720921942,0.339666159198948,0.33965020082834957,0.3389272232176864,0.3383363003883331,0.33869366288895536,0.3388391580912562,0.33993247075847655,0.33975890700389794,0.34037043623288077,0.3388516088245522,0.3388850863874066,0.3377678701161686,0.3386886902586459,0.3395962933816611,0.33829131702223214,0.33962314946873184,0.3393970780190404,0.3384242134353159,0.3391417951559587,0.33865058557889094,0.3400815902022439,0.3395990111186605,0.33897312977673916,0.3397367182882726,0.3416675814248622,0.3379638269127372,0.33928828893416374,0.33939063087216104,0.3391726753149779,0.3399287377978244,0.3391795668897399,0.3387721011329315,0.3393458265665231,0.3386372494807273,0.3398377311062002,0.3389940545072845,0.3382338320775769,0.33892789435593257,0.3401482571344031,0.33942156108666754,0.34020684693469877,0.3386742808725016,0.33943074099633674,0.3386403730936969,0.3396737215525937,0.33877331035888486,0.3385102823977451,0.33883865888110815,0.3388252890711048,0.33894512185750086,0.33971086670054973,0.33897628989132766,0.34055832990741,0.3394177106359398,0.3389939999207975,0.33910423364095293,0.33966801262045465,0.33828717626749816,0.3397896274539212,0.33874006559943437,0.33846159898196465,0.3385886694754707,0.33888505571605493,0.33906004432769726,0.33957575508006765,0.33968809207441725,0.33861959648091006,0.3390644522809004,0.3400441543032222,0.3390721332209113,0.33822774196082345,0.3394534230925424,0.3395215521176174,0.3389977728345115
14,0.3289335088814972,0.007976663786695344,0.3292008307197888,0.3291007428306483,0.32918717732432845,0.3280540774130228,0.3282196970278136,0.32854022413954087,0.32895396487766954,0.32914308780346424,0.32906819957881556,0.32748231134672956,0.32873438622782514,0.3291352895666195,0.3281245101932738,0.3302904268419528,0.3280154222000795,0.3309765882806901,0.33064111991552103,0.3295926114881318,0.32892945280750696,0.3297764087339132,0.3285838073437379,0.3294194166405947,0.3284446784696896,0.32932019756249875,0.3290317121461977,0.3287165195413077,0.3296303683206968,0.32955016580306856,0.3288221490467828,0.3273603335073534,0.3282187194079521,0.3285128105364284,0.32983748951481184,0.32951030035958884,0.3309627717801982,0.3280373569277032,0.3294290746422491,0.3275547809475626,0.32788480317382085,0.3296057745350091,0.32776073727967553,0.32928598398851866,0.32932998337586256,0.3281289260312106,0.3280883414089631,0.3283262045638062,0.3299439375451192,0.32939033509459875,0.3286884770999235,0.3293934096645784,0.33112073832134004,0.32651345975691237,0.32916812438120113,0.3292172841546803,0.32920308030850454,0.32939531738066485,0.32909006413059133,0.32845953731339894,0.32894074919049476,0.32849321339416654,0.32988116464259765,0.3282712620426851,0.3279820707822651,0.32880329463034175,0.33021690341785476,0.3295750033037353,0.3296908414813107,0.3287357889198183,0.32937461500039517,0.3284286996801125,0.3292528357593268,0.32792489075381226,0.3280813158469313,0.32853434377171226,0.32863687529174146,0.3287155674851476,0.3290815225029319,0.32903748668394645,0.3302306314803336,0.329451301857871,0.3286542745185978,0.3292862843349194,0.3297910404644298,0.3278785791177569,0.32989232736691565,0.32885505451854036,0.32812591149148496,0.32789358781936884,0.3282495231696322,0.3288156810594438,0.32958521857290657,0.32912977141117666,0.3281947021164065,0.32841515285141865,0.32959500941750913,0.32896981328669095,0.3278386239568741,0.3291489821718394,0.329060948653844,0.32852632260628434
15,0.3196465705312172,0.009991741729690185,0.3202038472150436,0.31977670239924333,0.32031585089261394,0.3185307461839176,0.31923949485179853,0.31908570354058935,0.3195848356329228,0.3197287636333389,0.31971950112261754,0.3185156268753709,0.31911029936723867,0.3197868685556389,0.31857633591809076,0.3212478971349911,0.3185264968800063,0.32273165054712377,0.32161673607255087,0.32084831091695865,0.32007583903659376,0.31974764191324206,0.31853611530778875,0.31989164552844856,0.3187091002028661,0.31999809304483123,0.31961693928272966,0.3197967124486874,0.32094872302149846,0.32075779897025863,0.32020327135854715,0.3172935450779191,0.3189352058889239,0.3194440309627808,0.3208112486428958,0.3202917403002311,0.3221447782623072,0.3180589055217497,0.32092082420424195,0.31825401929176217,0.3187260164716303,0.320876014094987,0.318155431194116,0.31955916533262335,0.3198071118612374,0.3185877351398808,0.3179015883760787,0.31912032790442413,0.3206502507404279,0.32062727278715125,0.3196125583295555,0.3202046654164941,0.3222130692929211,0.3161278937327819,0.31990445547294943,0.32001009397137004,0.31996402198680307,0.31991148290889987,0.32035354429986773,0.3195404738616581,0.31950687042751585,0.3191360096708481,0.3204677819338398,0.31899465996257664,0.31845713257734154,0.3195223940848477,0.3208316270290565,0.32096691166448554,0.32024738031768196,0.3194818631545825,0.3203539976910517,0.31932632699522234,0.31917058782199825,0.31851106152792463,0.3185061667606079,0.3190241923148506,0.31966749781905773,0.3194110732217563,0.31958598312676795,0.3200370252302878,0.320560374593482,0.32002432616279136,0.3189576298666217,0.32022444484414325,0.32043365190552114,0.3188062681417811,0.32011867977774644,0.3204102569488341,0.3188413598014959,0.3184851188232039,0.31875779408277277,0.3195376029403173,0.3203262904320497,0.31936689547051644,0.31882982357308737,0.31870317718965596,0.31980843744251464,0.3199001859926494,0.3189762684743886,0.31988778924575956,0.3194839807236985,0.3195751341721673
16,0.31202914614441835,0.012446940434077562,0.3132449696937398,0.31223009443856686,0.31357301143422595,0.3104845495098842,0.31163598461273784,0.31164397177849573,0.31186629926341525,0.31231847511780186,0.3124509541781605,0.3114171803941614,0.31149045760590455,0.3121787888936309,0.31109251612022104,0.3139752690731941,0.31147699039448357,0.31526722811885055,0.3138632536552411,0.31381576232522357,0.31316804630149414,0.31155810131395567,0.3096289419028106,0.3121172952657903,0.31068150301743735,0.3124768064308053,0.31202713527849907,0.31224178486788423,0.31401008262758234,0.31371728174709385,0.3130545045584341,0.30844300689718207,0.31128167077754476,0.311913229028367,0.31332012988518265,0.3133013457479505,0.31469046976997844,0.3097044264578212,0.3146797831469927,0.311095211583987,0.3114716998822393,0.31362491038198526,0.31016098402248043,0.3115998305343201,0.3117051037441755,0.3110573806460931,0.3097449326626577,0.31104483904688773,0.3128362978990417,0.31338243339269184,0.3122715646537591,0.31284213403752187,0.3128106141512209,0.3081638459133625,0.3120502144729105,0.3123311826889335,0.31191032169889354,0.31223528190213073,0.3133267224539979,0.3132804695475308,0.31166787043555977,0.3105690603129215,0.3130082325209463,0.31262620536009106,0.31058664071634634,0.3118541219662775,0.31321391286974404,0.3140487808058456,0.31264702256416266,0.3115116613667582,0.3128424528254678,0.3116513807211258,0.3106167679760696,0.31147030411295434,0.3098778237225715,0.3110518199235647,0.31238853628414026,0.3117945589917719,0.31117025041587026,0.3122298155300102,0.3122857504486988,0.3127500531869976,0.3111913159095498,0.3116023375781558,0.312473309877929,0.31136139105294797,0.3127954915724604,0.31352797345719263,0.3112237206774978,0.31082654988796454,0.31128223483806866,0.311759017711458,0.31237455700304967,0.3111371371099145,0.31048340139682823,0.3103430576567221,0.31239168376852583,0.31247346742367726,0.3119447058827595,0.31204595225388165,0.31178551866776477,0.3130414907100247
17,0.3045296705124077,0.016020192040145258,0.30563312888533567,0.30462356415559055,0.307235635993344,0.3024309071632442,0.3038512979945874,0.3045744459304979,0.3039384965118153,0.3052834067308685,0.3056215572669581,0.3032161961755806,0.3042693042022319,0.30498172321602995,0.30403460723382303,0.3067924822678259,0.3038814945078573,0.3077518230133721,0.3063275451276428,0.3063173251008737,0.3050622479526928,0.3041432570206438,0.3015802309834148,0.30466017787677424,0.3032744666608497,0.30508436183050186,0.3050157568742838,0.30509941337253815,0.3073427015487209,0.30648590072429277,0.3059762207989449,0.2991787496245071,0.3038487048052388,0.304169947702826,0.30534217396791596,0.30676738703504636,0.3078102350523655,0.30179394903922047,0.30958690939850186,0.3041733201202147,0.3034592136809158,0.30569773813909584,0.3014780159588572,0.30344644983779556,0.3034299244871797,0.3035737335365473,0.3030143383383633,0.3029064045854944,0.30550613610494004,0.3055141950222495,0.30523819845202466,0.30616272519528237,0.30261997150852876,0.30062517920120774,0.30478117665329124,0.3051740200248689,0.3034606649612247,0.3044371719647802,0.3062394888011308,0.30650974939331777,0.303725365176987,0.30278424684736155,0.30587190626433747,0.3062425064193618,0.3030950910613411,0.3054888434514577,0.305682260172243,0.3062650875560929,0.3054396720678404,0.30433359686770683,0.305354477575346,0.3042733950011857,0.30274715643997996,0.30346295139285884,0.30158969603004854,0.30405434274153603,0.30502488042198195,0.30420507992932994,0.30304789089115625,0.30443345692569257,0.30445257599461906,0.30564822160301086,0.303999985755672,0.30293234556119175,0.3047175293432174,0.3042702772748211,0.3057827795642306,0.3064069535377098,0.3034129145852709,0.3037694362204406,0.3040255404243456,0.3043860845646186,0.30411397302519994,0.3031572108586027,0.3023776755818256,0.3020830271899703,0.30508102724403896,0.3047275924246019,0.3050238189583127,0.3044214186248357,0.3040116771868098,0.30660753276951
18,0.2887187216346633,0.017324716938217317,0.2890725297717788,0.28760597628122103,0.29224590999241046,0.28578498539711744,0.28731095680576685,0.28908079824257926,0.28788532343674056,0.2897295213222359,0.28931290148893407,0.28634131061812385,0.28878711731185874,0.2905403366172646,0.2874296728570564,0.29187744244241465,0.28773745183874316,0.29233409005899824,0.29049088080848035,0.29008204981840274,0.28792443525150097,0.2878713531697548,0.28707086489300826,0.28831192787845156,0.2877382778279852,0.28964014171344116,0.28983683271282795,0.28953588346604303,0.29080530694189066,0.2913139818750674,0.29086551753577994,0.283294877484622,0.2883745665896939,0.28825621432193715,0.2887231805669106,0.2917142604767788,0.2924034435783763,0.28661366858872744,0.2937081508049585,0.2878943650501654,0.2870973677478348,0.28934679658848983,0.28516101221191004,0.28749310363067737,0.2866267009439289,0.28735306704753305,0.28970114969002114,0.28639436653363587,0.2893754473774342,0.2889798844361635,0.28924821391149386,0.29198047534396493,0.2880780184510905,0.28665054702093257,0.2889583618717677,0.28989849343598917,0.2868649543090957,0.2882041960655803,0.2899690686057445,0.2904226682606765,0.2880403611771839,0.28823818669001333,0.2902673939689426,0.2905399648083348,0.28699849117999904,0.2914089712514494,0.28956609305819164,0.28962080250839106,0.2897343340827239,0.2893272402843284,0.28926138366565024,0.28792254393024774,0.28804699969059644,0.28788648482778423,0.28569590766543673,0.28883614816469433,0.2890951136930918,0.2880762554016426,0.2873665096598159,0.28834165035971315,0.28923279759395315,0.2885384609906146,0.28856227650035154,0.2863309580048385,0.28877022624432797,0.2880848816010461,0.28975005481694677,0.2910377801388041,0.28740208649409754,0.2877816514816213,0.28826581336787904,0.2885509524414671,0.28811446280761654,0.28690889983010803,0.2863376544695411,0.2858626957673194,0.29009207188690267,0.28746147864368987,0.28951965034001154,0.28911243348021776,0.28782998371785273,0.2907036574568811
19,0.2828080833593833,0.020329661443514425,0.2836000246276982,0.28103747534867063,0.2870153383691068,0.27867616555379776,0.280888734717423,0.2832832230903391,0.28207529911889656,0.2833165850476769,0.2825513568622642,0.2791287379795877,0.28360604195708383,0.286422249075597,0.2794722738166528,0.2893053509996383,0.28206496695198513,0.28680511461562347,0.28385293352947866,0.28402434271713506,0.28003341224653994,0.280934998782312,0.2821499968614682,0.2818971006020005,0.2818783996096413,0.2840226115265452,0.2843392327626674,0.28405691106003744,0.2834979447860029,0.285797969618901,0.28505439543373995,0.2803175133797861,0.28291345109517435,0.28204486364805575,0.28259242767820525,0.2863716091300163,0.2868891168013365,0.2822630578865126,0.28592316335714985,0.2810242521075439,0.2812132487190662,0.28329193517722634,0.2775275515567904,0.2817537970637068,0.2808683636560003,0.2801834178870082,0.28410724373549057,0.28018815077182296,0.28358545582128614,0.2830864724172156,0.2836072220702408,0.28819909183580067,0.2849782009447167,0.2832332080769141,0.28286925782763006,0.28435638467909136,0.2811972111660517,0.282308810801236,0.2836479373216622,0.2835158647532914,0.2823051502456689,0.28242180247730453,0.28384465059315933,0.28425984134317395,0.2809576000686203,0.28655192909425287,0.28488932964344044,0.283565015695965,0.2843998491176601,0.28315498729910954,0.2833024461103654,0.2808494099647401,0.2823372403412816,0.28262026847612093,0.2802050631067629,0.2840716918412302,0.2833128899209234,0.28166968248026975,0.2812251878638661,0.2820990642220369,0.28400491564586,0.2806048756998668,0.2815469258754073,0.2798745296554362,0.2827920945299074,0.2820768231131429,0.2837482741563855,0.28434721189265977,0.2817750814051491,0.28188814877289864,0.2821780044985071,0.28242918979190834,0.28219917129712313,0.2808530291368678,0.28091403450425545,0.27982879650479975,0.2841023685686401,0.2800564737736405,0.2838229618367539,0.2827562825943872,0.2817195716952061,0.2843990020490368
20,0.27624394692851356,0.027516647849824844,0.27716770717957945,0.2752336826274413,0.28165118772313197,0.27172492819916727,0.27337306680241885,0.27679614974607825,0.27591127440355995,0.2749350985239442,0.2754609072948164,0.27272314596650665,0.2782238361869999,0.2812814482500595,0.2707824027694981,0.28669944753919213,0.27684680781274534,0.2811763048461786,0.2765985110090247,0.2761913989651419,0.27120600666199746,0.27377327663493045,0.27460697448736143,0.2757162798005621,0.27552233394161496,0.27771267443509057,0.2775588637485432,0.2781222490465688,0.2765720057348214,0.2792527004328779,0.27775563915945606,0.2742486173469339,0.2766692061535351,0.27542395536192743,0.27624284924065456,0.2793785768256143,0.2812655792453067,0.2787388868281739,0.2776406168313165,0.27287520833554413,0.2741922675940787,0.27512084228703326,0.2687683685027178,0.27426059597740077,0.27520144117676065,0.2750652251615883,0.2778319868196737,0.2731060896432124,0.2770257981703823,0.2765034336076353,0.2778429288092105,0.28474178599825156,0.28064395977070916,0.2766638717993851,0.2770587497497702,0.2775635608115096,0.27518685504023666,0.2760185329777799,0.27685747960365015,0.2751217278875277,0.27457780082907124,0.2737360378671601,0.27746588242070397,0.28050380810239955,0.27506666341164576,0.2793126906082273,0.28025141097573647,0.27747238629260484,0.27891136503621955,0.2766474996164046,0.27646081655444305,0.27315096466239747,0.2739739942183974,0.27689766043920244,0.2739569474532982,0.27800720028194376,0.2770189700731746,0.27473268897038977,0.2736047519983373,0.2748833859016514,0.2785895933067563,0.27099791412801355,0.2744891305508504,0.27242467546055565,0.2763238829237545,0.27742801335154915,0.277669363954994,0.2765022113959535,0.27527316487555314,0.2756889626182554,0.27563435964068045,0.2761458564901812,0.2758170119367708,0.2749645390658132,0.27467582130915297,0.2729690587541825,0.27712254084855553,0.27165085844105324,0.2773960293550793,0.27449748185479317,0.27514090560359855,0.27852508378501784
21,0.26894721258989096,0.036210041225765224,0.2668768533546882,0.26886422371753205,0.274339147340585,0.26534919361772585,0.26526682383854555,0.2690615180190516,0.26864482597137995,0.2658029780129439,0.26762905241223744,0.2642270331774427,0.2715153066382455,0.2751673168333565,0.2624525018018718,0.2810420787063348,0.26963802190915487,0.27291420240762077,0.2691213421575,0.26740563572187626,0.2625340117622618,0.2663365651713768,0.26554326234211,0.27008537781346137,0.2695368153850192,0.27201536583706076,0.2703037825509239,0.27055797738458875,0.27099966797033653,0.2721517406292647,0.2699555208183832,0.26360810134539814,0.27167493941915494,0.2679943013844216,0.2684557049394618,0.2711590361213309,0.27460352113557895,0.2736379582809311,0.26941611815640687,0.2635546565010394,0.2691392534404913,0.26828178980444917,0.2611658537198383,0.26555983202884265,0.2689951597691373,0.27099643763432985,0.2711639587165477,0.26508268920976535,0.26956632511655876,0.26934818440535446,0.2702389562390941,0.2830084147426525,0.27526206346867704,0.26919550305659296,0.27047506962392226,0.2706301607493145,0.2684035802817016,0.2690465628049587,0.268852075056247,0.26459571616895716,0.26801596194275956,0.26383458553721195,0.26995418073049293,0.27713916705583824,0.2682627642660595,0.2717640574372717,0.27188275603843226,0.2686542687572321,0.27148466025872015,0.27037437487081134,0.26880434801619557,0.26540687951310743,0.26595842557680177,0.2714979066808844,0.2662723808767095,0.270450117830591,0.2693500518810359,0.2676684435215673,0.26580380089486877,0.2668145885140008,0.2729433966777677,0.2612878312143841,0.2676552747965656,0.26334569054296186,0.27014370450833075,0.27255046566072305,0.2703211321769366,0.2672903972243529,0.2675608443620625,0.2691865116931224,0.2687330401831072,0.2686360093149371,0.26941169673899973,0.2692679160294386,0.2658172340067839,0.2646615109618525,0.26964994700660505,0.26295990554554544,0.26959967077702074,0.26501429672949167,0.26784431339122267,0.2729966826222566
22,0.26827143243079776,0.0456504343271374,0.2612575497268291,0.26789078755379,0.2731256074509879,0.2654981791134769,0.2631595855220253,0.26702141514596106,0.26773772499908804,0.2641972461451714,0.2669174732537656,0.26133088565777013,0.271700847867889,0.27485633655222,0.261567910463412,0.2817250366897052,0.26917401594679813,0.27037068950936016,0.2706161497236736,0.2657380450139256,0.26034428742208005,0.26268976632218377,0.2631242153249245,0.2710002490102255,0.26869038240748877,0.27353260401851986,0.2707480179270158,0.26912428763374946,0.2726633127866931,0.2717058456178065,0.26872742913305453,0.2601382366609648,0.27425935419293435,0.26682585760509275,0.2679375791631193,0.2704435272221202,0.2714424177484227,0.2778042057333907,0.26749144317300133,0.261314503936636,0.2718327417140884,0.27002193972430116,0.2578951232220007,0.26398050744332935,0.26720997413971903,0.2780159840518174,0.2707577878619151,0.26452254188826413,0.26681632314745224,0.26964514171268156,0.27002611342898364,0.283737143583745,0.2793769291949953,0.27138393895525753,0.26868969708359824,0.2713101743123036,0.2680514345741334,0.2680044852107462,0.26720370029781176,0.26134868615141044,0.26988157976907934,0.2604449628138042,0.2685221109389459,0.27580345872641016,0.2688628546820073,0.2729947070628916,0.26762868271800067,0.2647901612995179,0.26801299938325895,0.26882395495808703,0.26740763423594854,0.26469162249865724,0.26521544333852926,0.2742898632068983,0.26578003814395557,0.2688812128129445,0.2687395471496476,0.2665042807091327,0.2659194552546519,0.2653793357750079,0.27028960245854067,0.2599773672368992,0.26820692994655265,0.2631889396552773,0.2706850268444493,0.27204409058335677,0.26929344387857135,0.26544327128103706,0.2665248986006343,0.26996895355721967,0.2682491850212159,0.2668377543995558,0.2704207342795084,0.2705407890082942,0.26640513080593897,0.26412800193043007,0.26693906768040687,0.2623898132448763,0.2683005036463761,0.2641228163384676,0.26775894011655044,0.2731307000144116
23,0.2664424001772454,0.05874619112549542,0.2573798517586149,0.26523074232770855,0.2704904427524039,0.2625444759164122,0.2558411517140084,0.26457937668093917,0.2659885275132906,0.26217578858582585,0.2648730633498083,0.25819209378144165,0.2706933156785511,0.272765860481979,0.25956144112913565,0.28156937555215905,0.26954768754792213,0.269460027767276,0.2703888692021797,0.2629676401301296,0.2533848148400129,0.25640285473118685,0.26200811445941896,0.2723503023143239,0.26769878219743176,0.2719423775034713,0.2707454693157232,0.26863699808160885,0.2726201794362233,0.26892702635430066,0.2650053163337443,0.26256394982698217,0.27606321488811675,0.2643176501434795,0.2653205277556668,0.2694452953011483,0.2652057387505787,0.2771806879124074,0.2637350429930512,0.25763322579528514,0.2730960063888993,0.26843670864401264,0.25208348286604787,0.26309521493408794,0.2639827552019707,0.2850276802110108,0.2718349182180127,0.26151723986266495,0.2630221284692174,0.26885143541483875,0.2686766493679583,0.27943164401082726,0.28391845039562263,0.26951545050238374,0.2652319761358369,0.2704167779315258,0.2683149767705285,0.2648328632017947,0.26461151561184076,0.2551657541649692,0.2705971971141255,0.25872122360713806,0.26643057972666057,0.26946906415107347,0.2695617458402447,0.2744812109957587,0.2605376010947917,0.26079080316817305,0.2641641647358147,0.2642111515336546,0.2652782434167026,0.262389334377556,0.26448926818829044,0.276352394027475,0.26642296135249866,0.26598499738702275,0.26607125646393043,0.26398634752539185,0.26454747938172635,0.26274666273142255,0.2623594072663639,0.25697968718005537,0.26936028961775543,0.2647542642244948,0.26848485874640593,0.27103539350647593,0.26939096999042683,0.26167654296542037,0.26488618148830845,0.26841041557944195,0.26588250078047804,0.26550105199322227,0.2685730794212075,0.27129613433758326,0.26884717539845326,0.2637114948143593,0.2637425434019326,0.2585268681456282,0.26629781258123547,0.26364571291659533,0.26605458977311236,0.271088427668135
24,0.26644240017724535,0.0587461911254956,0.25737985175861544,0.2652307423277085,0.27049044275240386,0.2625444759164136,0.2558411517140082,0.26457937668093945,0.2659885275132912,0.26217578858582524,0.26487306334980826,0.25819209378144187,0.27069331567855165,0.27276586048197915,0.2595614411291354,0.2815693755521594,0.26954768754792197,0.2694600277672758,0.27038886920217914,0.2629676401301292,0.2533848148400129,0.2564028547311869,0.26200811445941913,0.2723503023143239,0.2676987821974319,0.2719423775034717,0.27074546931572296,0.2686369980816079,0.2726201794362229,0.2689270263543011,0.26500531633374413,0.26256394982698134,0.27606321488811714,0.2643176501434793,0.26532052775566706,0.269445295301148,0.2652057387505791,0.27718068791240724,0.26373504299305145,0.2576332257952843,0.27309600638889947,0.2684367086440129,0.2520834828660476,0.26309521493408766,0.2639827552019701,0.28502768021101027,0.2718349182180122,0.26151723986266484,0.2630221284692174,0.268851435414839,0.26867664936795826,0.27943164401082693,0.2839184503956225,0.26951545050238346,0.2652319761358366,0.27041677793152546,0.2683149767705289,0.26483286320179533,0.2646115156118401,0.2551657541649696,0.27059719711412555,0.2587212236071371,0.2664305797266602,0.26946906415107313,0.26956174584024506,0.27448121099575856,0.26053760109479146,0.2607908031681727,0.2641641647358144,0.26421115153365454,0.26527824341670186,0.26238933437755607,0.26448926818829066,0.2763523940274752,0.2664229613524985,0.26598499738702314,0.26607125646393026,0.26398634752539196,0.264547479381726,0.26274666273142294,0.26235940726636453,0.25697968718005476,0.26936028961775466,0.2647542642244947,0.26848485874640593,0.2710353935064752,0.2693909699904272,0.2616765429654195,0.26488618148830845,0.26841041557944195,0.2658825007804781,0.26550105199322266,0.26857307942120734,0.2712961343375832,0.26884717539845304,0.2637114948143587,0.26374254340193287,0.25852686814562764,0.2662978125812354,0.2636457129165952,0.26605458977311136,0.2710884276681348
25,0.26827143243079776,0.045650434327137626,0.2612575497268291,0.2678907875537901,0.27312560745098796,0.26549817911347723,0.2631595855220253,0.2670214151459611,0.267737724999088,0.2641972461451715,0.2669174732537655,0.26133088565776996,0.27170084786788884,0.2748563365522198,0.2615679104634119,0.2817250366897052,0.26917401594679813,0.27037068950935994,0.2706161497236735,0.2657380450139258,0.2603442874220801,0.2626897663221838,0.26312421532492464,0.27100024901022546,0.26869038240748877,0.27353260401852014,0.2707480179270161,0.26912428763374935,0.27266331278669315,0.2717058456178065,0.2687274291330548,0.26013823666096486,0.27425935419293435,0.26682585760509314,0.2679375791631192,0.27044352722212034,0.2714424177484224,0.2778042057333907,0.26749144317300133,0.26131450393663586,0.271832741714088,0.2700219397243014,0.25789512322200064,0.2639805074433294,0.26720997413971903,0.2780159840518174,0.2707577878619149,0.26452254188826385,0.26681632314745213,0.2696451417126816,0.2700261134289837,0.2837371435837453,0.27937692919499546,0.2713839389552579,0.26868969708359797,0.2713101743123035,0.26805143457413355,0.2680044852107463,0.26720370029781154,0.2613486861514101,0.26988157976907934,0.2604449628138039,0.2685221109389456,0.27580345872641004,0.26886285468200727,0.2729947070628917,0.26762868271800067,0.2647901612995179,0.26801299938325907,0.2688239549580869,0.2674076342359483,0.26469162249865774,0.26521544333852914,0.2742898632068982,0.26578003814395584,0.2688812128129445,0.26873954714964754,0.26650428070913285,0.2659194552546519,0.2653793357750078,0.27028960245854067,0.25997736723689896,0.2682069299465527,0.2631889396552771,0.2706850268444493,0.27204409058335693,0.2692934438785712,0.2654432712810369,0.266524898600634,0.26996895355721967,0.2682491850212161,0.26683775439955576,0.2704207342795086,0.2705407890082943,0.2664051308059392,0.26412800193043,0.26693906768040704,0.2623898132448766,0.26830050364637614,0.26412281633846746,0.26775894011655044,0.2731307000144117
26,0.26894721258989096,0.036210041225765044,0.26687685335468814,0.26886422371753205,0.2743391473405849,0.26534919361772547,0.26526682383854555,0.26906151801905165,0.26864482597138006,0.2658029780129439,0.2676290524122372,0.26422703317744267,0.2715153066382453,0.27516731683335655,0.26245250180187174,0.2810420787063344,0.26963802190915515,0.27291420240762093,0.26912134215750005,0.2674056357218761,0.2625340117622618,0.2663365651713765,0.26554326234210995,0.2700853778134617,0.26953681538501917,0.2720153658370606,0.27030378255092385,0.2705579773845886,0.2709996679703363,0.27215174062926445,0.26995552081838303,0.26360810134539814,0.27167493941915505,0.26799430138442154,0.2684557049394615,0.2711590361213311,0.2746035211355785,0.273637958280931,0.2694161181564065,0.2635546565010394,0.26913925344049144,0.26828178980444917,0.26116585371983847,0.2655598320288427,0.2689951597691374,0.27099643763432996,0.2711639587165477,0.26508268920976547,0.2695663251165589,0.26934818440535446,0.27023895623909405,0.28300841474265265,0.27526206346867693,0.2691955030565932,0.2704750696239223,0.27063016074931473,0.26840358028170147,0.2690465628049588,0.2688520750562467,0.2645957161689572,0.26801596194275945,0.263834585537212,0.269954180730493,0.2771391670558382,0.2682627642660595,0.2717640574372717,0.27188275603843226,0.26865426875723203,0.27148466025872015,0.2703743748708114,0.26880434801619546,0.26540687951310754,0.26595842557680166,0.2714979066808842,0.2662723808767094,0.27045011783059103,0.2693500518810359,0.2676684435215674,0.26580380089486877,0.26681458851400075,0.27294339667776785,0.26128783121438426,0.2676552747965653,0.263345690542962,0.27014370450833064,0.2725504656607232,0.27032113217693665,0.2672903972243529,0.26756084436206246,0.2691865116931224,0.2687330401831069,0.2686360093149368,0.2694116967389998,0.26926791602943856,0.26581723400678375,0.2646615109618527,0.26964994700660494,0.26295990554554544,0.2695996707770208,0.2650142967294919,0.26784431339122244,0.2729966826222566
27,0.27624394692851356,0.02751664784982457,0.2771677071795795,0.27523368262744136,0.28165118772313213,0.2717249281991674,0.273373066802419,0.2767961497460783,0.27591127440355995,0.274935098523944,0.2754609072948163,0.27272314596650665,0.2782238361869999,0.2812814482500595,0.27078240276949805,0.28669944753919197,0.27684680781274534,0.28117630484617856,0.27659851100902466,0.27619139896514194,0.27120600666199773,0.27377327663493045,0.27460697448736116,0.2757162798005621,0.2755223339416152,0.2777126744350905,0.2775588637485431,0.27812224904656896,0.2765720057348215,0.2792527004328779,0.277755639159456,0.27424861734693384,0.27666920615353496,0.2754239553619274,0.2762428492406546,0.27937857682561407,0.2812655792453067,0.2787388868281737,0.2776406168313164,0.27287520833554413,0.2741922675940787,0.2751208422870335,0.268768368502718,0.27426059597740077,0.27520144117676076,0.2750652251615884,0.27783198681967375,0.2731060896432126,0.2770257981703823,0.27650343360763535,0.27784292880921047,0.2847417859982516,0.2806439597707091,0.2766638717993851,0.27705874974977,0.2775635608115096,0.27518685504023654,0.2760185329777799,0.2768574796036499,0.2751217278875277,0.2745778008290713,0.2737360378671601,0.27746588242070386,0.2805038081023996,0.27506666341164593,0.2793126906082272,0.28025141097573636,0.2774723862926047,0.27891136503621966,0.2766474996164045,0.276460816554443,0.2731509646623974,0.2739739942183976,0.2768976604392025,0.27395694745329807,0.27800720028194387,0.27701897007317466,0.2747326889703897,0.2736047519983373,0.27488338590165134,0.27858959330675626,0.27099791412801366,0.27448913055085045,0.27242467546055565,0.2763238829237543,0.2774280133515491,0.2776693639549939,0.27650221139595366,0.27527316487555326,0.2756889626182553,0.27563435964068056,0.2761458564901814,0.2758170119367707,0.2749645390658132,0.2746758213091528,0.27296905875418237,0.2771225408485555,0.2716508584410534,0.27739602935507945,0.27449748185479333,0.2751409056035985,0.2785250837850179
28,0.28280808335938334,0.0203296614435144,0.2836000246276983,0.2810374753486709,0.2870153383691067,0.2786761655537979,0.280888734717423,0.28328322309033915,0.2820752991188965,0.28331658504767687,0.2825513568622642,0.2791287379795879,0.2836060419570838,0.286422249075597,0.27947227381665285,0.2893053509996383,0.2820649669519851,0.2868051146156234,0.28385293352947866,0.2840243427171351,0.2800334122465397,0.280934998782312,0.28214999686146847,0.28189710060200046,0.2818783996096412,0.28402261152654545,0.28433923276266765,0.2840569110600375,0.2834979447860028,0.2857979696189011,0.2850543954337402,0.2803175133797857,0.2829134510951743,0.2820448636480558,0.28259242767820525,0.28637160913001636,0.28688911680133666,0.2822630578865127,0.2859231633571498,0.28102425210754367,0.2812132487190664,0.2832919351772263,0.2775275515567904,0.28175379706370685,0.28086836365600015,0.2801834178870081,0.2841072437354904,0.2801881507718231,0.28358545582128614,0.28308647241721563,0.2836072220702407,0.2881990918358006,0.28497820094471676,0.283233208076914,0.2828692578276297,0.2843563846790913,0.2811972111660517,0.28230881080123593,0.2836479373216622,0.2835158647532914,0.28230515024566905,0.28242180247730453,0.2838446505931593,0.284259841343174,0.2809576000686202,0.2865519290942528,0.28488932964344044,0.2835650156959651,0.28439984911766014,0.2831549872991096,0.2833024461103653,0.28084940996473995,0.28233724034128166,0.28262026847612104,0.28020506310676324,0.2840716918412303,0.2833128899209233,0.2816696824802698,0.28122518786386613,0.2820990642220369,0.2840049156458599,0.28060487569986703,0.2815469258754073,0.2798745296554362,0.28279209452990733,0.282076823113143,0.2837482741563854,0.2843472118926597,0.2817750814051493,0.2818881487728988,0.28217800449850716,0.28242918979190845,0.282199171297123,0.280853029136868,0.2809140345042554,0.27982879650479964,0.28410236856864013,0.2800564737736404,0.28382296183675376,0.28275628259438723,0.28171957169520606,0.28439900204903695
29,0.2887187216346633,0.01732471693821758,0.28907252977177883,0.287605976281221,0.2922459099924105,0.28578498539711733,0.2873109568057668,0.28908079824257943,0.28788532343674056,0.28972952132223573,0.2893129014889343,0.28634131061812385,0.2887871173118586,0.2905403366172644,0.28742967285705645,0.29187744244241426,0.28773745183874316,0.2923340900589982,0.2904908808084805,0.29008204981840274,0.28792443525150124,0.2878713531697548,0.28707086489300826,0.2883119278784515,0.28773827782798556,0.2896401417134413,0.28983683271282756,0.289535883466043,0.2908053069418908,0.29131398187506785,0.2908655175357801,0.283294877484622,0.2883745665896938,0.2882562143219373,0.28872318056691043,0.291714260476779,0.2924034435783765,0.2866136685887274,0.2937081508049585,0.2878943650501656,0.2870973677478345,0.28934679658848983,0.28516101221190987,0.2874931036306777,0.28662670094392856,0.28735306704753305,0.2897011496900212,0.28639436653363587,0.2893754473774346,0.28897988443616357,0.2892482139114938,0.29198047534396454,0.2880780184510905,0.28665054702093246,0.28895836187176754,0.2898984934359891,0.2868649543090957,0.2882041960655802,0.2899690686057445,0.29042266826067653,0.28804036117718396,0.28823818669001344,0.29026739396894263,0.2905399648083351,0.28699849117999904,0.2914089712514492,0.28956609305819164,0.2896208025083911,0.28973433408272403,0.28932724028432855,0.28926138366565035,0.2879225439302478,0.28804699969059616,0.2878864848277843,0.28569590766543684,0.28883614816469416,0.2890951136930916,0.28807625540164244,0.28736650965981575,0.28834165035971315,0.2892327975939528,0.28853846099061475,0.2885622765003518,0.2863309580048384,0.2887702262443281,0.28808488160104595,0.28975005481694716,0.291037780138804,0.2874020864940973,0.2877816514816211,0.2882658133678787,0.28855095244146706,0.2881144628076168,0.2869088998301081,0.28633765446954124,0.285862695767319,0.2900920718869026,0.28746147864368954,0.2895196503400115,0.28911243348021776,0.2878299837178526,0.2907036574568812
30,0.30452967051240776,0.016020192040145428,0.3056331288853359,0.30462356415559066,0.3072356359933437,0.30243090716324417,0.3038512979945872,0.3045744459304977,0.30393849651181515,0.3052834067308686,0.3056215572669579,0.303216196175581,0.3042693042022319,0.30498172321603,0.30403460723382303,0.3067924822678258,0.30388149450785706,0.3077518230133721,0.3063275451276427,0.30631732510087356,0.3050622479526925,0.304143257020644,0.30158023098341474,0.30466017787677435,0.3032744666608498,0.3050843618305018,0.30501575687428406,0.3050994133725385,0.307342701548721,0.3064859007242928,0.3059762207989453,0.2991787496245073,0.30384870480523846,0.304169947702826,0.3053421739679161,0.3067673870350464,0.3078102350523652,0.3017939490392207,0.3095869093985029,0.3041733201202148,0.30345921368091583,0.3056977381390955,0.30147801595885726,0.3034464498377959,0.3034299244871794,0.3035737335365475,0.3030143383383633,0.30290640458549406,0.30550613610494,0.3055141950222496,0.3052381984520246,0.3061627251952823,0.3026199715085284,0.3006251792012075,0.30478117665329174,0.30517402002486926,0.3034606649612249,0.30443717196478026,0.30623948880113044,0.3065097493933177,0.30372536517698695,0.30278424684736166,0.30587190626433763,0.306242506419362,0.303095091061341,0.3054888434514578,0.30568226017224254,0.3062650875560928,0.30543967206784045,0.30433359686770656,0.30535447757534595,0.3042733950011857,0.3027471564399797,0.30346295139285884,0.3015896960300487,0.3040543427415361,0.3050248804219821,0.30420507992932966,0.30304789089115586,0.3044334569256925,0.30445257599461906,0.30564822160301075,0.3039999857556723,0.30293234556119164,0.3047175293432173,0.30427027727482114,0.3057827795642302,0.30640695353770975,0.30341291458527114,0.3037694362204408,0.30402554042434576,0.30438608456461863,0.3041139730251997,0.3031572108586028,0.3023776755818259,0.30208302718997004,0.30508102724403874,0.3047275924246018,0.3050238189583131,0.304421418624836,0.30401167718681,0.30660753276951
31,0.3120291461444183,0.012446940434077024,0.3132449696937396,0.31223009443856686,0.3135730114342259,0.3104845495098844,0.3116359846127381,0.31164397177849573,0.3118662992634153,0.3123184751178017,0.3124509541781604,0.3114171803941617,0.3114904576059045,0.31217878889363054,0.3110925161202211,0.31397526907319384,0.3114769903944834,0.3152672281188504,0.31386325365524115,0.3138157623252231,0.3131680463014942,0.3115581013139555,0.3096289419028106,0.31211729526579046,0.3106815030174373,0.31247680643080533,0.31202713527849907,0.3122417848678843,0.3140100826275822,0.3137172817470938,0.3130545045584339,0.3084430068971821,0.31128167077754454,0.3119132290283664,0.3133201298851826,0.31330134574795027,0.31469046976997844,0.30970442645782115,0.3146797831469927,0.3110952115839873,0.3114716998822389,0.31362491038198514,0.3101609840224807,0.3115998305343205,0.3117051037441759,0.3110573806460933,0.30974493266265785,0.31104483904688757,0.3128362978990416,0.31338243339269195,0.31227156465375905,0.312842134037522,0.31281061415122063,0.30816384591336254,0.3120502144729107,0.3123311826889333,0.3119103216988937,0.3122352819021308,0.31332672245399784,0.31328046954753036,0.3116678704355597,0.3105690603129216,0.31300823252094645,0.3126262053600907,0.31058664071634634,0.3118541219662776,0.31321391286974404,0.3140487808058456,0.31264702256416266,0.31151166136675795,0.3128424528254675,0.3116513807211258,0.31061676797606974,0.31147030411295445,0.3098778237225715,0.3110518199235647,0.3123885362841401,0.31179455899177205,0.31117025041587043,0.3122298155300104,0.31228575044869833,0.3127500531869976,0.3111913159095498,0.3116023375781561,0.3124733098779291,0.31136139105294797,0.31279549157246056,0.31352797345719297,0.3112237206774977,0.3108265498879646,0.311282234838069,0.31175901771145803,0.3123745570030494,0.3111371371099145,0.31048340139682823,0.3103430576567221,0.3123916837685258,0.3124734674236772,0.3119447058827598,0.31204595225388104,0.3117855186677647,0.3130414907100245
32,0.31964657053121714,0.00999174172969028,0.3202038472150437,0.3197767023992431,0.32031585089261383,0.3185307461839178,0.31923949485179887,0.3190857035405891,0.3195848356329227,0.3197287636333389,0.3197195011226178,0.31851562687537033,0.319110299367239,0.319786868555639,0.31857633591809076,0.32124789713499124,0.3185264968800063,0.3227316505471236,0.32161673607255076,0.3208483109169586,0.3200758390365937,0.3197476419132424,0.3185361153077887,0.31989164552844856,0.3187091002028662,0.3199980930448313,0.31961693928273005,0.3197967124486875,0.320948723021498,0.3207577989702587,0.32020327135854726,0.31729354507791885,0.31893520588892393,0.31944403096278046,0.32081124864289573,0.3202917403002309,0.32214477826230736,0.31805890552174965,0.32092082420424195,0.318254019291762,0.3187260164716304,0.32087601409498673,0.3181554311941158,0.31955916533262346,0.3198071118612374,0.318587735139881,0.3179015883760786,0.31912032790442424,0.32065025074042797,0.320627272787151,0.3196125583295552,0.3202046654164941,0.32221306929292126,0.31612789373278183,0.31990445547294943,0.3200100939713699,0.31996402198680307,0.31991148290890026,0.32035354429986773,0.31954047386165824,0.31950687042751597,0.31913600967084793,0.32046778193383957,0.3189946599625765,0.3184571325773415,0.3195223940848477,0.3208316270290564,0.3209669116644857,0.3202473803176818,0.3194818631545825,0.3203539976910518,0.31932632699522234,0.3191705878219983,0.31851106152792463,0.31850616676060783,0.3190241923148504,0.3196674978190578,0.3194110732217561,0.31958598312676806,0.3200370252302878,0.3205603745934823,0.3200243261627914,0.31895762986662124,0.3202244448441435,0.3204336519055212,0.3188062681417812,0.3201186797777461,0.3204102569488339,0.31884135980149586,0.3184851188232039,0.3187577940827731,0.3195376029403171,0.32032629043204985,0.3193668954705164,0.31882982357308765,0.3187031771896558,0.3198084374425147,0.3199001859926493,0.3189762684743886,0.3198877892457595,0.3194839807236985,0.319575134172167
33,0.3289335088814972,0.007976663786695246,0.32920083071978923,0.32910074283064844,0.32918717732432823,0.3280540774130224,0.3282196970278139,0.3285402241395404,0.3289539648776696,0.3291430878034645,0.3290681995788156,0.32748231134672917,0.3287343862278251,0.32913528956661986,0.32812451019327366,0.3302904268419531,0.3280154222000794,0.33097658828069026,0.33064111991552064,0.3295926114881318,0.32892945280750685,0.3297764087339131,0.32858380734373815,0.3294194166405949,0.3284446784696896,0.3293201975624986,0.3290317121461978,0.3287165195413077,0.32963036832069675,0.3295501658030691,0.32882214904678303,0.32736033350735316,0.3282187194079518,0.32851281053642845,0.329837489514811,0.3295103003595887,0.33096277178019773,0.3280373569277034,0.329429074642249,0.3275547809475623,0.32788480317382046,0.32960577453500944,0.32776073727967553,0.3292859839885188,0.3293299833758628,0.328128926031211,0.3280883414089629,0.32832620456380673,0.3299439375451193,0.3293903350945986,0.32868847709992327,0.32939340966457836,0.33112073832133965,0.3265134597569127,0.3291681243812015,0.32921728415468055,0.329203080308504,0.32939531738066485,0.32909006413059155,0.3284595373133992,0.32894074919049476,0.32849321339416626,0.3298811646425979,0.32827126204268536,0.32798207078226516,0.3288032946303421,0.33021690341785487,0.32957500330373496,0.32969084148131067,0.32873578891981825,0.32937461500039517,0.32842869968011235,0.32925283575932696,0.32792489075381265,0.32808131584693107,0.3285343437717122,0.3286368752917411,0.32871556748514774,0.3290815225029321,0.329037486683946,0.33023063148033316,0.32945130185787114,0.328654274518598,0.32928628433491913,0.32979104046442975,0.32787857911775675,0.3298923273669159,0.32885505451854075,0.3281259114914852,0.32789358781936845,0.32824952316963196,0.32881568105944375,0.32958521857290696,0.32912977141117633,0.32819470211640633,0.3284151528514188,0.32959500941750913,0.32896981328669095,0.32783862395687413,0.3291489821718393,0.32906094865384394,0.3285263226062846
34,0.3391885666852644,0.006251999657202603,0.3394557367189486,0.3393600239711898,0.3394338650513714,0.33843571177392845,0.3382922108515629,0.3390218679104946,0.3390277131863704,0.33944359267349244,0.3392764299754489,0.33815531096532797,0.33913746229858416,0.3394234461802171,0.3385048142237292,0.33941760148847416,0.3384232878862296,0.340177057143112,0.3403492424442556,0.3394624113224359,0.33921057966472906,0.3400762102459754,0.33844633244762196,0.33972954610048334,0.33892146652868504,0.3395356567917714,0.3393884667502313,0.33893317209219415,0.33966615919894755,0.3396502008283495,0.3389272232176864,0.33833630038833296,0.33869366288895547,0.33883915809125664,0.33993247075847666,0.3397589070038978,0.34037043623288077,0.3388516088245521,0.33888508638740666,0.3377678701161685,0.33868869025864534,0.3395962933816612,0.3382913170222317,0.3396231494687317,0.33939707801903973,0.33842421343531626,0.3391417951559582,0.33865058557889066,0.3400815902022437,0.33959901111866037,0.33897312977673927,0.33973671828827284,0.34166758142486225,0.33796382691273735,0.33928828893416424,0.3393906308721612,0.3391726753149778,0.3399287377978246,0.3391795668897393,0.3387721011329312,0.3393458265665238,0.33863724948072754,0.33983773110620047,0.3389940545072838,0.3382338320775772,0.33892789435593246,0.34014825713440283,0.3394215610866672,0.34020684693469877,0.338674280872502,0.3394307409963364,0.3386403730936966,0.33967372155259445,0.3387733103588852,0.3385102823977453,0.3388386588811086,0.3388252890711047,0.3389451218575006,0.3397108667005498,0.3389762898913282,0.34055832990741014,0.3394177106359403,0.33899399992079754,0.3391042336409532,0.33966801262045504,0.3382871762674978,0.33978962745392155,0.3387400655994336,0.3384615989819646,0.3385886694754705,0.3388850557160545,0.3390600443276976,0.3395757550800674,0.33968809207441725,0.33861959648091006,0.3390644522809004,0.34004415430322205,0.339072133220911,0.3382277419608238,0.3394534230925426,0.3395215521176174,0.3389977728345118
35,0.349055763919551,0.005060126680643068,0.34946964897045807,0.34920229339502173,0.3494494724786379,0.3483955037478026,0.3484712358710396,0.3491415276651702,0.3488480641684312,0.3493017329582036,0.348949155562902,0.3483658152604364,0.3491240578293094,0.34916364746149575,0.34860065457167017,0.3485587097309427,0.3482154218773299,0.3494513632289429,0.34964571223789426,0.34915981865407947,0.34884313967754527,0.34957508999917897,0.3482866353154905,0.34959333548208177,0.34891666744754074,0.3492297511242309,0.34919927674026896,0.3490153133466363,0.3495112440020103,0.3493926824912626,0.3487625037149625,0.34821044472421797,0.34885748658656907,0.3486717992892918,0.3495151575326438,0.34950903170864467,0.3499828491905775,0.34895836806850417,0.34847130556241507,0.34778558363642376,0.34891293952895225,0.34929016363923243,0.34856296141177184,0.3492864392620046,0.3491589505953358,0.34833094240673845,0.34875297256814713,0.3491701408355678,0.3496967612902745,0.34966415805617396,0.34894378656781766,0.3492419814813852,0.351433730744225,0.3486176363536417,0.3490158646527503,0.3493037521806982,0.3490365163971998,0.34975736675011115,0.3489978584508334,0.3484451690246097,0.34916690996909616,0.3489109942792169,0.3492697759972796,0.34938153183109405,0.3481303420068526,0.3486524534645757,0.34974231956734547,0.34910276138523655,0.34989136350681177,0.34841642615843527,0.3492917251891548,0.34871067197486827,0.3492301829298403,0.34879493911029,0.3485921271448949,0.34883611513111557,0.3487592911573545,0.34887181550662705,0.3496346505299555,0.3488210545878683,0.35032687606153157,0.3491811652360607,0.3488622742065831,0.34886765390299496,0.34915389557877274,0.34857305087340185,0.34934387183001697,0.348868137608035,0.34856218944543854,0.3488549642058014,0.34901605512963174,0.34911924254495147,0.3491697511999955,0.3496519266953546,0.3484748116416952,0.3491602464559142,0.3498154951541699,0.34884040486613144,0.34845110105114974,0.3492091619446996,0.3493633628650881,0.349081708522034
36,0.36238889781743644,0.004037897174906471,0.36266747719362047,0.36241420336203944,0.3627186942931768,0.361813809114084,0.36199506123118136,0.36262490973786643,0.3622191460718378,0.3625974930800508,0.3623541901643818,0.3619244382986524,0.3626486731683684,0.36246248121866786,0.36220064492626386,0.36158918336578,0.3617404357478733,0.3626544096744991,0.36279079513881396,0.3624058027307124,0.36183728049556674,0.36273025307370127,0.36200572962258354,0.36289147365383817,0.36252285047662897,0.36241317426410175,0.3625072505854757,0.362483370490468,0.36270221780635387,0.3627342432380617,0.3622123862291323,0.3616168436975658,0.36245190021630036,0.36193903577747727,0.36249754139186496,0.3628266083930346,0.3631782906630799,0.3624337656548852,0.3617265229367232,0.36146182538279703,0.3622686221023015,0.3625122466691585,0.3620780596384348,0.36246164815149634,0.36242447854857013,0.36184504644647225,0.3616573262480264,0.3629039671047975,0.3627083577606611,0.3628268360469484,0.36221628843375514,0.3622228339460554,0.3638761410142899,0.3622499168018475,0.36223436501127104,0.3626257932404177,0.36235745646602313,0.3627361696031441,0.3622883240845229,0.36180266013539153,0.36226890625024993,0.36242373126384825,0.362323658824901,0.3628890776746777,0.3615584008287646,0.3620627043584189,0.3628176094954725,0.3625101473928115,0.3629075645896882,0.3617941997323414,0.36264322838714214,0.36221039922721215,0.3623984409148479,0.3620250731138106,0.3621651414449391,0.3624851997882215,0.36216261277046896,0.36227325255202464,0.36282121841652576,0.3623995846732216,0.36344576423910835,0.36235453958024966,0.36210392829028215,0.36239177340904327,0.36237111576590486,0.36216570647595936,0.36233766728249844,0.36239506765145035,0.3621668729992018,0.362410551611463,0.36249182657755613,0.36269571346018725,0.3624149815346399,0.36305938550713823,0.3618545867348869,0.36249775401030987,0.36323707954677875,0.36237541602460915,0.36195993460736453,0.36262974188820607,0.3627072240818177,0.3623920487443074
37,0.3772713965493361,0.0031686604058279656,0.37743278374344646,0.37716662273187046,0.3774499188915805,0.37682313786268257,0.377103852675586,0.3776471686355628,0.37713600901407185,0.37729392807159007,0.3774228405355434,0.3768913668131311,0.3774411048959604,0.37731199681582284,0.3771711589537085,0.3763990681326181,0.37683734230920446,0.37764767792499904,0.3775148597210999,0.37737969991655446,0.3768408497049737,0.37760035246109275,0.3771600391848205,0.37763270701145357,0.377536420650665,0.3771196002334571,0.3775034660593397,0.3772621817587237,0.37747329144169833,0.3775170723783136,0.37723228329181063,0.37685100194784293,0.3773269238716056,0.376850978742767,0.37714729365049354,0.37757722696664425,0.3779234745619895,0.37748864436892765,0.3767135503778995,0.3767425324134549,0.377171179334253,0.3773680678219663,0.37699453764666646,0.377429531604231,0.37717793641851594,0.37649135478728885,0.3766018022504384,0.377757240521868,0.3772184452681782,0.3775383464002549,0.37702287648586763,0.37708970939168085,0.3778977524701264,0.37715081249104765,0.377142692858123,0.3774006899853268,0.37718053242051297,0.3775194092812048,0.3773261597030669,0.37678932901844664,0.3772016311150685,0.3770432348223492,0.377155148657398,0.3776300529719223,0.3766738709006446,0.37724692316601255,0.3774492680639304,0.3774134362097414,0.377717976376207,0.3768480154662731,0.37741673385725005,0.377096885192849,0.37731660752210333,0.37706084819744984,0.3772701172850773,0.3774774808506401,0.37704701121725187,0.37715855370857115,0.3776658442322325,0.3774375339732857,0.3780120049511432,0.3771951768544843,0.37690351318206206,0.3773165143163341,0.3770710163249219,0.3773851011068205,0.37705286892559203,0.37746661280607907,0.37717878128119525,0.3773190194337004,0.37740056034236724,0.3776259874374874,0.37740671358412337,0.3777836759798357,0.3768838816726022,0.3772172947268617,0.37805343538934405,0.3774010603679617,0.37691250221742156,0.37754372623471083,0.37763852927781955,0.37720566985241755
38,0.3948354502940177,0.0025221572201218224,0.3948604615059769,0.39477904751590465,0.3947300341714522,0.39455406211084243,0.39484294352054883,0.3951971428246842,0.39475339284452554,0.3947263648831497,0.39498127322643484,0.39437877181489717,0.3950095260137462,0.3948472541304539,0.3947337662229011,0.39418734377020126,0.39449074727461964,0.39520875393065147,0.39512340708713684,0.39495341666143013,0.3945773675870234,0.3951685731759791,0.39483387350124155,0.3949198847575966,0.39513315593049225,0.3946998216105368,0.39522903009211774,0.39480125518068837,0.39503062107094905,0.3950075841324306,0.39470884758588076,0.3946521436218188,0.3948235316548991,0.39452166970219865,0.39459460155915554,0.39500934813664473,0.39524283769693935,0.3949978154918373,0.39449925084004284,0.39462931994704686,0.3947987642883883,0.3949480362165285,0.39463610759851214,0.39513882826314933,0.39474279239927884,0.3939349015503949,0.39432341484826794,0.3950878879242937,0.39466251714144884,0.39512454162806154,0.3946111137329764,0.39478812201960745,0.3949407853907501,0.39480036174610084,0.39479322430177693,0.39483173127703264,0.3948756122643559,0.3950636855335204,0.3950690513684973,0.3944625309759812,0.3948539639060727,0.3945198597439299,0.3948833158276041,0.39496863700090135,0.3944116327610183,0.39502764374153704,0.3948472878081006,0.39503685067065675,0.39514555099349546,0.3945293296965438,0.3948854008872798,0.39462134815507965,0.3947573953016314,0.39477622840868626,0.39494567689196,0.3950262159651685,0.39468722524965466,0.3946146754028717,0.3951869009048435,0.39502591856968855,0.39527399069314584,0.39471115925447464,0.3945138867557528,0.3948462034058709,0.39452757792233806,0.3950685488318492,0.39460375649898144,0.3951156688662599,0.3948391074155513,0.39482515743659463,0.3950334474077726,0.39514487707521745,0.3949617607218014,0.3951121229613973,0.394586819650497,0.394655799144956,0.3953375061071258,0.39488421785076455,0.39461327757447123,0.39510099433592544,0.3951847373339144,0.3947811010163836
39,0.41893028628965623,0.002122333494854015,0.4189561330281276,0.41889422047445035,0.4186959829007986,0.4187504834718098,0.41900136914571756,0.4191905061578059,0.41894212258501284,0.4187923440985254,0.41903309543536427,0.41844134590730386,0.41922144196251526,0.41898033041637883,0.4188731816861725,0.4184142664308965,0.41868467431226547,0.41928985752498804,0.41916509857929285,0.41893971341027536,0.41875366295129424,0.4192255597691733,0.4189764051288823,0.419005554130083,0.4192280364270963,0.41888146545794336,0.4193577322068444,0.41893837865620837,0.41907430227156506,0.41912837903025524,0.4187526896930489,0.41870324615383275,0.41896432477742057,0.4186887449542793,0.41876048565282914,0.41898466969436055,0.41919537484712427,0.41901955802265545,0.41883443478152654,0.41882145216856687,0.41888683475368016,0.4190053123188945,0.4187514753538196,0.41920265868521106,0.418859423349085,0.4182381861638827,0.418360821166516,0.4191104467440355,0.4188018904154309,0.4191564398740714,0.41886166690012994,0.4189306538641818,0.41890877660307313,0.41903296533548323,0.4189148770603787,0.4189029171214958,0.41907862192685524,0.4190222855028081,0.4192494887705723,0.4185647953932546,0.4189555299870215,0.41868698584847225,0.4190469303799009,0.4189559433044114,0.41855889993586265,0.41916802589624125,0.41887244707815535,0.41913052081297386,0.4190320539552496,0.4187487590649529,0.41890241529171074,0.41867231541453054,0.41875574530742415,0.41887478582057963,0.4190310474852782,0.4190382163126441,0.4189093547076928,0.4187017409526963,0.4192021960704155,0.41910398849133906,0.41915415491515945,0.41865922842549225,0.41877325290646944,0.41895677376997315,0.41870773775597614,0.41909579249091433,0.41873093489410795,0.4191728339118319,0.4190204439066609,0.4190916201903102,0.4191508830444768,0.41919656108275827,0.4189659042125202,0.4191111631616695,0.4186080750812361,0.41872338924933317,0.4191539187075639,0.41889978434329417,0.41886228265836767,0.4191837799185932,0.4191815124533293,0.41887953816248213
40,0.45215425885390625,0.0017220105683016906,0.4521907950841983,0.4520887024553942,0.4519426528937773,0.4520483333324112,0.4521924963657639,0.45234551801981016,0.45219648808947305,0.45202135992271547,0.45220780922506226,0.451802721605009,0.45242909207902293,0.45223266366176695,0.4521601719786403,0.4518073071704515,0.451945249960679,0.45236794374111294,0.4523312571051408,0.45212831573095336,0.45197844043577073,0.4523354141062618,0.4522653254909729,0.45233708378090504,0.45238639552662285,0.4521439580893733,0.45252937000028143,0.452200467497665,0.4522625473538891,0.4523301645691733,0.45201782120238215,0.4518403137991035,0.45221050283831654,0.45196030844637525,0.45207839367343833,0.4521426356536145,0.45230434086068255,0.45221707856665644,0.4521987317389177,0.45208268109950617,0.4520854286946577,0.4521928382332771,0.4519467068588694,0.4523589130639098,0.45207524152940654,0.45163989949778943,0.4517478125365658,0.4523175558715037,0.4520308508948319,0.4522965527430264,0.45217844987102146,0.4521520236588838,0.4521431089162555,0.4523269696091987,0.45213314124459486,0.45215815410696814,0.4523379896268062,0.4522187900301179,0.4524331662704222,0.4519337887671794,0.4521595933821567,0.4519476125070977,0.4522302291672178,0.45216583861001985,0.451915130940587,0.4524043057895238,0.4520813177506143,0.4523817193679296,0.45213666018922066,0.4520635295261409,0.45215519822783357,0.45188703599964464,0.45207719958474035,0.4520207304110488,0.4521752556223571,0.4521457364297148,0.4521557947319436,0.4519631455454144,0.4523188074501641,0.452275439860231,0.45231813183013964,0.4517475987143127,0.45209206264133833,0.4521610405261633,0.45201627939319267,0.4522062784879729,0.4519310315678988,0.4523504540059934,0.4522693330573933,0.45243555552872894,0.45232435469903726,0.4523901175988611,0.45215338963621116,0.45225816900658283,0.45182505231698916,0.45204885465971645,0.45223685687256554,0.4521258409526111,0.4521554738079503,0.45234534293187545,0.45231473977838255,0.45209141110651974
41,0.5009481765840138,0.0014435018847475055,0.5009805900676018,0.5009207686938275,0.5008042650494959,0.5008854552659173,0.5009616617972934,0.5011533199426339,0.5009815753043462,0.5008292083678678,0.5009787587700623,0.5006670897816238,0.5011347169636946,0.5010574333661069,0.5009511987072649,0.5007508001143559,0.5007369174176651,0.5010207827437669,0.5011093318812532,0.5009031116760984,0.5007733777461414,0.5010872244952578,0.5010034546174115,0.5011170201602223,0.5011195948717289,0.5009402336082338,0.5012672768544382,0.5010047412000573,0.5010289270533207,0.5011191818720699,0.5008407383390329,0.5006632789096271,0.5010528574110008,0.5008200770763513,0.5009083507733716,0.5009490063195244,0.5010138503234933,0.5009554712838571,0.5010048886105571,0.5009279200911758,0.5008705382212465,0.5009668021422498,0.5007881259233823,0.5011168719076989,0.5008189899475546,0.5004448886923365,0.5006462200993403,0.5010108066328297,0.5008357730435945,0.501000899598372,0.5009880333240739,0.5009709268110072,0.5009467893029843,0.5010893096900569,0.5009510966394031,0.5009838938630489,0.5011849597980222,0.5010645559583659,0.5011520388300451,0.5008978740271315,0.5009302998402527,0.5008382532571777,0.5009801088248402,0.5009316698618332,0.5008285654256817,0.5011699007579451,0.5009018867100505,0.5011262751869294,0.5009088364794068,0.5008709215485097,0.5009873093471354,0.5006910015206651,0.5009690852486595,0.500712907865254,0.5008801268056607,0.500946020261677,0.500959219496034,0.500833564095603,0.5010127738542529,0.501008955525318,0.5011164839642195,0.5006471627395291,0.5008947186309168,0.5009360424052268,0.5008402753887553,0.5009577531724946,0.5006784884652814,0.5011319654126636,0.5010360595238785,0.5012033685830471,0.5011118958940762,0.5011382553851529,0.500919496816606,0.5010066090811423,0.5006244925824622,0.5009225571834035,0.5009725018403358,0.5009461878085258,0.5009717574103658,0.5011317638777197,0.501106911913755,0.5008813764284302
42,0.576650689347531,0.0012738822444280896,0.5766756684429514,0.5766458014097131,0.5765741771248242,0.5766337718443145,0.5767191227491599,0.576828652704311,0.5766714088629499,0.576596275113664,0.5766170313540044,0.5763766741156782,0.5768138207497179,0.5767610518867501,0.5766383638206385,0.5764580711993951,0.5764705521820259,0.5766188273179925,0.5768064515467519,0.5765799521892573,0.5765010945853132,0.5767723394789401,0.5766473502517772,0.5767443284875715,0.5768227949094501,0.5766338981266683,0.5768823928257009,0.5767340610007831,0.5766962497177973,0.5767613088767801,0.5765935579524413,0.5764412531757384,0.5767685803924245,0.5766030632592897,0.5766431091889416,0.5766370197303601,0.5766346152720134,0.5766913894215923,0.5766543739263572,0.5766716819279816,0.5765289423899589,0.576681822852813,0.5765621023411355,0.5767713232777282,0.5765353914788622,0.5761496929305053,0.5764097805238659,0.5766409848856417,0.5765497490738996,0.5766461679416288,0.576698200399109,0.5767002746242192,0.5766126894429462,0.5767327722646767,0.5766501117145929,0.5766652178737095,0.5769071838731404,0.576831263769158,0.576805611872608,0.5766426466503068,0.5766176897817372,0.5765885239882931,0.5766630507711951,0.576619362057903,0.5765576060932508,0.5768091047421107,0.5766014460236166,0.5767238793638799,0.5766130320808142,0.5765504712225411,0.5766804049360587,0.5765031437848644,0.5767216169662601,0.5763392877819471,0.5765525373781061,0.576686252271011,0.5766799617032605,0.5766197712120747,0.5766658140605473,0.576708632771348,0.5767429168982035,0.5765160739066045,0.576587749505834,0.5766534658419566,0.5765457037278543,0.5767058176791041,0.5763820633401338,0.5768023934308418,0.5767411808883588,0.5768553477794267,0.5768260790534405,0.576833433518037,0.5766317296098895,0.5767224360279791,0.576297169360009,0.5767391775191307,0.5766485885823966,0.5767104342424548,0.5766828692504831,0.5768298988557216,0.5767925681596047,0.5765781812822866
43,0.7001673357558224,0.0010884658492402819,0.7001449586005015,0.7001722345372452,0.7001601648134895,0.7002029755529867,0.700259204622967,0.7002954761762078,0.7002117326469394,0.7001676429807266,0.7001105165348865,0.6999389097628136,0.7003434781151855,0.7002729443586959,0.7001174271487137,0.700033676018692,0.7000354945421586,0.7001483209608453,0.7002875078036971,0.7000848523362941,0.700010872033383,0.7002843696743726,0.7001432432368083,0.7002139545146359,0.7003221681909705,0.7001514560502806,0.7003259641748736,0.7002794106853137,0.7001951609815839,0.7002476348332841,0.7001529295699327,0.6999866427812675,0.7002526983572057,0.7001554905243605,0.7001614611986591,0.7001450853246466,0.7001096668966861,0.7002479058758249,0.7001637995486168,0.7001950708935281,0.7000272113520177,0.7001660299801795,0.7000850279573405,0.7002469154601071,0.7000533376093313,0.6997368709938561,0.6999326040163085,0.7001394055950665,0.7000898067532615,0.7001780212805797,0.7001954432985017,0.7001686228616268,0.7000815265808853,0.7001802699795322,0.7001399845219853,0.7001243547591312,0.7003733773338776,0.7003573615034336,0.700261190257721,0.70016491184452,0.7001385692830132,0.7000922004912085,0.700159538223079,0.700162642671979,0.7000649029381623,0.7002526931285552,0.7001373118568334,0.7001743861917986,0.7001484575452609,0.7000997028368335,0.7002181814239715,0.700099065622564,0.7002586667341605,0.699894098290277,0.7001007853642751,0.7002176050165717,0.7002334061136759,0.7001854266172276,0.7001849952641725,0.7002365768995299,0.7001577707091295,0.7001498110108378,0.7000874621477529,0.7002526291003451,0.7000702539737089,0.7002455543055531,0.6999364610444316,0.7002602182113764,0.7002684817009184,0.7003289649859443,0.7003478452928237,0.7002676955755657,0.7001981229644708,0.7002289860380265,0.6998843079387576,0.7002976456815052,0.700112745809372,0.7002355671504235,0.7002141547467756,0.7003296919289658,0.7002601369477389,0.7001050790061183
44,0.9079647855932288,0.0008489767936210999,0.9079213398464332,0.9080068409290438,0.907984840385831,0.9080032354930545,0.9080132092657636,0.9080584726498376,0.9080353218345174,0.9079985743764684,0.9079738804831692,0.9077673558657757,0.9081062859793838,0.9080801615568338,0.9079378313372762,0.9078637740058665,0.9078542846510181,0.9079883501589628,0.9080016980275529,0.9078870221463476,0.9078239231452014,0.9080292520099591,0.9078631698137258,0.9079385235889535,0.9080589763019696,0.907953173774287,0.9080465455187348,0.9081045254431686,0.9079915800837921,0.9080520112179975,0.9079285661945973,0.9078094667913981,0.9080191793903084,0.9079679224717505,0.9079616136367302,0.9079207083549174,0.9079243240913903,0.9079961995720613,0.907947895466014,0.9080406282754304,0.907842805963288,0.907962187015216,0.9078706766832066,0.9080197638788629,0.9078736611816083,0.9076575571005927,0.9077284822613524,0.9079259924741838,0.9079341426133949,0.9079854828731159,0.9079678712949283,0.9079482495142068,0.9078579813529967,0.907935866734973,0.9079117407106033,0.9079042297307978,0.9080852756334918,0.9081158946603279,0.9080314184990423,0.9079835114820406,0.9079548906232872,0.9078876571702567,0.9079427970596247,0.9079969446892558,0.9078980834926521,0.9079923696160556,0.9079748229471076,0.9079700981452483,0.9079796288358966,0.907945090879343,0.9080467620373923,0.9079498597847917,0.9080320433546953,0.9078067401095233,0.9079332878550814,0.9080116090716498,0.9080285598202928,0.9080364605601507,0.9079877196987206,0.9080615593908657,0.9079191674283293,0.9080050999272632,0.9078957546750972,0.9080850987509587,0.9079028887328652,0.9079922311329659,0.907816163442732,0.9080245433919032,0.9080615354260277,0.9080809651570245,0.9081012812490842,0.9079833412248332,0.9080419213847326,0.9079697228600538,0.9077965149870879,0.9080372406062404,0.9078932433128634,0.9080185357892728,0.9080180667821742,0.9080763734983472,0.9080077388159433,0.9079106898114302
45,1.2386570303811328,0.0005833099894119207,1.2386089398250746,1.238689166343616,1.2386806225879945,1.2386667467589247,1.2386820992277385,1.2387063193038113,1.2387113923692457,1.2387330239715368,1.2386963421400512,1.2385153187329236,1.238720231644168,1.2387457612076844,1.2386650928590257,1.2385981811895836,1.2385577896131919,1.2386983656261343,1.2386517642380341,1.2385925232705233,1.2386040387784003,1.2386673648757227,1.2385361531637185,1.238618292118655,1.2387120416725133,1.2386714324545651,1.2386895436124563,1.2387705794969857,1.2386400384492924,1.238714530738377,1.2386212935157597,1.2385245871489408,1.238686380248944,1.2386976969654666,1.238630981509381,1.238599935177797,1.2386063265835745,1.2386639230841416,1.2386487965161461,1.2387212637790235,1.2385757085438616,1.2386583069164463,1.2385705011335022,1.238701287315071,1.238588898169048,1.2384595196709605,1.2384970499020675,1.2386285760716067,1.2386608695787342,1.2386762964884768,1.2386131764930093,1.238646494806993,1.2385908164803583,1.2386791203315892,1.2386441374274433,1.2386483413513785,1.2387306645353278,1.2387070403936606,1.2387089694937405,1.238686706690077,1.2386845079074382,1.2385878220274917,1.2386273826846557,1.238705365924466,1.2386444002632266,1.238660207221258,1.2386713784841674,1.2386511480912314,1.2386831124290507,1.2386767196367936,1.2387272373825176,1.23865661309153,1.2387042400513486,1.2385762490537433,1.2386516146301172,1.2386888114550916,1.2387064171947229,1.2387516414814816,1.2386654206015018,1.2387295437209365,1.2386458449565338,1.2387035942716818,1.2386085030872238,1.2387379305466648,1.2386242736503428,1.2386398128399847,1.2385841003672284,1.238714361149256,1.23870792518332,1.2387179493274691,1.2387184896519328,1.2386290202308834,1.2387164859464532,1.2386316672764253,1.23856568208276,1.2386654334477463,1.238594881042827,1.2386940879624615,1.2387131239374152,1.2386780264199233,1.238707647472058,1.238637001337471
46,1.6749139097572354,0.0002708035972387861,1.6748864356684263,1.6749270555651838,1.6749366523972524,1.6749147266578346,1.6749148444254993,1.674940520799257,1.6749414671334295,1.674956770537098,1.674921346383245,1.674832689151993,1.6749157854763603,1.6749404156704106,1.674936235752398,1.6749114347371608,1.6748602842930616,1.6749316673896857,1.6749135660358418,1.6748884385960472,1.6749148863746457,1.6749358757966282,1.6748647153587233,1.6749038365114897,1.6749370950540936,1.6749167585082987,1.674935197550163,1.674991198741526,1.6749043830200048,1.6749339669984593,1.674870975684257,1.6748487849945928,1.6749156271346963,1.674945185520101,1.6748993584680352,1.6748978402658494,1.6748745294173608,1.6749174853774742,1.6749012262579348,1.6749240624854365,1.6748931168804302,1.6749029699459386,1.674868431435824,1.674930693069636,1.6748922659624272,1.6748361005344028,1.6748772657047195,1.6748975755084194,1.6749324883219265,1.674927120587728,1.6749066417721823,1.6749197540477565,1.6748961767144643,1.6749287292241846,1.6749288502335062,1.6749145120760036,1.674960087990965,1.674899884147324,1.6749444506883857,1.6749408517730666,1.6749317488851063,1.6748645022899966,1.6748916688173765,1.674929212362442,1.6749240822581009,1.674911554466593,1.6749105315117394,1.6748956642203974,1.674929241257255,1.6749392241783503,1.6749523640774229,1.6749004397131322,1.6749497581469095,1.674894815649775,1.6749271372509242,1.6749452092409027,1.6749441131992375,1.6749411451072693,1.6749157616702783,1.6749251105507805,1.674911011270693,1.6748986234995658,1.6749156651164747,1.674933555180222,1.6749031307270779,1.6748896461817862,1.6748774460931493,1.6749294941906219,1.6749342284112136,1.674940349348663,1.6749104598680873,1.6749024446639984,1.67493719213111,1.6748965736312955,1.674881496038119,1.6748998986557095,1.674883459883661,1.674937690529852,1.6749339588597985,1.6749095093238298,1.674952594953223,1.6748879695021244
47,NaN,0.0,NaN,NaN,NaN,NaN,NaN,NaN,NaN,NaN,NaN,NaN,NaN,NaN,NaN,NaN,NaN,NaN,NaN,NaN,NaN,NaN,NaN,NaN,NaN,NaN,NaN,NaN,NaN,NaN,NaN,NaN,NaN,NaN,NaN,NaN,NaN,NaN,NaN,NaN,NaN,NaN,NaN,NaN,NaN,NaN,NaN,NaN,NaN,NaN,NaN,NaN,NaN,NaN,NaN,NaN,NaN,NaN,NaN,NaN,NaN,NaN,NaN,NaN,NaN,NaN,NaN,NaN,NaN,NaN,NaN,NaN,NaN,NaN,NaN,NaN,NaN,NaN,NaN,NaN,NaN,NaN,NaN,NaN,NaN,NaN,NaN,NaN,NaN,NaN,NaN,NaN,NaN,NaN,NaN,NaN,NaN,NaN,NaN,NaN,NaN,NaN
