channel,x,mean,err
AV,0.0,-0.0673529032982689,0.000017955377269742285
AV,1.0,-0.045796671405859905,0.00001275662569638087
AV,2.0,-0.008413386461671526,7.489098372081977e-6
AV,3.0,-0.002329882152677556,5.741672725332667e-6
AV,4.0,-0.0008738177548143818,4.511102518837515e-6
AV,5.0,-0.00039584160342580305,3.493632357926686e-6
AV,6.0,-0.00020069698253831093,2.67531946267143e-6
AV,7.0,-0.00010908184304215085,2.0532746716396666e-6
AV,8.0,-0.00006209636309880587,1.6066964993374439e-6
AV,9.0,-0.00003647930306980651,1.28438782223684e-6
AV,10.0,-0.00002191528102821829,1.0536830941163724e-6
AV,11.0,-0.000013465042181812873,8.924330259871472e-7
AV,12.0,-8.409044612772212e-6,7.823308423435984e-7
AV,13.0,-5.365748567233573e-6,6.96391312665927e-7
AV,14.0,-3.4907199316371224e-6,6.363955952954023e-7
AV,15.0,-2.396204805316003e-6,5.88159015049395e-7
AV,16.0,-1.770011243038467e-6,5.588365848555901e-7
AV,17.0,-1.4603565415939906e-6,5.496606862739787e-7
AV,18.0,-1.3791543338071901e-6,5.511072979803376e-7
AV,19.0,-1.4603565415939906e-6,5.496606862739787e-7
AV,20.0,-1.770011243038467e-6,5.588365848555901e-7
AV,21.0,-2.396204805316003e-6,5.88159015049395e-7
AV,22.0,-3.4907199316371224e-6,6.363955952954023e-7
AV,23.0,-5.365748567233573e-6,6.96391312665927e-7
AV,24.0,-8.409044612772212e-6,7.823308423435984e-7
AV,25.0,-0.000013465042181812873,8.924330259871472e-7
AV,26.0,-0.00002191528102821829,1.0536830941163724e-6
AV,27.0,-0.00003647930306980651,1.28438782223684e-6
AV,28.0,-0.00006209636309880587,1.6066964993374439e-6
AV,29.0,-0.00010908184304215085,2.0532746716396666e-6
AV,30.0,-0.00020069698253831093,2.67531946267143e-6
AV,31.0,-0.00039584160342580305,3.493632357926686e-6
AV,32.0,-0.0008738177548143818,4.511102518837515e-6
AV,33.0,-0.002329882152677556,5.741672725332667e-6
AV,34.0,-0.008413386461671526,7.489098372081977e-6
AV,35.0,-0.045796671405859905,0.00001275662569638087
S,0.0,-0.2085629766892747,0.000183678112036398
S,1.0,-0.07079315707174702,0.00017258524475618863
S,2.0,-0.01613636263239806,0.00015523312478322757
S,3.0,-0.005785206963186919,0.0001331206320818159
S,4.0,-0.002743137032602429,0.000110382408007032
S,5.0,-0.0015148820836662152,0.00008960864520179534
S,6.0,-0.0009219402570207756,0.00007236216675989491
S,7.0,-0.0006048201358748299,0.00005904465994872244
S,8.0,-0.00042472304740298806,0.000049741840870098516
S,9.0,-0.00031426836324928897,0.00004294059286443305
S,10.0,-0.00024087397423145946,0.000037236678569790406
S,11.0,-0.00019004825173195977,0.00003277148273318459
S,12.0,-0.00015167753006800521,0.000030104059780104917
S,13.0,-0.00012373620179441218,0.000028493929609084026
S,14.0,-0.00010417832117282548,0.000026689241457122706
S,15.0,-0.00009064584922789685,0.000024742150809148787
S,16.0,-0.00008167061392137043,0.000023717076969799248
S,17.0,-0.00007592565236402284,0.0000238592095965005
S,18.0,-0.00007391013559156357,0.00002411686128176532
S,19.0,-0.00007592565236402284,0.0000238592095965005
S,20.0,-0.00008167061392137043,0.000023717076969799248
S,21.0,-0.00009064584922789685,0.000024742150809148787
S,22.0,-0.00010417832117282548,0.000026689241457122706
S,23.0,-0.00012373620179441218,0.000028493929609084026
S,24.0,-0.00015167753006800521,0.000030104059780104917
S,25.0,-0.00019004825173195977,0.00003277148273318459
S,26.0,-0.00024087397423145946,0.000037236678569790406
S,27.0,-0.00031426836324928897,0.00004294059286443305
S,28.0,-0.00042472304740298806,0.000049741840870098516
S,29.0,-0.0006048201358748299,0.00005904465994872244
S,30.0,-0.0009219402570207756,0.00007236216675989491
S,31.0,-0.0015148820836662152,0.00008960864520179534
S,32.0,-0.002743137032602429,0.000110382408007032
S,33.0,-0.005785206963186919,0.0001331206320818159
S,34.0,-0.01613636263239806,0.00015523312478322757
S,35.0,-0.07079315707174702,0.00017258524475618863
Tt,0.0,0.06663041339857412,0.00002408638432264071
Tt,1.0,-0.026907221515492404,7.316734268809559e-6
Tt,2.0,-0.004571728398166097,3.1543721633953397e-6
Tt,3.0,-0.0012391393902328064,2.088805839903903e-6
Tt,4.0,-0.0004831007497053004,1.5831466274502026e-6
Tt,5.0,-0.00023657721614868038,1.1516985324540403e-6
Tt,6.0,-0.00013197838695360294,8.546791939860168e-7
Tt,7.0,-0.00007916925946173194,6.836838607368341e-7
Tt,8.0,-0.000049630222336933536,6.060334137512e-7
Tt,9.0,-0.00003193715907029992,5.584067270365179e-7
Tt,10.0,-0.000020929940117368663,4.932906124580027e-7
Tt,11.0,-0.000013934777700986693,4.402886263577866e-7
Tt,12.0,-9.392168381206341e-6,3.9997617111390083e-7
Tt,13.0,-6.46270767224912e-6,3.5346935977118073e-7
Tt,14.0,-4.543424333947577e-6,3.2184187697190975e-7
Tt,15.0,-3.241847357108113e-6,3.2005022961279413e-7
Tt,16.0,-2.4133055975218546e-6,3.2454484059291904e-7
Tt,17.0,-2.010235616427281e-6,3.279034451783758e-7
Tt,18.0,-1.9025668464400093e-6,3.30826231113475e-7
Tt,19.0,-2.010235616427281e-6,3.279034451783758e-7
Tt,20.0,-2.4133055975218546e-6,3.2454484059291904e-7
Tt,21.0,-3.241847357108113e-6,3.2005022961279413e-7
Tt,22.0,-4.543424333947577e-6,3.2184187697190975e-7
Tt,23.0,-6.46270767224912e-6,3.5346935977118073e-7
Tt,24.0,-9.392168381206341e-6,3.9997617111390083e-7
Tt,25.0,-0.000013934777700986693,4.402886263577866e-7
Tt,26.0,-0.000020929940117368663,4.932906124580027e-7
Tt,27.0,-0.00003193715907029992,5.584067270365179e-7
Tt,28.0,-0.000049630222336933536,6.060334137512e-7
Tt,29.0,-0.00007916925946173194,6.836838607368341e-7
Tt,30.0,-0.00013197838695360294,8.546791939860168e-7
Tt,31.0,-0.00023657721614868038,1.1516985324540403e-6
Tt,32.0,-0.0004831007497053004,1.5831466274502026e-6
Tt,33.0,-0.0012391393902328064,2.088805839903903e-6
Tt,34.0,-0.004571728398166097,3.1543721633953397e-6
Tt,35.0,-0.026907221515492404,7.316734268809559e-6
PS,0.0,0.21884662705011557,0.0003415107765521109
PS,1.0,0.08089851652479144,0.0003391021472836877
PS,2.0,0.0257632536820896,0.0003159966482135992
PS,3.0,0.014757934669970796,0.0002839016192719907
PS,4.0,0.010987617945481863,0.00024911600845401886
PS,5.0,0.009022370141730737,0.00021724035948685624
PS,6.0,0.007708347993740411,0.00019073200909964553
PS,7.0,0.00670654595881193,0.0001682674273842476
PS,8.0,0.005898759843318591,0.00014737105105806233
PS,9.0,0.0052346041593360005,0.0001294380518726036
PS,10.0,0.004682879825376789,0.00011519041035616741
PS,11.0,0.004228022099205501,0.00010366520896515932
PS,12.0,0.003856422256459276,0.00009450105002435953
PS,13.0,0.0035524523897419854,0.00008754067636713025
PS,14.0,0.003308825475811649,0.00008187027865885668
PS,15.0,0.0031229811095518766,0.000077894049456995
PS,16.0,0.0029904769426392645,0.00007568550797004341
PS,17.0,0.0029114239256485,0.0000743049564568595
PS,18.0,0.0028853542229911482,0.00007375689012915513
PS,19.0,0.0029114239256485,0.0000743049564568595
PS,20.0,0.0029904769426392645,0.00007568550797004341
PS,21.0,0.0031229811095518766,0.000077894049456995
PS,22.0,0.003308825475811649,0.00008187027865885668
PS,23.0,0.0035524523897419854,0.00008754067636713025
PS,24.0,0.003856422256459276,0.00009450105002435953
PS,25.0,0.004228022099205501,0.00010366520896515932
PS,26.0,0.004682879825376789,0.00011519041035616741
PS,27.0,0.0052346041593360005,0.0001294380518726036
PS,28.0,0.005898759843318591,0.00014737105105806233
PS,29.0,0.00670654595881193,0.0001682674273842476
PS,30.0,0.007708347993740411,0.00019073200909964553
PS,31.0,0.009022370141730737,0.00021724035948685624
PS,32.0,0.010987617945481863,0.00024911600845401886
PS,33.0,0.014757934669970796,0.0002839016192719907
PS,34.0,0.0257632536820896,0.0003159966482135992
PS,35.0,0.08089851652479144,0.0003391021472836877
Xt,0.0,-0.06682192135381587,0.000025160427873589793
Xt,1.0,0.026736786336676758,8.70350314131102e-6
Xt,2.0,0.004434736913549107,4.015662781052933e-6
Xt,3.0,0.001130784039483471,2.570321953476976e-6
Xt,4.0,0.00039893670870461167,1.934509453135287e-6
Xt,5.0,0.00017234916288884233,1.4571725549442801e-6
Xt,6.0,0.00008386348959244806,1.1234186328657834e-6
Xt,7.0,0.00004394838652134346,8.585271107401938e-7
Xt,8.0,0.000024204705950606265,6.510421249099706e-7
Xt,9.0,0.00001376226336490028,4.878855464300227e-7
Xt,10.0,8.026836996183407e-6,4.1142847206714487e-7
Xt,11.0,4.785227199094936e-6,3.918848267766276e-7
Xt,12.0,2.8863999658490732e-6,3.8854675578368865e-7
Xt,13.0,1.8202076411145619e-6,3.877773495380113e-7
Xt,14.0,1.2215996453984356e-6,3.7948187481968594e-7
Xt,15.0,9.003327897887105e-7,3.73598837476593e-7
Xt,16.0,8.1628903441177e-7,3.6344705468917787e-7
Xt,17.0,8.48054482723649e-7,3.681852727094828e-7
Xt,18.0,8.599441953876578e-7,3.808187870990957e-7
Xt,19.0,8.48054482723649e-7,3.681852727094828e-7
Xt,20.0,8.1628903441177e-7,3.6344705468917787e-7
Xt,21.0,9.003327897887105e-7,3.73598837476593e-7
Xt,22.0,1.2215996453984356e-6,3.7948187481968594e-7
Xt,23.0,1.8202076411145619e-6,3.877773495380113e-7
Xt,24.0,2.8863999658490732e-6,3.8854675578368865e-7
Xt,25.0,4.785227199094936e-6,3.918848267766276e-7
Xt,26.0,8.026836996183407e-6,4.1142847206714487e-7
Xt,27.0,0.00001376226336490028,4.878855464300227e-7
Xt,28.0,0.000024204705950606265,6.510421249099706e-7
Xt,29.0,0.00004394838652134346,8.585271107401938e-7
Xt,30.0,0.00008386348959244806,1.1234186328657834e-6
Xt,31.0,0.00017234916288884233,1.4571725549442801e-6
Xt,32.0,0.00039893670870461167,1.934509453135287e-6
Xt,33.0,0.001130784039483471,2.570321953476976e-6
Xt,34.0,0.004434736913549107,4.015662781052933e-6
Xt,35.0,0.026736786336676758,8.70350314131102e-6
Vec,0.0,-0.06767721925713309,0.00001581091836541049
Vec,1.0,-0.04609449570224564,9.63777616402022e-6
Vec,2.0,-0.008664520559499794,3.936557207691813e-6
Vec,3.0,-0.0025358675488250126,2.488437118586819e-6
Vec,4.0,-0.0010386306584004173,1.968945405931932e-6
Vec,5.0,-0.0005250633347832098,1.6484244642911616e-6
Vec,6.0,-0.0003001153329292481,1.3967947512076125e-6
Vec,7.0,-0.00018452358789256964,1.1878438727915375e-6
Vec,8.0,-0.00011877328954457324,1.0142902657530419e-6
Vec,9.0,-0.00007873081463680619,8.566076890249918e-7
Vec,10.0,-0.000053195586942982486,7.324108265622466e-7
Vec,11.0,-0.00003653029771059648,6.333740278518361e-7
Vec,12.0,-0.000025462086708550595,5.407869228063677e-7
Vec,13.0,-0.00001800523239228483,4.790177383689595e-7
Vec,14.0,-0.000012955669386196152,4.3860157886521586e-7
Vec,15.0,-9.562097994990976e-6,4.270218477778038e-7
Vec,16.0,-7.387390508700964e-6,4.4392376875175966e-7
Vec,17.0,-6.1763203365253795e-6,4.6688756857230886e-7
Vec,18.0,-5.797122032765804e-6,4.7359603904767306e-7
Vec,19.0,-6.1763203365253795e-6,4.6688756857230886e-7
Vec,20.0,-7.387390508700964e-6,4.4392376875175966e-7
Vec,21.0,-9.562097994990976e-6,4.270218477778038e-7
Vec,22.0,-0.000012955669386196152,4.3860157886521586e-7
Vec,23.0,-0.00001800523239228483,4.790177383689595e-7
Vec,24.0,-0.000025462086708550595,5.407869228063677e-7
Vec,25.0,-0.00003653029771059648,6.333740278518361e-7
Vec,26.0,-0.000053195586942982486,7.324108265622466e-7
Vec,27.0,-0.00007873081463680619,8.566076890249918e-7
Vec,28.0,-0.00011877328954457324,1.0142902657530419e-6
Vec,29.0,-0.00018452358789256964,1.1878438727915375e-6
Vec,30.0,-0.0003001153329292481,1.3967947512076125e-6
Vec,31.0,-0.0005250633347832098,1.6484244642911616e-6
Vec,32.0,-0.0010386306584004173,1.968945405931932e-6
Vec,33.0,-0.0025358675488250126,2.488437118586819e-6
Vec,34.0,-0.008664520559499794,3.936557207691813e-6
Vec,35.0,-0.04609449570224564,9.63777616402022e-6
