0.06665974078303202,0.06665155502666656,0.06665529241596528,0.06665110470773189,0.06665575259048977,0.06664854457795005,0.06664679989588797,0.0666558224944242,0.06665847912444431,0.06665138298626574,0.06665345748894858,0.06665333157568713,0.06665040218612332,0.06664611024206711,0.06665550413423268,0.06664759969917598,0.06665594756361938,0.06665239255891808,0.066661850748787,0.06665661265525823,0.06665180830526563,0.06665229445606582,0.06664831061268353,0.06664756483035195
-0.02689982023575446,-0.026901957602345088,-0.02690607068166393,-0.026901203341047765,-0.026904590555472965,-0.026905740244702443,-0.026906434914733615,-0.026903464751124356,-0.026906354852108343,-0.026904729136031424,-0.026906437526372506,-0.026905042720189055,-0.026903689833355178,-0.02690321710341386,-0.026903532109392538,-0.026903512186588978,-0.026901731657684197,-0.02690359387650358,-0.026903771115537073,-0.02690320429529044,-0.026902769805639656,-0.026904069712356794,-0.026903055786894208,-0.026899573174662413
-0.004561903413108174,-0.004565344259246082,-0.004565999385186557,-0.004563290035623757,-0.004565756548026354,-0.004566842781481567,-0.00456650925104608,-0.004565510714774624,-0.004566432756990087,-0.004566365182078432,-0.004565918776418433,-0.004565620343563233,-0.0045652872623430695,-0.004564860540839339,-0.0045658469648391375,-0.004566047072355811,-0.004565049662526922,-0.004565316551393228,-0.0045657911508336325,-0.004566134720651108,-0.004564994189917699,-0.004565827023876905,-0.004565617249989586,-0.004562908949889623
-0.0012311333393949112,-0.0012338611251533837,-0.0012340910040456498,-0.001231874690828255,-0.0012337555118739464,-0.0012344706283325488,-0.001233952415595756,-0.0012339700561244211,-0.0012345051578413926,-0.0012343694724336889,-0.0012337509519468152,-0.0012339182720602154,-0.0012338754705417164,-0.0012335233789372408,-0.0012341059283874165,-0.0012345651986995104,-0.0012337471273534293,-0.001233999496034288,-0.0012341475062482951,-0.0012342858542230472,-0.0012334087058124424,-0.0012338864735280072,-0.00123444900586255,-0.001232575038673774
-0.0004772051981526844,-0.0004788647456347618,-0.0004788321226916101,-0.0004770681001247115,-0.00047868456739187085,-0.0004792083452815484,-0.00047871039285252555,-0.00047910078354911913,-0.00047958623818343126,-0.0004793146575507866,-0.0004786503565595209,-0.0004790362384836852,-0.00047901116780472834,-0.00047888132254997394,-0.00047920940383351716,-0.00047947149235922726,-0.0004790123451389554,-0.00047915385063304573,-0.00047913377166932856,-0.0004790213959752602,-0.00047833712616532424,-0.0004788293809434239,-0.0004794461265354075,-0.0004783155332333654
-0.00023219560627672106,-0.00023341725761407038,-0.00023310485084467259,-0.00023164756151171207,-0.00023307873790418926,-0.00023342298829688967,-0.00023304313768080163,-0.00023354268933519526,-0.00023395452477482416,-0.00023366189971153148,-0.0002329737243765693,-0.00023340468935317203,-0.00023343005799567263,-0.0002334448135055404,-0.0002335011796350429,-0.00023367581722119949,-0.000233449525869769,-0.00023352561215420309,-0.00023352566351998966,-0.0002332174303365279,-0.0002327055110788342,-0.00023324212567721404,-0.00023374989716547516,-0.00023306102472952914
-0.00012868620149384579,-0.0001298317094526473,-0.0001292501702199418,-0.00012815411459737625,-0.00012932341103299972,-0.0001294145235143173,-0.00012922366556260035,-0.00012979423784208015,-0.00013011656654256598,-0.0001297834572560591,-0.0001292236044746433,-0.00012960499812908228,-0.00012963661201931547,-0.000129704502776417,-0.00012964814824400177,-0.00012968799853091227,-0.00012962093481075235,-0.00012975710071817613,-0.00012977436486462653,-0.00012939945758173665,-0.00012898805643498962,-0.00012948553371301027,-0.00012983385596141605,-0.00012936837099218306
-0.00007688294223352372,-0.00007809455914061654,-0.00007732365299984211,-0.00007651229937179206,-0.00007748178963276931,-0.0000774035621141008,-0.00007730179307742992,-0.00007789257328412996,-0.00007815319215856613,-0.00007779423885727926,-0.00007746834705478958,-0.0000777018397172292,-0.00007778988609195088,-0.00007779995739850878,-0.00007770914672657971,-0.00007768309964856595,-0.00007774648031794104,-0.00007789439294537398,-0.00007788570576790736,-0.00007757717538872047,-0.00007722062147151826,-0.0000776517373201319,-0.0000777833132348706,-0.00007731648292011503
-0.000048192144932812946,-0.00004929243692562607,-0.00004852464740417806,-0.00004777109231719443,-0.00004874040206167607,-0.00004861110666294972,-0.00004849437963140014,-0.000049013669286261246,-0.000049233942354415686,-0.00004890213086378902,-0.000048767418948994246,-0.00004893053673997835,-0.00004899944246862479,-0.000048924499987021316,-0.00004882934013845677,-0.000048816393175275515,-0.00004899644758968537,-0.000049049825858175565,-0.00004905807086481627,-0.00004880578704954136,-0.00004843753694565654,-0.000048909109771958385,-0.000048849683869424474,-0.00004844753351986175
-0.000031018836933881756,-0.000031903134369186096,-0.000031270744727251584,-0.00003046183731481375,-0.00003145958453696011,-0.00003131284929205877,-0.00003116321275485486,-0.000031596454481400255,-0.000031759319915483094,-0.00003148919148540774,-0.0000314476906194877,-0.00003166046094828935,-0.00003164031516352513,-0.00003150711026457145,-0.00003140542547936726,-0.000031494005794341624,-0.00003171198331163454,-0.00003166335159483496,-0.00003171010957826693,-0.00003147367239752567,-0.000031156040241350594,-0.00003161356594001029,-0.00003145093938137572,-0.00003117092413265315
-0.000020173001311086776,-0.000020828707135600988,-0.000020309366508347473,-0.000019476244994052065,-0.000020437257009507197,-0.000020280372386222016,-0.000020156050502528268,-0.00002048951307802598,-0.000020610454645718447,-0.000020397707148688078,-0.000020395088561533602,-0.00002063715948084987,-0.00002057599711171046,-0.000020387091406319762,-0.000020283721307648032,-0.000020489437597361043,-0.00002073931799776435,-0.000020588125695045498,-0.000020641414923466063,-0.000020397024589394948,-0.0000202301726245724,-0.00002054246883551773,-0.000020429549231097583,-0.000020203362736170768
-0.0000130339872612594,-0.000013525420214009643,-0.000013112104203064769,-0.000012435478014175262,-0.00001322854229377913,-0.000012999344711326136,-0.000012999818666079201,-0.000013225690749983243,-0.000013332345135688357,-0.000013179157949877197,-0.000013205533289732262,-0.000013388275884275184,-0.000013345020115609438,-0.000013124229839370865,-0.00001298918934867073,-0.000013306160177395654,-0.000013592229695712359,-0.000013328725788171776,-0.000013350430841634212,-0.000013102194387099486,-0.00001309331439113967,-0.000013240584870847256,-0.000013198771329954448,-0.00001314885396975554
-8.40070977183738e-6,-8.823072503568e-6,-8.481236473955117e-6,-8.021978667448835e-6,-8.631097837782219e-6,-8.346965680823484e-6,-8.476242467674133e-6,-8.579382734005484e-6,-8.668704400769893e-6,-8.601924964810018e-6,-8.575054496109397e-6,-8.701470960498544e-6,-8.729533698751375e-6,-8.488162811772562e-6,-8.332950525896185e-6,-8.692969937859799e-6,-9.01378968181629e-6,-8.693903243413174e-6,-8.672032039686106e-6,-8.42705274444861e-6,-8.512066014857466e-6,-8.555706136260113e-6,-8.519702059389442e-6,-8.640111528992993e-6
-5.3611420865569765e-6,-5.760288216800035e-6,-5.4748597627901405e-6,-5.258371263855403e-6,-5.66749755340091e-6,-5.308542399846382e-6,-5.561815615135635e-6,-5.568271663322651e-6,-5.603469208913788e-6,-5.6032253486059555e-6,-5.505764722484637e-6,-5.605888368456696e-6,-5.689289063191787e-6,-5.466112284522651e-6,-5.2860109017102095e-6,-5.681567096824949e-6,-5.981029352700452e-6,-5.645497841204731e-6,-5.620857111297978e-6,-5.362626076993964e-6,-5.480076302215705e-6,-5.517978845137799e-6,-5.483998329509637e-6,-5.654260121771405e-6
-3.3952477286537883e-6,-3.754936087874982e-6,-3.5100277955321882e-6,-3.541611014103429e-6,-3.705732051042495e-6,-3.3026622950620577e-6,-3.6353383471143546e-6,-3.5700537047012392e-6,-3.5641834379477584e-6,-3.61253518370601e-6,-3.4460921093146596e-6,-3.5438686303825743e-6,-3.6921911629985908e-6,-3.4860743737236974e-6,-3.294450634757165e-6,-3.7070427338946508e-6,-3.949852538341337e-6,-3.6289570798375836e-6,-3.6221789538177307e-6,-3.3909482962868353e-6,-3.45846971908992e-6,-3.5377768838972073e-6,-3.504882150353168e-6,-3.6786939496927086e-6
-1.847682177060464e-6,-2.1595865391409874e-6,-1.9346129051423915e-6,-2.131540099051188e-6,-2.1206996355142163e-6,-1.681907459632055e-6,-2.0489908571582346e-6,-1.927648512667378e-6,-1.9469004661560757e-6,-1.9819672426301864e-6,-1.8159593098824338e-6,-1.8794599534326346e-6,-2.0373920857811136e-6,-1.875323350149283e-6,-1.694526878664072e-6,-2.1105219887711787e-6,-2.3345131137658625e-6,-2.0319990302953607e-6,-2.0079837412000203e-6,-1.854563999660404e-6,-1.8472923628246036e-6,-1.950681824916938e-6,-1.927956849555532e-6,-2.1047208929664615e-6
-7.590362459486993e-7,-1.0205099531508886e-6,-8.118466813856288e-7,-1.1009702389702597e-6,-9.46464994912947e-7,-4.954033402042391e-7,-8.863555944973525e-7,-7.72303073848528e-7,-7.903089006562618e-7,-7.891715610726217e-7,-6.743014347869013e-7,-7.072852075293976e-7,-8.349893331570968e-7,-7.185438621299186e-7,-5.781454385712427e-7,-9.750477463264208e-7,-1.1929569282264563e-6,-8.42708040230146e-7,-8.599876226618603e-7,-7.707983862622007e-7,-6.80089923594135e-7,-7.721069023889427e-7,-7.76319626038495e-7,-9.359681049168498e-7
-2.1608800895843287e-7,-3.864141794511435e-7,-2.0747137768968968e-7,-5.472562385583451e-7,-3.043600804922887e-7,1.7412290118693185e-7,-1.994073732473694e-7,-1.3748427712175266e-7,-1.5070438209523044e-7,-1.263755428035221e-7,-1.8391225092862093e-8,-8.276155469925294e-8,-1.8073282241533294e-7,-5.5904005907970086e-8,4.987633161851639e-8,-3.530704570379086e-7,-5.308068681020081e-7,-1.5848466769511842e-7,-2.2035608885706983e-7,-1.832495048164431e-7,-2.335046434473815e-8,-1.3007499496446073e-7,-1.4718711764231467e-7,-2.891374851611546e-7
-4.3574280944168495e-8,-1.9232671801433511e-7,-2.044114841285541e-8,-3.863206809094224e-7,-1.0760886563250223e-7,3.850878956322319e-7,4.9198404900696426e-8,6.967431938225261e-8,5.780662644001606e-8,9.031854650979523e-8,2.0893554246114442e-7,1.1938838915095974e-7,1.6619730568810433e-8,1.6549383028421214e-7,2.4795618298623617e-7,-1.5599066115492047e-7,-3.0300788266038326e-7,5.9339638748278194e-8,-1.6447562846293754e-8,6.0604441729079245e-9,1.9250182250100016e-7,6.94855821997852e-8,3.481395781866032e-8,-9.441851190199589e-8
-2.1608800895843287e-7,-3.864141794511435e-7,-2.0747137768968968e-7,-5.472562385583451e-7,-3.043600804922887e-7,1.7412290118693185e-7,-1.994073732473694e-7,-1.3748427712175266e-7,-1.5070438209523044e-7,-1.263755428035221e-7,-1.8391225092862093e-8,-8.276155469925294e-8,-1.8073282241533294e-7,-5.5904005907970086e-8,4.987633161851639e-8,-3.530704570379086e-7,-5.308068681020081e-7,-1.5848466769511842e-7,-2.2035608885706983e-7,-1.832495048164431e-7,-2.335046434473815e-8,-1.3007499496446073e-7,-1.4718711764231467e-7,-2.891374851611546e-7
-7.590362459486993e-7,-1.0205099531508886e-6,-8.118466813856288e-7,-1.1009702389702597e-6,-9.46464994912947e-7,-4.954033402042391e-7,-8.863555944973525e-7,-7.72303073848528e-7,-7.903089006562618e-7,-7.891715610726217e-7,-6.743014347869013e-7,-7.072852075293976e-7,-8.349893331570968e-7,-7.185438621299186e-7,-5.781454385712427e-7,-9.750477463264208e-7,-1.1929569282264563e-6,-8.42708040230146e-7,-8.599876226618603e-7,-7.707983862622007e-7,-6.80089923594135e-7,-7.721069023889427e-7,-7.76319626038495e-7,-9.359681049168498e-7
-1.847682177060464e-6,-2.1595865391409874e-6,-1.9346129051423915e-6,-2.131540099051188e-6,-2.1206996355142163e-6,-1.681907459632055e-6,-2.0489908571582346e-6,-1.927648512667378e-6,-1.9469004661560757e-6,-1.9819672426301864e-6,-1.8159593098824338e-6,-1.8794599534326346e-6,-2.0373920857811136e-6,-1.875323350149283e-6,-1.694526878664072e-6,-2.1105219887711787e-6,-2.3345131137658625e-6,-2.0319990302953607e-6,-2.0079837412000203e-6,-1.854563999660404e-6,-1.8472923628246036e-6,-1.950681824916938e-6,-1.927956849555532e-6,-2.1047208929664615e-6
-3.3952477286537883e-6,-3.754936087874982e-6,-3.5100277955321882e-6,-3.541611014103429e-6,-3.705732051042495e-6,-3.3026622950620577e-6,-3.6353383471143546e-6,-3.5700537047012392e-6,-3.5641834379477584e-6,-3.61253518370601e-6,-3.4460921093146596e-6,-3.5438686303825743e-6,-3.6921911629985908e-6,-3.4860743737236974e-6,-3.294450634757165e-6,-3.7070427338946508e-6,-3.949852538341337e-6,-3.6289570798375836e-6,-3.6221789538177307e-6,-3.3909482962868353e-6,-3.45846971908992e-6,-3.5377768838972073e-6,-3.504882150353168e-6,-3.6786939496927086e-6
-5.3611420865569765e-6,-5.760288216800035e-6,-5.4748597627901405e-6,-5.258371263855403e-6,-5.66749755340091e-6,-5.308542399846382e-6,-5.561815615135635e-6,-5.568271663322651e-6,-5.603469208913788e-6,-5.6032253486059555e-6,-5.505764722484637e-6,-5.605888368456696e-6,-5.689289063191787e-6,-5.466112284522651e-6,-5.2860109017102095e-6,-5.681567096824949e-6,-5.981029352700452e-6,-5.645497841204731e-6,-5.620857111297978e-6,-5.362626076993964e-6,-5.480076302215705e-6,-5.517978845137799e-6,-5.483998329509637e-6,-5.654260121771405e-6
-8.40070977183738e-6,-8.823072503568e-6,-8.481236473955117e-6,-8.021978667448835e-6,-8.631097837782219e-6,-8.346965680823484e-6,-8.476242467674133e-6,-8.579382734005484e-6,-8.668704400769893e-6,-8.601924964810018e-6,-8.575054496109397e-6,-8.701470960498544e-6,-8.729533698751375e-6,-8.488162811772562e-6,-8.332950525896185e-6,-8.692969937859799e-6,-9.01378968181629e-6,-8.693903243413174e-6,-8.672032039686106e-6,-8.42705274444861e-6,-8.512066014857466e-6,-8.555706136260113e-6,-8.519702059389442e-6,-8.640111528992993e-6
-0.0000130339872612594,-0.000013525420214009643,-0.000013112104203064769,-0.000012435478014175262,-0.00001322854229377913,-0.000012999344711326136,-0.000012999818666079201,-0.000013225690749983243,-0.000013332345135688357,-0.000013179157949877197,-0.000013205533289732262,-0.000013388275884275184,-0.000013345020115609438,-0.000013124229839370865,-0.00001298918934867073,-0.000013306160177395654,-0.000013592229695712359,-0.000013328725788171776,-0.000013350430841634212,-0.000013102194387099486,-0.00001309331439113967,-0.000013240584870847256,-0.000013198771329954448,-0.00001314885396975554
-0.000020173001311086776,-0.000020828707135600988,-0.000020309366508347473,-0.000019476244994052065,-0.000020437257009507197,-0.000020280372386222016,-0.000020156050502528268,-0.00002048951307802598,-0.000020610454645718447,-0.000020397707148688078,-0.000020395088561533602,-0.00002063715948084987,-0.00002057599711171046,-0.000020387091406319762,-0.000020283721307648032,-0.000020489437597361043,-0.00002073931799776435,-0.000020588125695045498,-0.000020641414923466063,-0.000020397024589394948,-0.0000202301726245724,-0.00002054246883551773,-0.000020429549231097583,-0.000020203362736170768
-0.000031018836933881756,-0.000031903134369186096,-0.000031270744727251584,-0.00003046183731481375,-0.00003145958453696011,-0.00003131284929205877,-0.00003116321275485486,-0.000031596454481400255,-0.000031759319915483094,-0.00003148919148540774,-0.0000314476906194877,-0.00003166046094828935,-0.00003164031516352513,-0.00003150711026457145,-0.00003140542547936726,-0.000031494005794341624,-0.00003171198331163454,-0.00003166335159483496,-0.00003171010957826693,-0.00003147367239752567,-0.000031156040241350594,-0.00003161356594001029,-0.00003145093938137572,-0.00003117092413265315
-0.000048192144932812946,-0.00004929243692562607,-0.00004852464740417806,-0.00004777109231719443,-0.00004874040206167607,-0.00004861110666294972,-0.00004849437963140014,-0.000049013669286261246,-0.000049233942354415686,-0.00004890213086378902,-0.000048767418948994246,-0.00004893053673997835,-0.00004899944246862479,-0.000048924499987021316,-0.00004882934013845677,-0.000048816393175275515,-0.00004899644758968537,-0.000049049825858175565,-0.00004905807086481627,-0.00004880578704954136,-0.00004843753694565654,-0.000048909109771958385,-0.000048849683869424474,-0.00004844753351986175
-0.00007688294223352372,-0.00007809455914061654,-0.00007732365299984211,-0.00007651229937179206,-0.00007748178963276931,-0.0000774035621141008,-0.00007730179307742992,-0.00007789257328412996,-0.00007815319215856613,-0.00007779423885727926,-0.00007746834705478958,-0.0000777018397172292,-0.00007778988609195088,-0.00007779995739850878,-0.00007770914672657971,-0.00007768309964856595,-0.00007774648031794104,-0.00007789439294537398,-0.00007788570576790736,-0.00007757717538872047,-0.00007722062147151826,-0.0000776517373201319,-0.0000777833132348706,-0.00007731648292011503
-0.00012868620149384579,-0.0001298317094526473,-0.0001292501702199418,-0.00012815411459737625,-0.00012932341103299972,-0.0001294145235143173,-0.00012922366556260035,-0.00012979423784208015,-0.00013011656654256598,-0.0001297834572560591,-0.0001292236044746433,-0.00012960499812908228,-0.00012963661201931547,-0.000129704502776417,-0.00012964814824400177,-0.00012968799853091227,-0.00012962093481075235,-0.00012975710071817613,-0.00012977436486462653,-0.00012939945758173665,-0.00012898805643498962,-0.00012948553371301027,-0.00012983385596141605,-0.00012936837099218306
-0.00023219560627672106,-0.00023341725761407038,-0.00023310485084467259,-0.00023164756151171207,-0.00023307873790418926,-0.00023342298829688967,-0.00023304313768080163,-0.00023354268933519526,-0.00023395452477482416,-0.00023366189971153148,-0.0002329737243765693,-0.00023340468935317203,-0.00023343005799567263,-0.0002334448135055404,-0.0002335011796350429,-0.00023367581722119949,-0.000233449525869769,-0.00023352561215420309,-0.00023352566351998966,-0.0002332174303365279,-0.0002327055110788342,-0.00023324212567721404,-0.00023374989716547516,-0.00023306102472952914
-0.0004772051981526844,-0.0004788647456347618,-0.0004788321226916101,-0.0004770681001247115,-0.00047868456739187085,-0.0004792083452815484,-0.00047871039285252555,-0.00047910078354911913,-0.00047958623818343126,-0.0004793146575507866,-0.0004786503565595209,-0.0004790362384836852,-0.00047901116780472834,-0.00047888132254997394,-0.00047920940383351716,-0.00047947149235922726,-0.0004790123451389554,-0.00047915385063304573,-0.00047913377166932856,-0.0004790213959752602,-0.00047833712616532424,-0.0004788293809434239,-0.0004794461265354075,-0.0004783155332333654
-0.0012311333393949112,-0.0012338611251533837,-0.0012340910040456498,-0.001231874690828255,-0.0012337555118739464,-0.0012344706283325488,-0.001233952415595756,-0.0012339700561244211,-0.0012345051578413926,-0.0012343694724336889,-0.0012337509519468152,-0.0012339182720602154,-0.0012338754705417164,-0.0012335233789372408,-0.0012341059283874165,-0.0012345651986995104,-0.0012337471273534293,-0.001233999496034288,-0.0012341475062482951,-0.0012342858542230472,-0.0012334087058124424,-0.0012338864735280072,-0.00123444900586255,-0.001232575038673774
-0.004561903413108174,-0.004565344259246082,-0.004565999385186557,-0.004563290035623757,-0.004565756548026354,-0.004566842781481567,-0.00456650925104608,-0.004565510714774624,-0.004566432756990087,-0.004566365182078432,-0.004565918776418433,-0.004565620343563233,-0.0045652872623430695,-0.004564860540839339,-0.0045658469648391375,-0.004566047072355811,-0.004565049662526922,-0.004565316551393228,-0.0045657911508336325,-0.004566134720651108,-0.004564994189917699,-0.004565827023876905,-0.004565617249989586,-0.004562908949889623
-0.02689982023575446,-0.026901957602345088,-0.02690607068166393,-0.026901203341047765,-0.026904590555472965,-0.026905740244702443,-0.026906434914733615,-0.026903464751124356,-0.026906354852108343,-0.026904729136031424,-0.026906437526372506,-0.026905042720189055,-0.026903689833355178,-0.02690321710341386,-0.026903532109392538,-0.026903512186588978,-0.026901731657684197,-0.02690359387650358,-0.026903771115537073,-0.02690320429529044,-0.026902769805639656,-0.026904069712356794,-0.026903055786894208,-0.026899573174662413
