-0.06679455974079086,-0.06679702418252334,-0.06679130693408654,-0.06679376686242774,-0.06679743675031326,-0.0667956980916223,-0.06679987717967693,-0.06678989392381683,-0.06679050788247996,-0.06679303882395507,-0.06679260018957331,-0.06679290891110362,-0.06679313402443403,-0.06679848536575267,-0.06679365077233858,-0.0667966771143509,-0.06679279271489835,-0.06678715500555539,-0.06679455763616533,-0.06679497425950803,-0.06679655667043985,-0.06679155121948287,-0.06679767104870989,-0.06678616529823114,-0.06678266252843316,-0.06680356989824164,-0.06679378411562277,-0.06678820664700802,-0.06679078141313206,-0.06678821622352347
0.02675960611925172,0.026759453648050602,0.026758458189218962,0.0267601314600706,0.026759170822785658,0.026757455214331805,0.026760250207909855,0.026758185261027155,0.02675914291047269,0.026762650912478946,0.0267632709564263,0.026761151754768165,0.026759249594597957,0.026760305771464654,0.02675625570191214,0.026763105165990484,0.026757254227048402,0.026760474431978702,0.026758788262423883,0.026758051967603252,0.02675881152194614,0.026759252134451142,0.026757842489552694,0.026761318472848995,0.026760391752532066,0.02675881606344055,0.02675889490028559,0.02675739872455225,0.02675987135162735,0.026762313254072315
0.004453259715946403,0.0044528736890085095,0.004451489297939685,0.0044536439423683,0.004452978029681504,0.004451815138499966,0.00445240995744388,0.004452582565511472,0.004452545236042401,0.004454521089433578,0.004455036166353641,0.004454114537154025,0.00445274981305697,0.00445386144224485,0.004452368932249385,0.0044547108201554875,0.004451729363585467,0.004453588861739846,0.0044528963733058945,0.004452145646530516,0.00445280290139655,0.004452753518796,0.0044528037055132485,0.004452868383962241,0.004451850647669177,0.004453487528082605,0.004452784148626537,0.004451680070783892,0.004452732106957635,0.004453917930581272
0.0011452421805780277,0.0011448501344816476,0.001144221123984685,0.0011452085048864365,0.0011448246055716575,0.001144559887061174,0.0011444662630872462,0.001144683832648497,0.0011445357257981225,0.0011461141153702367,0.001146221248934339,0.0011460641780781306,0.0011446940040384722,0.0011453911401273606,0.0011450228479995526,0.0011459726373651198,0.0011445289375259437,0.001145580789877212,0.0011450115043810665,0.0011447455200768136,0.0011449855792062045,0.001144790398467634,0.0011449930943840023,0.0011451307638392992,0.0011440338296793038,0.0011455377188745771,0.0011447262294232816,0.0011441873918116895,0.0011448289993748013,0.0011456508039150736
0.0004109250089222131,0.0004106008835917692,0.00041018432232284416,0.0004106553278324825,0.0004104664227578806,0.00041042515250380447,0.00041020662310581216,0.0004104301090837319,0.00041027061322264477,0.00041137225817026426,0.0004113877115581385,0.000411386463028383,0.00041049435419629975,0.00041073823444448874,0.0004106740962326657,0.00041123057989326525,0.00041044794549379186,0.0004111355312768413,0.0004106031978683781,0.0004106988231524116,0.0004106599002763294,0.0004104627110748818,0.0004105557190347166,0.0004108248470947157,0.0004098132755002893,0.0004110260748413385,0.0004104452760862028,0.00041017693149964434,0.00041053103552966363,0.0004110470152369253
0.00018208193115765606,0.00018183449673008092,0.00018154073691338174,0.0001817712101588853,0.00018162527373379224,0.00018172119627955763,0.0001814336583294729,0.00018168065228337416,0.00018154410015631064,0.00018218684102584362,0.0001822754397248257,0.000182341660387956,0.00018175210408375515,0.00018183105116761477,0.00018178414834978178,0.00018216322551140116,0.00018172129818492584,0.00018216627168683963,0.00018177114836936227,0.00018198892313485638,0.00018180728414950883,0.00018165202520034024,0.00018170072881777515,0.0001819465316251924,0.00018122960033052814,0.00018208707535286684,0.0001816494915369628,0.00018153263339087237,0.00018171987677268007,0.0001820728234813049
0.00009167605739461666,0.00009151935055751309,0.00009126914278198968,0.00009142631269532219,0.00009131111059191714,0.0000913908975157277,0.00009113517648942496,0.00009137612182857644,0.00009125318545307926,0.00009157249868858565,0.0000916434267107981,0.00009185171654863889,0.0000914286311581702,0.00009151439142836364,0.0000913962616834361,0.00009164774153856985,0.00009143474471308869,0.00009178113833921444,0.00009147182962177673,0.00009165924081250309,0.00009146819980847642,0.00009133310408139146,0.0000913825589633509,0.0000915268755720167,0.00009106388075809212,0.00009165817940375346,0.00009129668668449718,0.00009129099139877053,0.00009135705142512392,0.00009166571567221252
0.000049998166842736165,0.00004990629302658881,0.00004964290784620416,0.00004983719618354079,0.00004968315328843298,0.00004970489048883962,0.00004953942416327082,0.000049762686728364064,0.000049653622652890355,0.000049774118847060694,0.000049809768261624155,0.00005010197747600988,0.000049795327509643734,0.0000499205971059796,0.00004970958372874316,0.000049908649262126976,0.00004984963538280227,0.000050148738072659835,0.00004988250432110812,0.00004998686680587837,0.00004985328413655037,0.00004974291866633761,0.00004976221147408892,0.00004988037619325719,0.00004951973749764189,0.000049972050496742315,0.00004967118971702859,0.00004972108245361527,0.0000497154183200825,0.00004995951594363017
0.000028598265791295223,0.000028528853897727166,0.000028248838058701528,0.00002853917898955703,0.00002834834946895735,0.000028362186898353582,0.00002822355985272782,0.00002843284081116519,0.000028361087258594137,0.000028362880036680312,0.000028427438462221006,0.000028685665011489954,0.000028439739042177424,0.00002859423822164207,0.000028301933056855316,0.000028507705398365428,0.000028536340683387106,0.000028790761403180814,0.000028565306803634298,0.00002858435203523167,0.000028493832169915354,0.000028417554990918052,0.00002842745307966709,0.000028526613688644482,0.000028220981075815345,0.000028599206871034424,0.000028356578841551084,0.00002839612818352477,0.000028393330110008574,0.00002854230634944573
0.000016867296064712056,0.000016795803861094146,0.000016562388930823957,0.000016865139964585022,0.00001667295571775569,0.00001670386499190306,0.00001659073816639635,0.000016786023818042118,0.00001673873438470884,0.000016618268641899005,0.000016804125910617802,0.000016982399416087994,0.000016754597875271276,0.000016929176064976597,0.000016599919099275482,0.000016785354236530326,0.00001688058991140226,0.00001706377653259018,0.000016946724936502737,0.000016880653327989318,0.000016793743100676743,0.000016756492299309235,0.000016728070741648894,0.000016838744280066537,0.000016580796688300733,0.0000168719036632373,0.000016698581396269597,0.000016707025185218502,0.000016750650400152132,0.000016858512247338758
0.000010183291894297328,0.000010117534599462902,9.961771706955173e-6,0.000010224390266658355,0.000010042991351756927,0.000010097967626171228,0.000010000880354733087,0.000010162496930945513,0.000010147589708174958,9.941852545841085e-6,0.000010239601609322138,0.000010329917732909075,0.000010129036985142204,0.000010299685823998403,9.97894893567001e-6,0.000010118438765671252,0.00001022326762758831,0.000010346972134554437,0.000010340652677849323,0.000010222863179492013,0.000010137796939094426,0.000010146998938152751,0.000010096054082742941,0.000010198384930307824,9.987955367911471e-6,0.000010168124594673583,0.00001007992541198281,0.000010072531971856707,0.000010152919860595413,0.000010250644520030217
6.262587326516506e-6,6.205239349862685e-6,6.101616059810459e-6,6.312207700013002e-6,6.1640954274658084e-6,6.238327686782672e-6,6.162097047330334e-6,6.260046886066292e-6,6.280711363067038e-6,6.048485756636519e-6,6.430763492203412e-6,6.419877131579793e-6,6.26616159680174e-6,6.395196740190178e-6,6.105295471944702e-6,6.20060206381874e-6,6.299658886975487e-6,6.387797446770312e-6,6.448262207137971e-6,6.306942941138884e-6,6.228227645632529e-6,6.308710379240246e-6,6.240184052552783e-6,6.2964276321596876e-6,6.131046846672323e-6,6.207306453889639e-6,6.234525527471178e-6,6.176887430016082e-6,6.280210208548853e-6,6.39472155557709e-6
3.878618195516904e-6,3.844732563657861e-6,3.768478997586209e-6,3.931213364348631e-6,3.814721832564141e-6,3.922499109882641e-6,3.832856164751106e-6,3.900006358092787e-6,3.91261429186033e-6,3.710150302827996e-6,4.153049676884468e-6,4.03007424195805e-6,3.91812498591167e-6,4.007039339569127e-6,3.7928781946129054e-6,3.842165043797853e-6,3.917473714134484e-6,3.996218159126264e-6,4.057219497321486e-6,3.934333158746327e-6,3.867761642573751e-6,3.990864647466748e-6,3.928383509342898e-6,3.912775126141046e-6,3.830372823539451e-6,3.8045231612659847e-6,3.91299048462257e-6,3.827221445717574e-6,3.925000829956347e-6,4.039583671556033e-6
2.351638840027748e-6,2.346170532189073e-6,2.275276649182176e-6,2.4121516085360462e-6,2.328680467374352e-6,2.449137879087005e-6,2.3490209038904493e-6,2.4087631379582705e-6,2.370475801743878e-6,2.2239097126666705e-6,2.6928386964976527e-6,2.4981203821389336e-6,2.413397328198676e-6,2.477355824287445e-6,2.3356434823904967e-6,2.3457883715030617e-6,2.3988563409086906e-6,2.468385268987289e-6,2.5159291812874887e-6,2.437495470075995e-6,2.369525768630198e-6,2.480460172686718e-6,2.4418468035967886e-6,2.3838618394071055e-6,2.3713328698215476e-6,2.2881625553440065e-6,2.4146872466086385e-6,2.3227138560578643e-6,2.412847513215553e-6,2.522331399067831e-6
1.308612822206542e-6,1.3314857872472554e-6,1.2497856062695678e-6,1.4014747666753995e-6,1.3199555125371413e-6,1.4358988667315387e-6,1.3301263675004438e-6,1.393659917931849e-6,1.3103527078820047e-6,1.2136538532503454e-6,1.6502428321265652e-6,1.4639702426212465e-6,1.384906314963108e-6,1.427015739674693e-6,1.3385955597321826e-6,1.3330953464972692e-6,1.3589954669318731e-6,1.4102366372327065e-6,1.4567165815877213e-6,1.43047581045809e-6,1.3449586287472646e-6,1.4219790025559856e-6,1.4027605631923376e-6,1.3449590544111847e-6,1.3679587474651708e-6,1.2633843351185671e-6,1.379011423733654e-6,1.292905102198697e-6,1.375868631345142e-6,1.4538775536390075e-6
6.834762047144519e-7,7.154776051862233e-7,6.260433039315129e-7,7.840224699213422e-7,7.185550067925767e-7,8.093796842194216e-7,6.890457967059143e-7,7.677675046286313e-7,6.785988843326211e-7,6.047955923162247e-7,9.644175084729574e-7,8.613920191379123e-7,7.514609123769638e-7,7.749117045867216e-7,7.313650809434387e-7,7.186223078466516e-7,7.180379309992946e-7,7.649517931272817e-7,7.976991279964296e-7,8.139227786591568e-7,7.182352138685549e-7,7.809521582736792e-7,7.507069373562715e-7,7.180602063586791e-7,7.487120901436111e-7,6.568108037060222e-7,7.486804284687775e-7,6.605555090938845e-7,7.446048827237712e-7,7.74616308319564e-7
2.3520173819462905e-7,2.775485668868063e-7,1.9357329546243723e-7,3.377887367997652e-7,2.795924090872866e-7,3.6393095137564785e-7,2.3204699245038074e-7,2.972994072690365e-7,2.310914038197124e-7,1.7840959578094414e-7,4.448311835840258e-7,4.2503682185601214e-7,2.8855208679640576e-7,3.057745079644001e-7,3.062244909398472e-7,2.915651650862294e-7,2.6970039853991055e-7,3.1785201127950345e-7,3.2725159854794e-7,3.7177404464076884e-7,2.838570401250116e-7,3.109572793234253e-7,2.844259019567228e-7,2.764756874234169e-7,3.03824213207671e-7,2.2953367434468603e-7,3.092554494300732e-7,1.9578212782378733e-7,2.861007122341846e-7,3.156782586798523e-7
-8.035881196755282e-8,-1.941818323222112e-8,-9.885115442679996e-8,2.258490724960975e-8,-3.475452965785942e-8,6.071042321446057e-8,-6.889487778021123e-8,-4.345868364463491e-8,-6.640132548424061e-8,-1.0504858893092086e-7,7.874657541617102e-8,1.2102521029972648e-7,-2.899907569474762e-8,-1.9727754257871515e-8,1.706627836624649e-8,-2.1614744209577865e-9,-4.131070947492745e-8,1.5891598171379348e-8,1.8094580735776456e-8,6.258140670142101e-8,-2.753708113060501e-9,-1.6979095469468683e-8,-3.513100181909926e-8,-1.9614509939912995e-8,-3.2745218524006917e-9,-6.02550016295e-8,1.8388682757754938e-8,-1.3374553310418393e-7,-4.101069105401213e-8,2.5550838333419706e-8
-3.118991651729181e-7,-2.522715154564907e-7,-3.3244084720458337e-7,-2.3367937788683987e-7,-2.865064036985954e-7,-1.7469215372874248e-7,-3.036130527006488e-7,-3.093387364830281e-7,-2.9165610359009027e-7,-3.1647136105365074e-7,-1.9181952980042696e-7,-1.2058286292222726e-7,-2.885656698447947e-7,-2.654978825034354e-7,-2.1506727307636162e-7,-2.188626337063863e-7,-2.871849292648918e-7,-2.2679708494876658e-7,-2.1883472258212364e-7,-1.8390918504975087e-7,-2.348716783783933e-7,-2.6078731886354396e-7,-2.831976061601804e-7,-2.6100727826895843e-7,-2.473294420114372e-7,-2.794476541258747e-7,-2.003280793568746e-7,-3.7390839794296843e-7,-3.076301762035847e-7,-2.0190664042637788e-7
-4.268146954399209e-7,-3.821606315680157e-7,-4.569300731504417e-7,-3.798866253992417e-7,-4.271630268310732e-7,-3.1010564145067635e-7,-4.1842987510352886e-7,-4.5241194747279106e-7,-4.2142363247894066e-7,-4.264161476475508e-7,-3.3610993780821077e-7,-2.5989569843570025e-7,-4.4745979896321275e-7,-3.946503197611758e-7,-3.404510498715226e-7,-3.4597199506635275e-7,-4.2513297154386146e-7,-3.5889036820558746e-7,-3.3783034681638585e-7,-3.2645760069927245e-7,-3.7608706362845166e-7,-3.9401578330048894e-7,-4.291380747286679e-7,-3.9334683948834624e-7,-3.8334243470502986e-7,-3.722780988913416e-7,-3.0254905171019135e-7,-4.835788772386785e-7,-4.4695091410181203e-7,-3.385086502640778e-7
-4.834636474245211e-7,-4.515137249672193e-7,-5.298060170325948e-7,-4.57820416464706e-7,-5.040800214981202e-7,-3.736836065430348e-7,-4.723604858862215e-7,-5.367380921123797e-7,-5.016276634540894e-7,-4.7628202425385875e-7,-3.9719339824991227e-7,-3.488242214620352e-7,-5.546008537711575e-7,-4.699909571206172e-7,-4.169431219996465e-7,-4.2844922014093827e-7,-5.017704861815366e-7,-4.241668353068243e-7,-4.0342397721482627e-7,-3.999723385617298e-7,-4.606970583807096e-7,-4.699107339078796e-7,-5.183093728193624e-7,-4.572843420883897e-7,-4.565815921498159e-7,-4.209801577392766e-7,-3.5646673272490426e-7,-5.279836300650345e-7,-5.036678902163954e-7,-4.1880544381567046e-7
-5.477836741586145e-7,-5.219911400009851e-7,-6.031087275636124e-7,-5.425333569794054e-7,-5.882662413563818e-7,-4.426973791092662e-7,-5.376065937039343e-7,-6.246622971888725e-7,-5.748925447171464e-7,-5.412277534749238e-7,-4.4563511338427833e-7,-4.475637357049347e-7,-6.33530529060862e-7,-5.58500675112322e-7,-5.029674308684068e-7,-5.136334236062222e-7,-5.76096351763909e-7,-4.83156624301369e-7,-4.817004971417954e-7,-4.7167878126064323e-7,-5.424168732378682e-7,-5.484340117308869e-7,-5.976793655610469e-7,-5.285324081841855e-7,-5.32621899198606e-7,-4.92175370528706e-7,-4.259098625990123e-7,-5.783927889861356e-7,-5.605812565561056e-7,-5.02449464331335e-7
-6.842323745350111e-7,-6.584516216880265e-7,-7.348170655172401e-7,-6.871312932189162e-7,-7.350048146189308e-7,-5.879333743601449e-7,-6.650375829737238e-7,-7.595952917523326e-7,-7.08288458285507e-7,-6.82939276587799e-7,-5.548098944422889e-7,-6.102550501434088e-7,-7.580211617671166e-7,-7.220990346934079e-7,-6.514968897016123e-7,-6.6205953691734e-7,-7.026847089712863e-7,-6.096654288775795e-7,-6.156409864541821e-7,-6.078634875361735e-7,-6.811017338660069e-7,-7.02658089720825e-7,-7.570986488814445e-7,-6.627043800354039e-7,-6.730947083350424e-7,-6.340777230272307e-7,-5.782708269055851e-7,-7.068277694558813e-7,-6.94456584943493e-7,-6.387301765670779e-7
-7.843011843416846e-7,-7.55378305708998e-7,-8.264861542686471e-7,-7.993641102273612e-7,-8.480845035131757e-7,-6.993424707183957e-7,-7.550293896978484e-7,-8.543582078027181e-7,-8.007219428206309e-7,-7.969184354010784e-7,-6.475451846880944e-7,-7.276692112183066e-7,-8.481075652513911e-7,-8.414864721539817e-7,-7.613372245112301e-7,-7.720301434439458e-7,-8.010601818165808e-7,-7.042029628147478e-7,-7.07148181447893e-7,-6.994115820737019e-7,-7.816670376663994e-7,-8.202042727048024e-7,-8.852696175615619e-7,-7.672846805053923e-7,-7.769147772900199e-7,-7.262491044368525e-7,-7.003399403282358e-7,-8.118673310870887e-7,-7.92651086386055e-7,-7.296760276289259e-7
-8.067052650556204e-7,-7.783790415020177e-7,-8.438738053396535e-7,-8.240105057438703e-7,-8.778904267206969e-7,-7.260151217563381e-7,-7.695177613362847e-7,-8.709654521582882e-7,-8.160715526626673e-7,-8.246732298848173e-7,-6.71751897477391e-7,-7.550947946612545e-7,-8.684859747510295e-7,-8.660138382005144e-7,-7.885441612345438e-7,-7.976238490308415e-7,-8.215645237411567e-7,-7.286371639616416e-7,-7.240183374341154e-7,-7.157771114674173e-7,-8.002454473558196e-7,-8.459820708121916e-7,-9.164877736183356e-7,-7.926652495358342e-7,-8.019656397089302e-7,-7.397012802531908e-7,-7.276010964051207e-7,-8.348885542934926e-7,-8.084664833752768e-7,-7.3989598911884e-7
-7.843011843416846e-7,-7.55378305708998e-7,-8.264861542686471e-7,-7.993641102273612e-7,-8.480845035131757e-7,-6.993424707183957e-7,-7.550293896978484e-7,-8.543582078027181e-7,-8.007219428206309e-7,-7.969184354010784e-7,-6.475451846880944e-7,-7.276692112183066e-7,-8.481075652513911e-7,-8.414864721539817e-7,-7.613372245112301e-7,-7.720301434439458e-7,-8.010601818165808e-7,-7.042029628147478e-7,-7.07148181447893e-7,-6.994115820737019e-7,-7.816670376663994e-7,-8.202042727048024e-7,-8.852696175615619e-7,-7.672846805053923e-7,-7.769147772900199e-7,-7.262491044368525e-7,-7.003399403282358e-7,-8.118673310870887e-7,-7.92651086386055e-7,-7.296760276289259e-7
-6.842323745350111e-7,-6.584516216880265e-7,-7.348170655172401e-7,-6.871312932189162e-7,-7.350048146189308e-7,-5.879333743601449e-7,-6.650375829737238e-7,-7.595952917523326e-7,-7.08288458285507e-7,-6.82939276587799e-7,-5.548098944422889e-7,-6.102550501434088e-7,-7.580211617671166e-7,-7.220990346934079e-7,-6.514968897016123e-7,-6.6205953691734e-7,-7.026847089712863e-7,-6.096654288775795e-7,-6.156409864541821e-7,-6.078634875361735e-7,-6.811017338660069e-7,-7.02658089720825e-7,-7.570986488814445e-7,-6.627043800354039e-7,-6.730947083350424e-7,-6.340777230272307e-7,-5.782708269055851e-7,-7.068277694558813e-7,-6.94456584943493e-7,-6.387301765670779e-7
-5.477836741586145e-7,-5.219911400009851e-7,-6.031087275636124e-7,-5.425333569794054e-7,-5.882662413563818e-7,-4.426973791092662e-7,-5.376065937039343e-7,-6.246622971888725e-7,-5.748925447171464e-7,-5.412277534749238e-7,-4.4563511338427833e-7,-4.475637357049347e-7,-6.33530529060862e-7,-5.58500675112322e-7,-5.029674308684068e-7,-5.136334236062222e-7,-5.76096351763909e-7,-4.83156624301369e-7,-4.817004971417954e-7,-4.7167878126064323e-7,-5.424168732378682e-7,-5.484340117308869e-7,-5.976793655610469e-7,-5.285324081841855e-7,-5.32621899198606e-7,-4.92175370528706e-7,-4.259098625990123e-7,-5.783927889861356e-7,-5.605812565561056e-7,-5.02449464331335e-7
-4.834636474245211e-7,-4.515137249672193e-7,-5.298060170325948e-7,-4.57820416464706e-7,-5.040800214981202e-7,-3.736836065430348e-7,-4.723604858862215e-7,-5.367380921123797e-7,-5.016276634540894e-7,-4.7628202425385875e-7,-3.9719339824991227e-7,-3.488242214620352e-7,-5.546008537711575e-7,-4.699909571206172e-7,-4.169431219996465e-7,-4.2844922014093827e-7,-5.017704861815366e-7,-4.241668353068243e-7,-4.0342397721482627e-7,-3.999723385617298e-7,-4.606970583807096e-7,-4.699107339078796e-7,-5.183093728193624e-7,-4.572843420883897e-7,-4.565815921498159e-7,-4.209801577392766e-7,-3.5646673272490426e-7,-5.279836300650345e-7,-5.036678902163954e-7,-4.1880544381567046e-7
-4.268146954399209e-7,-3.821606315680157e-7,-4.569300731504417e-7,-3.798866253992417e-7,-4.271630268310732e-7,-3.1010564145067635e-7,-4.1842987510352886e-7,-4.5241194747279106e-7,-4.2142363247894066e-7,-4.264161476475508e-7,-3.3610993780821077e-7,-2.5989569843570025e-7,-4.4745979896321275e-7,-3.946503197611758e-7,-3.404510498715226e-7,-3.4597199506635275e-7,-4.2513297154386146e-7,-3.5889036820558746e-7,-3.3783034681638585e-7,-3.2645760069927245e-7,-3.7608706362845166e-7,-3.9401578330048894e-7,-4.291380747286679e-7,-3.9334683948834624e-7,-3.8334243470502986e-7,-3.722780988913416e-7,-3.0254905171019135e-7,-4.835788772386785e-7,-4.4695091410181203e-7,-3.385086502640778e-7
-3.118991651729181e-7,-2.522715154564907e-7,-3.3244084720458337e-7,-2.3367937788683987e-7,-2.865064036985954e-7,-1.7469215372874248e-7,-3.036130527006488e-7,-3.093387364830281e-7,-2.9165610359009027e-7,-3.1647136105365074e-7,-1.9181952980042696e-7,-1.2058286292222726e-7,-2.885656698447947e-7,-2.654978825034354e-7,-2.1506727307636162e-7,-2.188626337063863e-7,-2.871849292648918e-7,-2.2679708494876658e-7,-2.1883472258212364e-7,-1.8390918504975087e-7,-2.348716783783933e-7,-2.6078731886354396e-7,-2.831976061601804e-7,-2.6100727826895843e-7,-2.473294420114372e-7,-2.794476541258747e-7,-2.003280793568746e-7,-3.7390839794296843e-7,-3.076301762035847e-7,-2.0190664042637788e-7
-8.035881196755282e-8,-1.941818323222112e-8,-9.885115442679996e-8,2.258490724960975e-8,-3.475452965785942e-8,6.071042321446057e-8,-6.889487778021123e-8,-4.345868364463491e-8,-6.640132548424061e-8,-1.0504858893092086e-7,7.874657541617102e-8,1.2102521029972648e-7,-2.899907569474762e-8,-1.9727754257871515e-8,1.706627836624649e-8,-2.1614744209577865e-9,-4.131070947492745e-8,1.5891598171379348e-8,1.8094580735776456e-8,6.258140670142101e-8,-2.753708113060501e-9,-1.6979095469468683e-8,-3.513100181909926e-8,-1.9614509939912995e-8,-3.2745218524006917e-9,-6.02550016295e-8,1.8388682757754938e-8,-1.3374553310418393e-7,-4.101069105401213e-8,2.5550838333419706e-8
2.3520173819462905e-7,2.775485668868063e-7,1.9357329546243723e-7,3.377887367997652e-7,2.795924090872866e-7,3.6393095137564785e-7,2.3204699245038074e-7,2.972994072690365e-7,2.310914038197124e-7,1.7840959578094414e-7,4.448311835840258e-7,4.2503682185601214e-7,2.8855208679640576e-7,3.057745079644001e-7,3.062244909398472e-7,2.915651650862294e-7,2.6970039853991055e-7,3.1785201127950345e-7,3.2725159854794e-7,3.7177404464076884e-7,2.838570401250116e-7,3.109572793234253e-7,2.844259019567228e-7,2.764756874234169e-7,3.03824213207671e-7,2.2953367434468603e-7,3.092554494300732e-7,1.9578212782378733e-7,2.861007122341846e-7,3.156782586798523e-7
6.834762047144519e-7,7.154776051862233e-7,6.260433039315129e-7,7.840224699213422e-7,7.185550067925767e-7,8.093796842194216e-7,6.890457967059143e-7,7.677675046286313e-7,6.785988843326211e-7,6.047955923162247e-7,9.644175084729574e-7,8.613920191379123e-7,7.514609123769638e-7,7.749117045867216e-7,7.313650809434387e-7,7.186223078466516e-7,7.180379309992946e-7,7.649517931272817e-7,7.976991279964296e-7,8.139227786591568e-7,7.182352138685549e-7,7.809521582736792e-7,7.507069373562715e-7,7.180602063586791e-7,7.487120901436111e-7,6.568108037060222e-7,7.486804284687775e-7,6.605555090938845e-7,7.446048827237712e-7,7.74616308319564e-7
1.308612822206542e-6,1.3314857872472554e-6,1.2497856062695678e-6,1.4014747666753995e-6,1.3199555125371413e-6,1.4358988667315387e-6,1.3301263675004438e-6,1.393659917931849e-6,1.3103527078820047e-6,1.2136538532503454e-6,1.6502428321265652e-6,1.4639702426212465e-6,1.384906314963108e-6,1.427015739674693e-6,1.3385955597321826e-6,1.3330953464972692e-6,1.3589954669318731e-6,1.4102366372327065e-6,1.4567165815877213e-6,1.43047581045809e-6,1.3449586287472646e-6,1.4219790025559856e-6,1.4027605631923376e-6,1.3449590544111847e-6,1.3679587474651708e-6,1.2633843351185671e-6,1.379011423733654e-6,1.292905102198697e-6,1.375868631345142e-6,1.4538775536390075e-6
2.351638840027748e-6,2.346170532189073e-6,2.275276649182176e-6,2.4121516085360462e-6,2.328680467374352e-6,2.449137879087005e-6,2.3490209038904493e-6,2.4087631379582705e-6,2.370475801743878e-6,2.2239097126666705e-6,2.6928386964976527e-6,2.4981203821389336e-6,2.413397328198676e-6,2.477355824287445e-6,2.3356434823904967e-6,2.3457883715030617e-6,2.3988563409086906e-6,2.468385268987289e-6,2.5159291812874887e-6,2.437495470075995e-6,2.369525768630198e-6,2.480460172686718e-6,2.4418468035967886e-6,2.3838618394071055e-6,2.3713328698215476e-6,2.2881625553440065e-6,2.4146872466086385e-6,2.3227138560578643e-6,2.412847513215553e-6,2.522331399067831e-6
3.878618195516904e-6,3.844732563657861e-6,3.768478997586209e-6,3.931213364348631e-6,3.814721832564141e-6,3.922499109882641e-6,3.832856164751106e-6,3.900006358092787e-6,3.91261429186033e-6,3.710150302827996e-6,4.153049676884468e-6,4.03007424195805e-6,3.91812498591167e-6,4.007039339569127e-6,3.7928781946129054e-6,3.842165043797853e-6,3.917473714134484e-6,3.996218159126264e-6,4.057219497321486e-6,3.934333158746327e-6,3.867761642573751e-6,3.990864647466748e-6,3.928383509342898e-6,3.912775126141046e-6,3.830372823539451e-6,3.8045231612659847e-6,3.91299048462257e-6,3.827221445717574e-6,3.925000829956347e-6,4.039583671556033e-6
6.262587326516506e-6,6.205239349862685e-6,6.101616059810459e-6,6.312207700013002e-6,6.1640954274658084e-6,6.238327686782672e-6,6.162097047330334e-6,6.260046886066292e-6,6.280711363067038e-6,6.048485756636519e-6,6.430763492203412e-6,6.419877131579793e-6,6.26616159680174e-6,6.395196740190178e-6,6.105295471944702e-6,6.20060206381874e-6,6.299658886975487e-6,6.387797446770312e-6,6.448262207137971e-6,6.306942941138884e-6,6.228227645632529e-6,6.308710379240246e-6,6.240184052552783e-6,6.2964276321596876e-6,6.131046846672323e-6,6.207306453889639e-6,6.234525527471178e-6,6.176887430016082e-6,6.280210208548853e-6,6.39472155557709e-6
0.000010183291894297328,0.000010117534599462902,9.961771706955173e-6,0.000010224390266658355,0.000010042991351756927,0.000010097967626171228,0.000010000880354733087,0.000010162496930945513,0.000010147589708174958,9.941852545841085e-6,0.000010239601609322138,0.000010329917732909075,0.000010129036985142204,0.000010299685823998403,9.97894893567001e-6,0.000010118438765671252,0.00001022326762758831,0.000010346972134554437,0.000010340652677849323,0.000010222863179492013,0.000010137796939094426,0.000010146998938152751,0.000010096054082742941,0.000010198384930307824,9.987955367911471e-6,0.000010168124594673583,0.00001007992541198281,0.000010072531971856707,0.000010152919860595413,0.000010250644520030217
0.000016867296064712056,0.000016795803861094146,0.000016562388930823957,0.000016865139964585022,0.00001667295571775569,0.00001670386499190306,0.00001659073816639635,0.000016786023818042118,0.00001673873438470884,0.000016618268641899005,0.000016804125910617802,0.000016982399416087994,0.000016754597875271276,0.000016929176064976597,0.000016599919099275482,0.000016785354236530326,0.00001688058991140226,0.00001706377653259018,0.000016946724936502737,0.000016880653327989318,0.000016793743100676743,0.000016756492299309235,0.000016728070741648894,0.000016838744280066537,0.000016580796688300733,0.0000168719036632373,0.000016698581396269597,0.000016707025185218502,0.000016750650400152132,0.000016858512247338758
0.000028598265791295223,0.000028528853897727166,0.000028248838058701528,0.00002853917898955703,0.00002834834946895735,0.000028362186898353582,0.00002822355985272782,0.00002843284081116519,0.000028361087258594137,0.000028362880036680312,0.000028427438462221006,0.000028685665011489954,0.000028439739042177424,0.00002859423822164207,0.000028301933056855316,0.000028507705398365428,0.000028536340683387106,0.000028790761403180814,0.000028565306803634298,0.00002858435203523167,0.000028493832169915354,0.000028417554990918052,0.00002842745307966709,0.000028526613688644482,0.000028220981075815345,0.000028599206871034424,0.000028356578841551084,0.00002839612818352477,0.000028393330110008574,0.00002854230634944573
0.000049998166842736165,0.00004990629302658881,0.00004964290784620416,0.00004983719618354079,0.00004968315328843298,0.00004970489048883962,0.00004953942416327082,0.000049762686728364064,0.000049653622652890355,0.000049774118847060694,0.000049809768261624155,0.00005010197747600988,0.000049795327509643734,0.0000499205971059796,0.00004970958372874316,0.000049908649262126976,0.00004984963538280227,0.000050148738072659835,0.00004988250432110812,0.00004998686680587837,0.00004985328413655037,0.00004974291866633761,0.00004976221147408892,0.00004988037619325719,0.00004951973749764189,0.000049972050496742315,0.00004967118971702859,0.00004972108245361527,0.0000497154183200825,0.00004995951594363017
0.00009167605739461666,0.00009151935055751309,0.00009126914278198968,0.00009142631269532219,0.00009131111059191714,0.0000913908975157277,0.00009113517648942496,0.00009137612182857644,0.00009125318545307926,0.00009157249868858565,0.0000916434267107981,0.00009185171654863889,0.0000914286311581702,0.00009151439142836364,0.0000913962616834361,0.00009164774153856985,0.00009143474471308869,0.00009178113833921444,0.00009147182962177673,0.00009165924081250309,0.00009146819980847642,0.00009133310408139146,0.0000913825589633509,0.0000915268755720167,0.00009106388075809212,0.00009165817940375346,0.00009129668668449718,0.00009129099139877053,0.00009135705142512392,0.00009166571567221252
0.00018208193115765606,0.00018183449673008092,0.00018154073691338174,0.0001817712101588853,0.00018162527373379224,0.00018172119627955763,0.0001814336583294729,0.00018168065228337416,0.00018154410015631064,0.00018218684102584362,0.0001822754397248257,0.000182341660387956,0.00018175210408375515,0.00018183105116761477,0.00018178414834978178,0.00018216322551140116,0.00018172129818492584,0.00018216627168683963,0.00018177114836936227,0.00018198892313485638,0.00018180728414950883,0.00018165202520034024,0.00018170072881777515,0.0001819465316251924,0.00018122960033052814,0.00018208707535286684,0.0001816494915369628,0.00018153263339087237,0.00018171987677268007,0.0001820728234813049
0.0004109250089222131,0.0004106008835917692,0.00041018432232284416,0.0004106553278324825,0.0004104664227578806,0.00041042515250380447,0.00041020662310581216,0.0004104301090837319,0.00041027061322264477,0.00041137225817026426,0.0004113877115581385,0.000411386463028383,0.00041049435419629975,0.00041073823444448874,0.0004106740962326657,0.00041123057989326525,0.00041044794549379186,0.0004111355312768413,0.0004106031978683781,0.0004106988231524116,0.0004106599002763294,0.0004104627110748818,0.0004105557190347166,0.0004108248470947157,0.0004098132755002893,0.0004110260748413385,0.0004104452760862028,0.00041017693149964434,0.00041053103552966363,0.0004110470152369253
0.0011452421805780277,0.0011448501344816476,0.001144221123984685,0.0011452085048864365,0.0011448246055716575,0.001144559887061174,0.0011444662630872462,0.001144683832648497,0.0011445357257981225,0.0011461141153702367,0.001146221248934339,0.0011460641780781306,0.0011446940040384722,0.0011453911401273606,0.0011450228479995526,0.0011459726373651198,0.0011445289375259437,0.001145580789877212,0.0011450115043810665,0.0011447455200768136,0.0011449855792062045,0.001144790398467634,0.0011449930943840023,0.0011451307638392992,0.0011440338296793038,0.0011455377188745771,0.0011447262294232816,0.0011441873918116895,0.0011448289993748013,0.0011456508039150736
0.004453259715946403,0.0044528736890085095,0.004451489297939685,0.0044536439423683,0.004452978029681504,0.004451815138499966,0.00445240995744388,0.004452582565511472,0.004452545236042401,0.004454521089433578,0.004455036166353641,0.004454114537154025,0.00445274981305697,0.00445386144224485,0.004452368932249385,0.0044547108201554875,0.004451729363585467,0.004453588861739846,0.0044528963733058945,0.004452145646530516,0.00445280290139655,0.004452753518796,0.0044528037055132485,0.004452868383962241,0.004451850647669177,0.004453487528082605,0.004452784148626537,0.004451680070783892,0.004452732106957635,0.004453917930581272
0.02675960611925172,0.026759453648050602,0.026758458189218962,0.0267601314600706,0.026759170822785658,0.026757455214331805,0.026760250207909855,0.026758185261027155,0.02675914291047269,0.026762650912478946,0.0267632709564263,0.026761151754768165,0.026759249594597957,0.026760305771464654,0.02675625570191214,0.026763105165990484,0.026757254227048402,0.026760474431978702,0.026758788262423883,0.026758051967603252,0.02675881152194614,0.026759252134451142,0.026757842489552694,0.026761318472848995,0.026760391752532066,0.02675881606344055,0.02675889490028559,0.02675739872455225,0.02675987135162735,0.026762313254072315
