-0.067928748655574,-0.06792881993772365,-0.0679254223491588,-0.06792454347498203,-0.06793188856337058,-0.06792835950735088,-0.06793140405578782,-0.06792685732341493,-0.06792785197089439,-0.06793028557119285,-0.06792586411183014,-0.06792579837395159,-0.06792329768090079,-0.06792703496945995,-0.06792381208361088,-0.06792659619769605,-0.0679291062479601,-0.06792674913782006,-0.06793149161999011,-0.06792542288042452,-0.06792438617132462,-0.06793429099615281,-0.06792764369276721,-0.06792829014037192,-0.06793109829471115,-0.06792793868601178,-0.06793095260478632,-0.06793265276064722,-0.06793285488918517,-0.06793205757170104,-0.06793072153229505,-0.0679261154608059,-0.06792709225526525,-0.06792706480297345,-0.06793061589858784,-0.06792807562689313,-0.06793068702751191,-0.06792928582554256,-0.06792650834654733,-0.06792661062305595,-0.06792920377780164,-0.06792979547233588,-0.06792585600728067,-0.06792790616607064,-0.06792466186977669,-0.06792816727135952,-0.06793173366794651,-0.06792704204405739,-0.06792567442230958,-0.06792915289535005,-0.06792737830820121,-0.06793022390690664,-0.06792986919844135,-0.0679289592982849,-0.0679278997322997,-0.06792951465360308,-0.06793227911989112,-0.06792694005914679,-0.0679284280585346,-0.0679266453828317,-0.06793249041843118,-0.06793165718848573,-0.0679312648106568,-0.06793060845739728,-0.06792678300681038,-0.06793134184391005,-0.06792492673075717,-0.0679284302195004,-0.06792639455198644,-0.06792353400022305,-0.067926505988805,-0.06792470285906314,-0.06793390313219295,-0.06792665681037162,-0.06792923887670008,-0.06793191934673229,-0.06792797589619845,-0.0679264690999959,-0.06793013235692262,-0.06793585062796158
-0.04629749713879906,-0.046296747027086804,-0.046296032381925284,-0.04629343526807912,-0.04629744626177367,-0.04629466791179451,-0.04629766316271823,-0.046293694463065097,-0.0462949957225276,-0.04629664457042053,-0.04629516605632526,-0.04629484011695213,-0.0462933987410296,-0.04629699639866218,-0.04629226236541052,-0.046296392899178834,-0.046296902828929856,-0.04629545047260581,-0.04629593122196052,-0.04629634118289025,-0.046294181284296215,-0.046296858137516564,-0.046294347786981535,-0.04629548390130149,-0.04629571513739481,-0.04629694838511693,-0.04629700695487812,-0.046297292233960674,-0.04629796685226174,-0.04629620832883703,-0.04629864745426803,-0.04629849309029578,-0.04629661085140432,-0.04629444013764144,-0.046298353268319846,-0.04629566191257861,-0.04629672208183528,-0.046295659971436816,-0.04629609694699055,-0.0462947373462337,-0.04629632935524083,-0.04629729164176751,-0.046296810095900885,-0.04629561297036244,-0.0462943111248649,-0.046295165300004874,-0.046294657451035434,-0.04629400603948742,-0.046294122849228264,-0.04629686991383968,-0.04629402673979226,-0.04629593913345599,-0.046295405120909225,-0.046296693314305665,-0.04629579502116179,-0.04629837964099244,-0.04629654459602886,-0.04629817047653038,-0.046296700183914255,-0.046295260618729336,-0.04629778113214365,-0.04629470291591758,-0.04629777497220927,-0.046296406306841925,-0.046294313363341874,-0.04629513403475168,-0.04629547194117148,-0.046294999835684955,-0.046295282520435244,-0.04629667077995345,-0.04629503171561162,-0.04629726594604644,-0.04629764039193465,-0.04629617092734338,-0.04629748349928436,-0.04629650267989241,-0.04629645465562327,-0.046295614472887464,-0.046299669224567304,-0.04629783507854905
-0.008696070566606179,-0.008696054159607017,-0.0086959997302735,-0.008696036525862934,-0.008696342258716506,-0.008695556431661065,-0.00869617426051243,-0.008694783183042107,-0.008695171560202029,-0.008696787913596671,-0.008695087280918994,-0.008696399618537716,-0.008695464599754895,-0.008697016937803764,-0.00869479453337863,-0.008697065959353479,-0.008696706732659258,-0.008696811553186337,-0.008695048921630207,-0.00869726730667965,-0.008695815298760387,-0.008694838909752457,-0.008695298662665999,-0.00869529051357355,-0.008696404770723452,-0.008696126842751586,-0.00869647541820188,-0.008696630345737276,-0.00869507966774661,-0.008695279180409904,-0.008697178792097967,-0.008697029831255775,-0.008696578546112624,-0.008696149750584362,-0.008696082555500468,-0.008695938616014505,-0.00869730411461702,-0.00869608688654757,-0.008696045325016315,-0.008695070180460906,-0.008696606568647205,-0.00869585723512106,-0.008697377577677919,-0.008696309571576279,-0.008695979042473583,-0.008695368452935007,-0.008694962291377981,-0.008695935154838415,-0.008696113940554463,-0.008696110705950298,-0.008696158676201708,-0.008697150842686024,-0.008695192411321589,-0.008696648279051599,-0.008697447774035298,-0.008697185466999938,-0.008695296698685578,-0.008696654246144653,-0.008695855307061653,-0.008696417881223193,-0.008696181509111148,-0.0086943625597418,-0.008697041321284732,-0.008696326390534274,-0.00869565456288557,-0.008695195846858614,-0.008696336677440034,-0.008695358179785655,-0.00869589249466601,-0.008696384984160286,-0.008696199296550335,-0.008697051528513753,-0.008696597163134801,-0.008695821791686174,-0.008696579107585187,-0.008695689992149843,-0.00869569069134193,-0.008696345719449921,-0.008698032143803283,-0.008696033247586207
-0.0025272641370686615,-0.0025278361905334825,-0.002527693501747531,-0.002528124689033388,-0.0025276804613254093,-0.0025277116896904755,-0.0025281357470624283,-0.0025273976125060865,-0.0025273165465160494,-0.0025281594311653654,-0.0025273813282913693,-0.002528348092816118,-0.0025278606267702544,-0.0025280949723118246,-0.002527419798530858,-0.00252882344056907,-0.002528295561206896,-0.0025283471994722116,-0.0025271357639891,-0.0025283091060355964,-0.0025276862051331755,-0.0025269907198506494,-0.002527466177081092,-0.0025274606953965906,-0.0025281075520834835,-0.002527770786407382,-0.002527834097876544,-0.002527778851711876,-0.0025265379774005196,-0.0025273857977512163,-0.0025283634328216106,-0.0025284851393221103,-0.0025281324811026323,-0.002528471205249582,-0.002527314360980658,-0.0025277794132422607,-0.002528771764151871,-0.002527527683934049,-0.0025279576089577735,-0.0025271619911721634,-0.002528351774377901,-0.0025273964054100765,-0.0025286440856768957,-0.002528603687712868,-0.002528194858376006,-0.0025275888578451724,-0.002527166473420582,-0.0025283937626622917,-0.0025280028840513075,-0.0025281755122089043,-0.0025285537337489837,-0.002528512984238186,-0.0025276423242799025,-0.002528401215267118,-0.0025287197676856776,-0.0025285278649958528,-0.002527360142555267,-0.002527929926903044,-0.002527440036545989,-0.002528002714565577,-0.0025276661321214635,-0.0025268611945157117,-0.0025285439876339797,-0.0025282003205909613,-0.002527678156641864,-0.0025278966837876584,-0.002528114796229228,-0.002527452397463899,-0.0025275446030127843,-0.0025278155639498756,-0.0025279805593781393,-0.002528180568027164,-0.0025279111363972874,-0.0025279427795033213,-0.00252784277060775,-0.0025276028653496005,-0.002527938249529925,-0.0025279518659588876,-0.002528673586200323,-0.0025280034896587476
-0.0010230073655236494,-0.0010235064232796869,-0.0010235012608865936,-0.0010238790659035549,-0.0010232562621291406,-0.0010235152540881375,-0.0010237934898431247,-0.0010234192291238122,-0.001023355923823262,-0.0010236896303088502,-0.0010233630324167238,-0.001024054998072129,-0.0010239068507397428,-0.0010234321835343597,-0.0010233939296331006,-0.0010241377631484356,-0.0010238219091414508,-0.001023760588239575,-0.00102302440862583,-0.001023769558610887,-0.0010234965097840676,-0.0010230057413303335,-0.0010232361092634853,-0.0010232720582148574,-0.0010236932227378108,-0.0010234732874411995,-0.0010234984387048223,-0.0010233294489982426,-0.0010225937462912836,-0.001023369174455288,-0.0010238390548404047,-0.0010238690685929006,-0.0010236436428251083,-0.0010240518136837929,-0.0010230874360243282,-0.0010235450624539897,-0.0010240650858785556,-0.0010232218952949473,-0.001023660459186745,-0.0010231881761162676,-0.0010238263845240088,-0.001023211389368269,-0.001023998552383764,-0.0010244222655019447,-0.0010237660490960718,-0.0010233983029926306,-0.0010230713743414803,-0.0010240811078791844,-0.0010235605115157319,-0.0010239076913581867,-0.0010240803130355653,-0.001023709502631484,-0.0010235639500693983,-0.0010238902777284006,-0.0010240004520333805,-0.0010239685786683115,-0.0010233201890415475,-0.001023543701978877,-0.0010231032616705316,-0.0010234944133997311,-0.001023313507812019,-0.001022970072071699,-0.0010239256021251802,-0.0010237195550841895,-0.0010234443183862805,-0.0010237551057266747,-0.00102375604062444,-0.0010233190391471603,-0.0010233653345460276,-0.0010236748087345277,-0.0010236005693600287,-0.0010235555977657464,-0.0010234821350456834,-0.0010238421678212353,-0.0010235180170959123,-0.0010235360733942592,-0.0010236756960412667,-0.0010237060565400054,-0.0010237861621815838,-0.0010238402755464995
-0.0005089216140903603,-0.000509252588567675,-0.0005092440297403105,-0.0005096049404827022,-0.000509048176407647,-0.0005092254191132422,-0.0005094537375073711,-0.0005092918753927965,-0.0005092634699747681,-0.0005093447818704555,-0.0005091918775230956,-0.0005096507679046857,-0.0005097148519945709,-0.0005089739307793832,-0.0005091970581638278,-0.0005095792360326127,-0.0005094629358372453,-0.0005093369142014287,-0.0005089036075288919,-0.000509402887108926,-0.00050924307607993,-0.0005089539665119206,-0.0005090094928483857,-0.0005090603196514832,-0.000509236916705647,-0.0005091412104547755,-0.0005092291701384694,-0.0005090072848432346,-0.0005086325105746082,-0.0005091539841701362,-0.0005094299472648664,-0.0005093901876353267,-0.0005092532879366696,-0.0005096014013199774,-0.0005089191444889512,-0.0005093384573143709,-0.0005095612698205406,-0.0005090077899046273,-0.000509284873817333,-0.0005090847845218526,-0.0005093948873310307,-0.0005090942174671051,-0.0005095610638153412,-0.0005100140069124928,-0.0005094200049338992,-0.0005091146020880347,-0.0005089166540121807,-0.0005097219035187931,-0.0005092484353560183,-0.0005095333384095681,-0.0005095159159637265,-0.0005091327799817581,-0.0005093331435992825,-0.0005095541756890687,-0.0005095182091396947,-0.0005096014789932768,-0.0005091939566872666,-0.0005092337738909145,-0.0005088926123955805,-0.0005092031083781014,-0.0005090018835926316,-0.0005089803228921004,-0.0005093966084144159,-0.00050939428613365,-0.0005091600941818002,-0.0005094651549139935,-0.0005094543183183132,-0.0005091855040859858,-0.0005091130451538067,-0.0005094397896482892,-0.0005092252754100735,-0.0005091537203706536,-0.0005092226746462247,-0.0005095686926738948,-0.0005092595138135098,-0.0005093824978717049,-0.0005093469885502046,-0.000509397271300793,-0.0005093279195980431,-0.0005095498322259247
-0.00028539260988094315,-0.000285557682082865,-0.00028554527212199085,-0.0002858300513968827,-0.00028540683084895505,-0.0002855172235763931,-0.000285669594841104,-0.0002856175926433546,-0.00028558948332290486,-0.00028560296456295027,-0.0002855022054332755,-0.00028581478010514445,-0.00028596304356235704,-0.0002852515696910038,-0.0002855004601461269,-0.00028575061881189754,-0.0002857045873804297,-0.00028551180839625994,-0.00028530296247800775,-0.00028563986952965056,-0.00028550475562370717,-0.00028537689226973965,-0.0002853330914441665,-0.00028537130106670816,-0.000285372367082474,-0.00028541831371293514,-0.00028553523829157295,-0.00028532565151721486,-0.0002851164052646109,-0.0002854409168840728,-0.00028564155027207216,-0.0002855715451790298,-0.00028550309308531,-0.000285758131759276,-0.00028529189154820876,-0.00028563189110716094,-0.00028574603864445723,-0.00028535245664423176,-0.00028550102190780496,-0.00028545415573788806,-0.00028560650003475876,-0.0002854680553919388,-0.0002857150570538264,-0.00028606459605484886,-0.0002856202449556304,-0.0002854243277063056,-0.0002852672616412569,-0.0002858733087949269,-0.0002855272109021555,-0.0002857087119587209,-0.0002856226672078153,-0.00028532425476907714,-0.00028564035731193913,-0.00028581461626216403,-0.00028566734189922483,-0.00028582359730589446,-0.00028554517985321067,-0.0002854909508079926,-0.0002852649303463488,-0.00028547363423045305,-0.0002852897755576402,-0.0002854317556500889,-0.00028555981363058446,-0.0002856869749389882,-0.00028545141191668104,-0.0002857092699450651,-0.00028568682759718723,-0.0002855121175600828,-0.0002853878164399863,-0.00028570559229105526,-0.00028545007574067634,-0.0002854199320871623,-0.0002855241450098722,-0.0002857800109809458,-0.00028555020714289526,-0.00028567001159849486,-0.00028562967694432235,-0.00028566458180092686,-0.0002855684938808727,-0.00028574234469320374
-0.0001720124261546229,-0.00017211663452068222,-0.00017207438018472786,-0.0001722904626596762,-0.00017195807575233363,-0.00017204413007350638,-0.00017215473977291528,-0.00017213507119551554,-0.00017210426900128616,-0.00017210452320693076,-0.00017203057326393634,-0.00017225772921570522,-0.00017241815605443627,-0.0001718055457835801,-0.00017202753820468177,-0.0001722211858949659,-0.0001721872464006173,-0.00017195779177747614,-0.00017190576628831736,-0.0001721265252038721,-0.00017199748955836527,-0.0001719468280528417,-0.00017190331685522944,-0.00017190695046438102,-0.0001718120259790489,-0.0001719544022545258,-0.0001720939839107278,-0.00017189810821432902,-0.0001717791103522492,-0.00017195912268842562,-0.00017212111122824408,-0.00017204172026957445,-0.00017201800487529647,-0.00017219514115669415,-0.00017188272717288185,-0.00017213353403493936,-0.00017220107328535372,-0.00017192151832840272,-0.00017200083955484286,-0.00017204264521265272,-0.00017207733345175706,-0.0001720481607325519,-0.00017214641808504318,-0.000172345702839889,-0.00017207067877756912,-0.00017197261885799528,-0.00017184032845752315,-0.00017228285455188878,-0.0001720347337021574,-0.0001721765790956051,-0.00017206275822238885,-0.00017185832141674998,-0.00017216077858917168,-0.00017229741803457453,-0.0001721209766042752,-0.0001722970799729733,-0.0001720748476496552,-0.00017202197656089526,-0.00017185550361749216,-0.00017197378766304326,-0.0001718191868863089,-0.0001720312805340049,-0.00017202090870780138,-0.0001721966993556598,-0.00017198533847664226,-0.00017218523947305363,-0.0001721699039380213,-0.00017203047840171981,-0.0001719175324431426,-0.00017219140557938838,-0.00017194581425155744,-0.00017193369817022913,-0.0001720339122777536,-0.0001722457312874469,-0.00017207939748638753,-0.00017217204204803433,-0.00017215334360871933,-0.00017217844461957541,-0.00017208520607810796,-0.0001721842831396657
-0.00010853054133538741,-0.00010861795997096292,-0.00010855831953989046,-0.00010871345907691028,-0.0001084686184708497,-0.00010852851734289361,-0.00010861986681317472,-0.00010860319700388521,-0.00010858029037077068,-0.00010856899000597956,-0.00010851974645477962,-0.00010868499314873218,-0.00010882793885093303,-0.00010834273813710384,-0.00010852863885073765,-0.0001086746946163077,-0.00010862763018056182,-0.0001084114024064847,-0.00010843400597345601,-0.00010858530379055187,-0.00010845578693037493,-0.00010845760197503573,-0.00010842478036415102,-0.00010837581280734291,-0.00010829616838035861,-0.00010846043497112531,-0.00010859520987191828,-0.00010841675039289036,-0.00010835374926825094,-0.00010844636874357502,-0.00010856193252745474,-0.00010850280672328846,-0.00010850449900749863,-0.00010862084457128625,-0.000108412386186455,-0.00010859257670185768,-0.00010863499256348299,-0.00010843097776042475,-0.00010848684652975308,-0.0001085603644563399,-0.00010854036963302,-0.00010856326767781176,-0.00010858702641622124,-0.00010863123391425756,-0.00010851439547705515,-0.00010847387077813711,-0.00010837072524639879,-0.00010869247608106099,-0.0001085069143291547,-0.00010863727076960603,-0.00010850108565422622,-0.0001083908688529827,-0.00010863180179570287,-0.00010873013641046209,-0.00010855437042894826,-0.00010872126864048436,-0.00010856093999563664,-0.00010852924837553789,-0.00010838904736726855,-0.00010845304317767766,-0.00010830757028279839,-0.00010853935403387098,-0.00010848635892960525,-0.00010866116791755803,-0.00010848456198023093,-0.00010862642674490882,-0.00010863743309282519,-0.00010852624765300501,-0.0001084171440456194,-0.00010863968905065753,-0.00010842529603317148,-0.00010841143048878405,-0.00010850462654552061,-0.00010870435031369368,-0.00010855736838366603,-0.00010863483084727586,-0.00010863934074979844,-0.00010864342253624645,-0.0001085616886051197,-0.00010859969209171099
-0.00007056039167492196,-0.00007062655780621109,-0.00007057349359420852,-0.00007067395510452706,-0.00007049770708880457,-0.00007054414983407393,-0.00007062127812002152,-0.00007060073180436611,-0.0000705845540187717,-0.00007056888707686745,-0.00007054492557192953,-0.00007066013241858134,-0.00007077676071056755,-0.0000704093109330661,-0.00007055214593839539,-0.00007066997566400325,-0.00007060092359906906,-0.0000704223328154214,-0.00007048187841267958,-0.00007058738772309501,-0.00007045256032952148,-0.00007050586279594061,-0.00007046721009844097,-0.00007037333811912817,-0.00007035316578014327,-0.00007050240341562877,-0.00007060145810838987,-0.00007045673385348145,-0.00007043182676700045,-0.00007047406741288557,-0.00007054981631670227,-0.00007050703984704844,-0.00007051165673820917,-0.00007059887327404255,-0.00007046234199526473,-0.00007058765956016613,-0.00007061679387240465,-0.00007045684400454227,-0.00007050471711605877,-0.00007058756825977975,-0.00007054402789308722,-0.00007058855810690005,-0.00007058741105433145,-0.00007055814098663083,-0.00007050655851390215,-0.00007049898961490741,-0.00007042306547195289,-0.00007066025544685555,-0.00007052027507486506,-0.00007062725091788926,-0.00007049714291516436,-0.00007045464503925512,-0.00007062497697667968,-0.00007070140819088008,-0.00007054355872444324,-0.00007068301148732917,-0.00007057862036506914,-0.00007055932170348147,-0.00007043988436411106,-0.00007047452169739926,-0.00007034307649063297,-0.0000705582930706475,-0.00007049890367677907,-0.00007064891921353108,-0.00007051093268324092,-0.00007061422394951262,-0.0000706409628900516,-0.00007055410130223373,-0.00007045046669603737,-0.00007062642777502734,-0.00007044843420821169,-0.00007042424062341803,-0.00007052139801124717,-0.00007069356188345272,-0.00007055984571901911,-0.00007062799293372892,-0.00007065278333007205,-0.00007063795386540663,-0.00007055563078643587,-0.00007057322446713736
-0.000046759814889421096,-0.00004680560848418505,-0.000046768905767448224,-0.000046829026982149976,-0.000046708781882363095,-0.0000467423875014392,-0.00004680379008995977,-0.000046780174874874356,-0.00004677213174684345,-0.00004675374203398457,-0.000046747771230908365,-0.0000468293657498927,-0.000046914600523917694,-0.00004664677198484415,-0.000046751010629049934,-0.000046843394314489465,-0.000046770396866828044,-0.00004662973175307494,-0.000046708581119106815,-0.0000467703713490428,-0.00004665028475219227,-0.0000467280898860689,-0.000046685399837910046,-0.00004657085254801177,-0.000046580702450713134,-0.0000467189649683907,-0.00004677714713930932,-0.000046673730733313464,-0.00004667323808358141,-0.00004668969673052034,-0.0000467368016862241,-0.00004670197752039918,-0.000046705984286445576,-0.00004677233567883162,-0.00004668705703337558,-0.00004677073446183688,-0.00004678998931846556,-0.00004665887080853048,-0.00004670598519454853,-0.00004678031527320141,-0.00004673132509527295,-0.000046782418111294875,-0.000046783560395684056,-0.00004677228887122699,-0.00004669739553991051,-0.000046706618558828354,-0.000046647645895102846,-0.000046824148231587375,-0.000046712493055010126,-0.00004680114336359048,-0.000046698190820462654,-0.0000466907334916403,-0.000046804132807425004,-0.000046866537132428266,-0.00004673064214873423,-0.000046840084870790346,-0.000046774007348641426,-0.00004676430389677878,-0.00004666274599015696,-0.000046686438556242354,-0.000046584839265593166,-0.00004675884426147947,-0.000046702073264097725,-0.00004681650013014615,-0.000046718396349253645,-0.000046796686180343845,-0.00004682077185016098,-0.00004675463801465003,-0.00004666794517841373,-0.00004680871138983726,-0.00004666106236786393,-0.000046630959043947785,-0.000046722922180281496,-0.00004686442562996898,-0.0000467471003752539,-0.00004680411815799003,-0.000046837687507469966,-0.00004681648611703412,-0.00004673069390745237,-0.000046752411753150634
-0.000031385642731090225,-0.00003141542986727621,-0.00003139580220585473,-0.00003143313934833315,-0.000031352663411213247,-0.000031372678266677493,-0.00003141731773024816,-0.00003139628371195755,-0.00003139527320097625,-0.00003137444276959883,-0.0000313784161404667,-0.00003143822499990286,-0.00003149450059143451,-0.00003130312771000974,-0.00003138048443135943,-0.00003145167145415494,-0.000031386882663248956,-0.00003127987751443629,-0.00003135855039320236,-0.000031390330492215635,-0.000031289935070946825,-0.00003136969485662702,-0.000031331178384819586,-0.000031211079679120896,-0.00003122077016599347,-0.00003136033572698924,-0.00003139249412622435,-0.00003132794237312475,-0.000031330957877032765,-0.000031335787378472586,-0.000031361749204861914,-0.000031339829048772754,-0.00003134278448967777,-0.00003138685873755157,-0.00003133532744478759,-0.000031394290261817055,-0.00003140162522130467,-0.00003129723936083905,-0.00003134581052775736,-0.00003139984918680462,-0.00003136039433279992,-0.00003140658083324695,-0.00003141346019490731,-0.000031449565524209374,-0.000031331370732317474,-0.00003134576427803977,-0.00003129884739353249,-0.00003142766926481907,-0.00003134139963482729,-0.00003141171003440737,-0.00003134220727131136,-0.00003134883719430701,-0.00003142090746379614,-0.000031472260345748804,-0.0000313560724306576,-0.000031443391603165575,-0.0000314006618761023,-0.00003139775466996587,-0.00003131147293063126,-0.000031328592258896625,-0.000031264512970696645,-0.000031392205637557716,-0.00003133905173846643,-0.00003142236963355749,-0.000031357717981410956,-0.000031418540748546163,-0.000031433077125362976,-0.00003138399132189442,-0.00003131854844364204,-0.000031430080703333504,-0.00003130781164060046,-0.000031284675403957514,-0.00003135952448369605,-0.00003147212247675671,-0.000031375906882545,-0.0000314149473874792,-0.000031448023487740616,-0.000031428086356783796,-0.00003134267750844854,-0.000031373591846090514
-0.000021268277528199478,-0.000021285620649892357,-0.000021281124146216543,-0.000021306831634124977,-0.000021246804655910668,-0.00002126097819387866,-0.00002128998469162106,-0.00002127478828317587,-0.000021278945678930223,-0.000021259735320838033,-0.000021266705749182866,-0.000021310869562117445,-0.000021345113091833553,-0.00002120585458789829,-0.000021266389148229536,-0.000021322262477381718,-0.00002127089487609856,-0.000021188426421495338,-0.000021259424376227994,-0.000021269839180165898,-0.00002119402952414463,-0.00002126276539743365,-0.00002123139885136153,-0.00002113011666568183,-0.000021116908705208796,-0.00002125166185890962,-0.000021273152948632713,-0.000021235460173210073,-0.000021230040362493802,-0.00002123403433241123,-0.00002124635261753999,-0.000021235621965260025,-0.00002123861249447385,-0.000021268417957643254,-0.000021232804346683472,-0.000021278534173388548,-0.0000212780184257342,-0.00002120139964142438,-0.000021242133126354352,-0.000021277938519557873,-0.000021250742919305686,-0.00002128945786950541,-0.000021295751803568745,-0.000021365207563861965,-0.000021225938597200878,-0.00002124416763566809,-0.000021204607866168176,-0.000021294366572816735,-0.000021238633199072408,-0.000021284404803656448,-0.000021241688642579927,-0.00002125512062434022,-0.000021299355673499795,-0.000021338773459980584,-0.00002124366057406756,-0.00002131296078688329,-0.00002128358062785968,-0.00002128588307114092,-0.000021216073987845095,-0.00002122690554586183,-0.000021191138089249194,-0.000021280476742058367,-0.00002123348499707195,-0.000021292851528184887,-0.000021251239578277393,-0.00002129886103321503,-0.000021305688755542437,-0.00002126949222513982,-0.00002122177445779361,-0.00002130900447311755,-0.000021207577487896873,-0.000021200291624412407,-0.000021254022794165545,-0.00002133824279931401,-0.000021266470098118797,-0.000021287594008480222,-0.000021315624606606073,-0.00002130111711675105,-0.000021220120634325978,-0.000021258723203838082
-0.0000145442146820959,-0.00001455057715520459,-0.000014558700450743174,-0.000014577079655665862,-0.000014526938303448248,-0.000014541043072094972,-0.000014558937167432645,-0.000014549169808113218,-0.000014556854828398307,-0.000014539842220318204,-0.000014547336529797457,-0.000014577842957700983,-0.000014599618164338752,-0.000014499222462610766,-0.000014544768506073301,-0.00001458776887175673,-0.000014550733967011573,-0.000014485577761408297,-0.00001454704995487572,-0.000014543359540862866,-0.000014490224758918285,-0.000014546747909859988,-0.000014519701170813791,-0.000014445736109351077,-0.000014410506911672229,-0.000014531116129744039,-0.000014549892986703624,-0.000014528159877949579,-0.000014518079848468141,-0.000014520141168647837,-0.000014524899276393325,-0.000014521297026407974,-0.000014523784518383623,-0.000014549952297871255,-0.000014519071331332857,-0.000014554757734666984,-0.000014551413455378285,-0.000014499272719030855,-0.000014527417933689889,-0.000014551117529138569,-0.000014534107515068414,-0.000014564166271347915,-0.000014568014414635498,-0.000014638243808274326,-0.000014514558571310767,-0.000014531709308406378,-0.000014498669611369556,-0.00001456086763028234,-0.000014528754170819955,-0.00001455228207956717,-0.000014528890614026898,-0.000014544629193486299,-0.000014572763439226606,-0.00001459946116382605,-0.000014527001316555528,-0.0000145776434446248,-0.000014559261913019045,-0.000014563397498666818,-0.000014507716131046348,-0.000014517421954885217,-0.000014496371233377933,-0.000014558742860839559,-0.00001451865710562534,-0.00001456247426741995,-0.000014533384606792855,-0.000014571268254987759,-0.000014572126694871485,-0.00001454580091863078,-0.00001451200128214353,-0.000014580309457425848,-0.000014498970140269599,-0.000014503239925359165,-0.000014539865649318453,-0.000014598377794835437,-0.000014549728494907086,-0.00001455721368940541,-0.000014579999305529077,-0.00001457054041188285,-0.000014497445900285527,-0.000014539319052078015
-0.00001003302591182826,-0.000010034627709498945,-0.000010049635981735303,-0.000010061120510313922,-0.000010020035761636745,-0.000010033451118673028,-0.000010046497200710606,-0.000010038813904157627,-0.000010047606662192728,-0.000010033352895204202,-0.000010039795668902008,-0.000010060036354225633,-0.000010075601248493004,-0.000010005565201309688,-0.000010037106659239897,-0.000010070068902237313,-0.00001004288886774467,-9.991520395697607e-6,-0.00001004395235752721,-0.000010034719120519252,-9.993504851356066e-6,-0.000010042113104466505,-0.000010018733276819972,-9.965458291355234e-6,-9.919517431609438e-6,-0.000010023950822573025,-0.000010040825520782192,-0.00001002881244827315,-0.00001001830992704644,-0.000010016614977565414,-0.000010019412450523828,-0.00001001730409764909,-0.000010021343490834206,-0.000010042801760451529,-0.000010018692666890623,-0.000010044280318841823,-0.000010040482527201366,-0.00001000427893630228,-0.000010023294004355379,-0.000010041330403428945,-0.000010029776051585837,-0.000010052533682820326,-0.000010053531189453023,-0.000010123011162321279,-0.000010015242030371457,-0.000010029187227949385,-9.99995196554817e-6,-0.000010046436669617713,-0.000010027808724618137,-0.000010037875939070056,-0.000010026547844294832,-0.000010040489597785608,-0.000010060738007775036,-0.000010076795609495006,-0.000010024849949249536,-0.00001005819270896147,-0.000010050296670412819,-0.000010052804959504673,-0.000010008466720390921,-0.000010019121116264906,-0.000010004315476859223,-0.000010048757725057204,-0.000010014285274427459,-0.000010047159278833965,-0.000010026348529338357,-0.00001005723466774288,-0.000010056122634705535,-0.00001003686703317755,-0.00001001375223097892,-0.000010065197588097242,-0.000010003650508049881,-0.000010011690742673584,-0.000010036296193486604,-0.000010075128584736018,-0.000010044693753240413,-0.000010042602972569086,-0.000010061212466216911,-0.000010056280185623707,-9.99492882761012e-6,-0.000010032016041603375
-6.962310009568005e-6,-6.963101396139165e-6,-6.9797009792859335e-6,-6.9854100805038976e-6,-6.95346236159063e-6,-6.965291902014753e-6,-6.9760261906374365e-6,-6.9682474378920905e-6,-6.9771687051090286e-6,-6.965744695287025e-6,-6.970982282541199e-6,-6.984728242898479e-6,-6.995797594954523e-6,-6.949787953429261e-6,-6.968260246240105e-6,-6.9934433070202165e-6,-6.9723616694195466e-6,-6.934142070044966e-6,-6.9778077241322455e-6,-6.966836092810604e-6,-6.9341536495673074e-6,-6.974568080372524e-6,-6.955172834182677e-6,-6.9133877879441355e-6,-6.865640398505104e-6,-6.9566183264985376e-6,-6.969441553448377e-6,-6.963251187229396e-6,-6.953999307800579e-6,-6.951556234069811e-6,-6.953842438873843e-6,-6.951303440926957e-6,-6.958111382870032e-6,-6.974542081082634e-6,-6.956267768675151e-6,-6.973471986211823e-6,-6.970559727913132e-6,-6.944106297069637e-6,-6.955875166629882e-6,-6.9725811824017914e-6,-6.963184250318828e-6,-6.980856523879207e-6,-6.979486902066504e-6,-7.049769567491454e-6,-6.953288148287763e-6,-6.965203370983609e-6,-6.938813742581358e-6,-6.973735453421771e-6,-6.964061743701139e-6,-6.966481171737808e-6,-6.960870147661737e-6,-6.971918401461606e-6,-6.988447914897231e-6,-6.997208304882457e-6,-6.961143380664385e-6,-6.981438920110068e-6,-6.980349820634206e-6,-6.9813066733645794e-6,-6.9476453103486375e-6,-6.9560485760106015e-6,-6.945477562123912e-6,-6.977565101052715e-6,-6.94791493422729e-6,-6.972325233054293e-6,-6.958169328954531e-6,-6.983580887938689e-6,-6.9829408219183305e-6,-6.9693321660559545e-6,-6.9529539887744944e-6,-6.990519100610972e-6,-6.944753586484825e-6,-6.953851494552179e-6,-6.969938250381973e-6,-6.994399613649227e-6,-6.97612087119254e-6,-6.969894405440394e-6,-6.984411811593599e-6,-6.9833101387062966e-6,-6.934061412816801e-6,-6.964392342665763e-6
-4.862676537876109e-6,-4.863667557849957e-6,-4.878627303861147e-6,-4.880863093604213e-6,-4.857377494561051e-6,-4.866982897577003e-6,-4.876216159676554e-6,-4.869186560530174e-6,-4.876642150187913e-6,-4.867899330790468e-6,-4.8721610752740195e-6,-4.8812773326540455e-6,-4.8889082451770325e-6,-4.8596434237794555e-6,-4.868796350213306e-6,-4.8881800146994e-6,-4.871557943257676e-6,-4.844569603578919e-6,-4.8794126159110694e-6,-4.869185965872288e-6,-4.842338636158891e-6,-4.875437012517863e-6,-4.859748038290608e-6,-4.82602715654805e-6,-4.7802546540770595e-6,-4.8597820995033654e-6,-4.8680761569101915e-6,-4.865391992128852e-6,-4.856478415503379e-6,-4.855870562385488e-6,-4.8581690218659325e-6,-4.855989283490701e-6,-4.862901276464112e-6,-4.875116589724677e-6,-4.861513732429579e-6,-4.873372902873948e-6,-4.871516201287338e-6,-4.852236773966644e-6,-4.858100264786531e-6,-4.873458171541909e-6,-4.865680894499142e-6,-4.879193722046161e-6,-4.877082629705977e-6,-4.9301373590557976e-6,-4.860032573818356e-6,-4.869857465335446e-6,-4.845870689310786e-6,-4.8722467625196045e-6,-4.869660836776737e-6,-4.8671478200151015e-6,-4.8630293064535684e-6,-4.872583289199492e-6,-4.885710015661397e-6,-4.889775068498507e-6,-4.8651165119040405e-6,-4.877649700744136e-6,-4.879353253374358e-6,-4.879194206764655e-6,-4.854636294221012e-6,-4.8601773915691014e-6,-4.853303374439306e-6,-4.876173694711933e-6,-4.8514916032464275e-6,-4.869678786554395e-6,-4.860671950350164e-6,-4.88094971946822e-6,-4.8804437131726265e-6,-4.871193137053594e-6,-4.858999742321046e-6,-4.886838934938614e-6,-4.8542312475877015e-6,-4.860328001698531e-6,-4.872057404898632e-6,-4.8865831487852345e-6,-4.876309071994219e-6,-4.869261769825717e-6,-4.879701127979808e-6,-4.881818723475571e-6,-4.842636249339792e-6,-4.8664253127872324e-6
-3.429620660418781e-6,-3.432922417120743e-6,-3.4438829762711046e-6,-3.4442916689436274e-6,-3.4265139099232266e-6,-3.4353143007839126e-6,-3.442861283287284e-6,-3.4375397565340245e-6,-3.4431273436364545e-6,-3.4367976212285875e-6,-3.439562519863174e-6,-3.4454852920186948e-6,-3.45090329882327e-6,-3.431706409586686e-6,-3.4362348106876875e-6,-3.4507381469558936e-6,-3.437505417038963e-6,-3.4184577857810788e-6,-3.4459327657757903e-6,-3.438096950871084e-6,-3.414843222968136e-6,-3.4420035348655742e-6,-3.429105675870646e-6,-3.4028907262155035e-6,-3.366396731674183e-6,-3.4304846930197984e-6,-3.434370350054181e-6,-3.4330224441866375e-6,-3.4242576124120904e-6,-3.425452919652774e-6,-3.4289004868113074e-6,-3.427342654236312e-6,-3.4327794663218084e-6,-3.4424477225479252e-6,-3.4312698163436797e-6,-3.4402977093795825e-6,-3.4391996688647094e-6,-3.4251706453111008e-6,-3.427325888972371e-6,-3.4411142701922585e-6,-3.4343167644632526e-6,-3.4446160416475347e-6,-3.441856162153202e-6,-3.4628540988813548e-6,-3.4314281333430036e-6,-3.4390979491677243e-6,-3.418280807622026e-6,-3.4385885294997933e-6,-3.4399598843121887e-6,-3.4353916816468007e-6,-3.431294590133634e-6,-3.440023873040537e-6,-3.44974804622177e-6,-3.4515681568340355e-6,-3.4340273524608518e-6,-3.4427432356476125e-6,-3.4452183102737316e-6,-3.44378841760108e-6,-3.425824349739959e-6,-3.429813908084371e-6,-3.4260374308824312e-6,-3.4417964252965385e-6,-3.4216864070321696e-6,-3.435926447564446e-6,-3.430329021266021e-6,-3.445892058495367e-6,-3.4457800920446068e-6,-3.4386634144666553e-6,-3.4298896743389843e-6,-3.4496818106240702e-6,-3.428854251607453e-6,-3.4302993453999165e-6,-3.439836417389878e-6,-3.4487037480160925e-6,-3.442773955101372e-6,-3.436240111383872e-6,-3.443325094694341e-6,-3.4474663430792137e-6,-3.417378811040108e-6,-3.4348716534079365e-6
-2.4494027842191246e-6,-2.4544421423408727e-6,-2.462374959243328e-6,-2.4614286131534584e-6,-2.447349424601527e-6,-2.456622583195672e-6,-2.4622222206363094e-6,-2.4584164409230656e-6,-2.4625755288027802e-6,-2.4579724687277153e-6,-2.459587832670474e-6,-2.463242684695506e-6,-2.4672168955939982e-6,-2.4543898735651647e-6,-2.4566509006174247e-6,-2.467445276913108e-6,-2.456950969690491e-6,-2.4430791281904923e-6,-2.4645873089443005e-6,-2.458790300595482e-6,-2.4386128424886284e-6,-2.4610458082734175e-6,-2.449700658871813e-6,-2.4311699018152253e-6,-2.4049547697755827e-6,-2.453320156381952e-6,-2.45419580479317e-6,-2.4533089249373585e-6,-2.4446999998322516e-6,-2.446825170581359e-6,-2.4516386418079206e-6,-2.450400327726242e-6,-2.4542057845497684e-6,-2.461525398861005e-6,-2.452323619179443e-6,-2.4594690782879164e-6,-2.4595483834605142e-6,-2.4493995739348506e-6,-2.448851954249893e-6,-2.461132766991601e-6,-2.4553975002899034e-6,-2.463486321393153e-6,-2.4591815136929863e-6,-2.4515470578546656e-6,-2.453746869916385e-6,-2.4596143278453864e-6,-2.442316111487631e-6,-2.4581262014741575e-6,-2.4613119728888004e-6,-2.4564660666347695e-6,-2.45217319618556e-6,-2.4601210065618396e-6,-2.4670608681608554e-6,-2.467600629172529e-6,-2.4544412630425524e-6,-2.461645763758747e-6,-2.4639983936324397e-6,-2.4616764655500214e-6,-2.448025785286574e-6,-2.452174294723281e-6,-2.4500773135020515e-6,-2.460631983007729e-6,-2.4440091644763044e-6,-2.455515251594541e-6,-2.4522113657175187e-6,-2.4640914609322968e-6,-2.4643013951623474e-6,-2.458426028022626e-6,-2.452507168481519e-6,-2.465905486309832e-6,-2.453904033196676e-6,-2.4519512008486745e-6,-2.4598751145237396e-6,-2.4657546442217477e-6,-2.4615874013451683e-6,-2.4559554464987824e-6,-2.460871378910888e-6,-2.465697688597327e-6,-2.4424411081915113e-6,-2.4556366720178198e-6
-1.7880755252353501e-6,-1.7934512674274342e-6,-1.799614779572178e-6,-1.797706298995852e-6,-1.7864590071689676e-6,-1.7960047956888254e-6,-1.8000990098126299e-6,-1.79738860519646e-6,-1.7999671223244349e-6,-1.7970450838374247e-6,-1.7977725434532967e-6,-1.8000998668434418e-6,-1.8030274925811973e-6,-1.794717554237786e-6,-1.7953167158708e-6,-1.8039154094676614e-6,-1.7949263711675342e-6,-1.7851193785114045e-6,-1.8012985361186702e-6,-1.7974164190838098e-6,-1.7795254729213395e-6,-1.7985466590092563e-6,-1.7879032181888099e-6,-1.7760215275527905e-6,-1.7567905794132886e-6,-1.7941584019150443e-6,-1.7929212807416694e-6,-1.7924169840522397e-6,-1.784043300772808e-6,-1.7860691265867515e-6,-1.79150588771132e-6,-1.7905391986691414e-6,-1.7932880675089807e-6,-1.7992373582624011e-6,-1.7908889712148215e-6,-1.796947829904701e-6,-1.797995642295652e-6,-1.7904120156740353e-6,-1.7887926505156933e-6,-1.7992513282944756e-6,-1.7946740149447275e-6,-1.801025831454679e-6,-1.7958015012056461e-6,-1.7570552627102683e-6,-1.7933093754740878e-6,-1.7978669230870756e-6,-1.7836403176782512e-6,-1.7961492532673243e-6,-1.8003853909791577e-6,-1.7957761739836088e-6,-1.7913576067954322e-6,-1.798045400517777e-6,-1.803149301202682e-6,-1.8030577985514957e-6,-1.793129256239959e-6,-1.799151408079866e-6,-1.8012737348064997e-6,-1.7981840206236598e-6,-1.7874886172709294e-6,-1.792004716736978e-6,-1.790922634364343e-6,-1.7979688669794038e-6,-1.7840591320837857e-6,-1.793921970880108e-6,-1.7917615413216045e-6,-1.8011607754607854e-6,-1.801073711707006e-6,-1.7964888221878304e-6,-1.7924139086616636e-6,-1.8011529071807079e-6,-1.7948262185611184e-6,-1.7913901840583643e-6,-1.7978087389162793e-6,-1.8019618546013135e-6,-1.7989643227800462e-6,-1.793635704026341e-6,-1.7976284974224635e-6,-1.8024358627994536e-6,-1.7829226508082487e-6,-1.7946510924312056e-6
-1.336406043211026e-6,-1.3417802996000246e-6,-1.3467750017335115e-6,-1.344406652370542e-6,-1.3351615734356962e-6,-1.3442566742401486e-6,-1.3476020683612893e-6,-1.3456851485027488e-6,-1.3469931849404152e-6,-1.3454037633960032e-6,-1.3451885452781323e-6,-1.3469917123314143e-6,-1.3491891250075108e-6,-1.3435566320155146e-6,-1.3433671911239783e-6,-1.3504956194250925e-6,-1.3424619577701247e-6,-1.3362530118513966e-6,-1.3480978467784138e-6,-1.3457079974887583e-6,-1.3289097038848448e-6,-1.3458554201025517e-6,-1.3361202194379867e-6,-1.3288523531055305e-6,-1.3147372636561334e-6,-1.3441339950542395e-6,-1.3415510399073209e-6,-1.3414423916192142e-6,-1.333583895389556e-6,-1.3347456622297892e-6,-1.3402171943350026e-6,-1.3398384886882898e-6,-1.341670381251841e-6,-1.3470658007370447e-6,-1.3388139071089872e-6,-1.3441033860441198e-6,-1.345725966713823e-6,-1.3402050747567603e-6,-1.3385658175683413e-6,-1.3466910864979027e-6,-1.3432855723143747e-6,-1.348203998785503e-6,-1.3428775565599792e-6,-1.2787361398227572e-6,-1.3417536082552274e-6,-1.3455404878222453e-6,-1.3338011215118861e-6,-1.34389674684358e-6,-1.3482444688664332e-6,-1.3444022866973633e-6,-1.3402578255399605e-6,-1.3454467285067743e-6,-1.3492840471786276e-6,-1.349121055156962e-6,-1.3414468492928544e-6,-1.3463976595422656e-6,-1.3482179408590252e-6,-1.3446099532298356e-6,-1.3361285340618315e-6,-1.3406904034357287e-6,-1.3402945448637462e-6,-1.3451507780334699e-6,-1.3333422024786261e-6,-1.3420087077268082e-6,-1.3405269567864337e-6,-1.3481975962895957e-6,-1.3477148316585388e-6,-1.3441655950281554e-6,-1.341259488949006e-6,-1.3471380462480764e-6,-1.3436232913419455e-6,-1.340616972931901e-6,-1.3455183321741035e-6,-1.3483381623141285e-6,-1.345347320360613e-6,-1.3412437210759906e-6,-1.3446579352789373e-6,-1.3491931012403863e-6,-1.3326904786507754e-6,-1.3429605627254765e-6
-1.0278440158179313e-6,-1.0322381512526175e-6,-1.03691440618277e-6,-1.0345042890580431e-6,-1.0263979244454717e-6,-1.0349815145342583e-6,-1.0378036736567543e-6,-1.0364223499645643e-6,-1.0371682405368965e-6,-1.0361630368540084e-6,-1.035500952179962e-6,-1.0370043535852904e-6,-1.0385454825740176e-6,-1.034220943919916e-6,-1.034093715540018e-6,-1.039740229040626e-6,-1.0329159061739668e-6,-1.0294581221484372e-6,-1.0383896329749372e-6,-1.0364441885979427e-6,-1.0206411700313898e-6,-1.0360540059007904e-6,-1.027381439194722e-6,-1.0232481034214348e-6,-1.011182489133315e-6,-1.0363134745150622e-6,-1.0328754393568192e-6,-1.0330238885350656e-6,-1.0261795620940463e-6,-1.0262737195158635e-6,-1.0312810996644003e-6,-1.031679738873638e-6,-1.0326718247399158e-6,-1.0381246269971766e-6,-1.0296322788030972e-6,-1.0342554904054477e-6,-1.0364826590296487e-6,-1.0321997247900923e-6,-1.031122441156963e-6,-1.0368056945759742e-6,-1.0343015983494962e-6,-1.038189001354261e-6,-1.0331609576501603e-6,-9.549720271356557e-7,-1.0326970026620371e-6,-1.0361971069906118e-6,-1.026432398913027e-6,-1.0343490926877905e-6,-1.0384576583060944e-6,-1.0354450255352524e-6,-1.0319135996110192e-6,-1.0359650595731375e-6,-1.038676831955899e-6,-1.0384807640738977e-6,-1.032591474293101e-6,-1.0366114723520797e-6,-1.03810922535091e-6,-1.0343669570319726e-6,-1.0272266693124859e-6,-1.031950821676456e-6,-1.031873555368043e-6,-1.035300418528671e-6,-1.0251393951640614e-6,-1.032920922878178e-6,-1.03203946932827e-6,-1.038193213946151e-6,-1.0375754917003295e-6,-1.0347045065109428e-6,-1.0323419265089426e-6,-1.0366166842182896e-6,-1.034772463995603e-6,-1.0329418904758936e-6,-1.036147131482008e-6,-1.0379645418558295e-6,-1.034234033558969e-6,-1.032070117941975e-6,-1.0352199091489499e-6,-1.0390304309664705e-6,-1.0248331808985976e-6,-1.0333953110312548e-6
-8.252847505327599e-7,-8.282740197530979e-7,-8.329090224139686e-7,-8.307180144928718e-7,-8.23196109919612e-7,-8.314216927905544e-7,-8.337949417622399e-7,-8.327279762310327e-7,-8.331065798341309e-7,-8.323342394642406e-7,-8.318147128021234e-7,-8.330703085690302e-7,-8.338020965654497e-7,-8.302665348676774e-7,-8.30515800775968e-7,-8.347940507922526e-7,-8.292060166115816e-7,-8.271344405548521e-7,-8.351154641672971e-7,-8.325923297978698e-7,-8.18239775819858e-7,-8.320168058165909e-7,-8.240930263401585e-7,-8.221301681046226e-7,-8.093575917739679e-7,-8.339198875712797e-7,-8.299179543834126e-7,-8.292212969902472e-7,-8.243567735877033e-7,-8.234104477492584e-7,-8.280842498820136e-7,-8.289714557180599e-7,-8.291250553060967e-7,-8.346046724693919e-7,-8.262098406798882e-7,-8.304380074491756e-7,-8.334157985808348e-7,-8.294380864886198e-7,-8.290208882944675e-7,-8.328232075092787e-7,-8.30768994184276e-7,-8.33998464254655e-7,-8.2946352531596e-7,-7.487762736147833e-7,-8.293454389120069e-7,-8.326888100257599e-7,-8.242279522711692e-7,-8.305756541479033e-7,-8.346218240615358e-7,-8.320121511175469e-7,-8.290641759742761e-7,-8.320026182416909e-7,-8.342759592137633e-7,-8.340428695990525e-7,-8.295936681159699e-7,-8.327012055883402e-7,-8.339654410589076e-7,-8.302097027124317e-7,-8.242351676506827e-7,-8.288557529274035e-7,-8.28888345166468e-7,-8.316570805896073e-7,-8.224413629452407e-7,-8.295711399823824e-7,-8.292180603298335e-7,-8.340135182817927e-7,-8.335365946150485e-7,-8.310749874954308e-7,-8.289392288549689e-7,-8.322020198298439e-7,-8.315087232698813e-7,-8.306036530402425e-7,-8.326598836891866e-7,-8.33721055845703e-7,-8.29688395585447e-7,-8.286776007190556e-7,-8.319211673089814e-7,-8.348595729135605e-7,-8.2171312912496e-7,-8.292587205881589e-7
-7.07689643127604e-7,-7.098749862598056e-7,-7.143472292673548e-7,-7.123408999851812e-7,-7.054049461404158e-7,-7.133051330796584e-7,-7.151931426271702e-7,-7.142834450025013e-7,-7.145242881659284e-7,-7.13728099833926e-7,-7.134447629906205e-7,-7.145889239055218e-7,-7.146713940766152e-7,-7.114960272969848e-7,-7.122507492941757e-7,-7.154648584801256e-7,-7.109499251215343e-7,-7.093759016077426e-7,-7.173021105786897e-7,-7.140793212328158e-7,-7.012016783554503e-7,-7.134345132805225e-7,-7.05626135554164e-7,-7.051558203280797e-7,-6.918176427718585e-7,-7.165761447334233e-7,-7.120660672441735e-7,-7.106286970006014e-7,-7.07257916720436e-7,-7.055968020936362e-7,-7.103160893349399e-7,-7.112355995979643e-7,-7.107204457700196e-7,-7.160064717449824e-7,-7.080394915918135e-7,-7.121323904209852e-7,-7.156315370516839e-7,-7.116003578077654e-7,-7.117077793153525e-7,-7.143247083703959e-7,-7.12562660432822e-7,-7.153362027700886e-7,-7.111663128312714e-7,-6.337119576510782e-7,-7.113975970006361e-7,-7.1448565723377e-7,-7.067888548420172e-7,-7.121960000271128e-7,-7.164983424232771e-7,-7.138903473899226e-7,-7.113693646717629e-7,-7.131736177163674e-7,-7.156400264043131e-7,-7.152640461731062e-7,-7.116853693262522e-7,-7.141610357152584e-7,-7.153875203478079e-7,-7.115895556574452e-7,-7.06499675339834e-7,-7.109442077364543e-7,-7.107856618012572e-7,-7.135698136024555e-7,-7.047474878228491e-7,-7.117278771162139e-7,-7.115192138444614e-7,-7.153831544409196e-7,-7.149316957062159e-7,-7.129393865975176e-7,-7.108063452536403e-7,-7.134103545887013e-7,-7.134046449808758e-7,-7.129388333337494e-7,-7.146726483280187e-7,-7.151129053074811e-7,-7.110278094641809e-7,-7.106474622309101e-7,-7.139517933308105e-7,-7.161937179545865e-7,-7.034974037968163e-7,-7.103704283431432e-7
-6.704611014716152e-7,-6.724461888429675e-7,-6.767786830578082e-7,-6.748356166515957e-7,-6.68218079905926e-7,-6.759893595896432e-7,-6.776638543154438e-7,-6.767620255087615e-7,-6.770415647906747e-7,-6.761088995778939e-7,-6.759461914561531e-7,-6.770950665389641e-7,-6.769297356083526e-7,-6.737554022549708e-7,-6.748452302219559e-7,-6.775874296934125e-7,-6.735654641522429e-7,-6.721426999670646e-7,-6.799981050097593e-7,-6.765519131649463e-7,-6.643221652704828e-7,-6.75886882674702e-7,-6.681189927542594e-7,-6.680676446034816e-7,-6.545923944129801e-7,-6.79531727174981e-7,-6.74721357922188e-7,-6.731641399222155e-7,-6.70132897926863e-7,-6.683957188483776e-7,-6.73143770466505e-7,-6.739584132550835e-7,-6.732031104289475e-7,-6.783910416746995e-7,-6.706221558285751e-7,-6.746998759977878e-7,-6.783109767152276e-7,-6.742764772728615e-7,-6.746389362708887e-7,-6.767859875483791e-7,-6.75176154383107e-7,-6.777468898731881e-7,-6.736843712253764e-7,-5.966497852322827e-7,-6.740743135965665e-7,-6.770506582815551e-7,-6.6953450316141e-7,-6.746900249711056e-7,-6.791327761953152e-7,-6.765129614509475e-7,-6.741779406669808e-7,-6.754875308610782e-7,-6.780960229933799e-7,-6.776352516805568e-7,-6.743026661261358e-7,-6.765939757316378e-7,-6.778476553549034e-7,-6.740080770191045e-7,-6.692607586976435e-7,-6.736240291557425e-7,-6.733534546200205e-7,-6.762107332587483e-7,-6.674254919391427e-7,-6.744673604675243e-7,-6.743161107121478e-7,-6.778353248400231e-7,-6.773479982639588e-7,-6.755950077382278e-7,-6.733812998857693e-7,-6.757717875391714e-7,-6.760203752933423e-7,-6.757014235209169e-7,-6.773916447512177e-7,-6.775731824504487e-7,-6.734712391675089e-7,-6.733035456411345e-7,-6.766150907006797e-7,-6.786088908234669e-7,-6.660465719722972e-7,-6.726921895262102e-7
-7.07689643127604e-7,-7.098749862598056e-7,-7.143472292673548e-7,-7.123408999851812e-7,-7.054049461404158e-7,-7.133051330796584e-7,-7.151931426271702e-7,-7.142834450025013e-7,-7.145242881659284e-7,-7.13728099833926e-7,-7.134447629906205e-7,-7.145889239055218e-7,-7.146713940766152e-7,-7.114960272969848e-7,-7.122507492941757e-7,-7.154648584801256e-7,-7.109499251215343e-7,-7.093759016077426e-7,-7.173021105786897e-7,-7.140793212328158e-7,-7.012016783554503e-7,-7.134345132805225e-7,-7.05626135554164e-7,-7.051558203280797e-7,-6.918176427718585e-7,-7.165761447334233e-7,-7.120660672441735e-7,-7.106286970006014e-7,-7.07257916720436e-7,-7.055968020936362e-7,-7.103160893349399e-7,-7.112355995979643e-7,-7.107204457700196e-7,-7.160064717449824e-7,-7.080394915918135e-7,-7.121323904209852e-7,-7.156315370516839e-7,-7.116003578077654e-7,-7.117077793153525e-7,-7.143247083703959e-7,-7.12562660432822e-7,-7.153362027700886e-7,-7.111663128312714e-7,-6.337119576510782e-7,-7.113975970006361e-7,-7.1448565723377e-7,-7.067888548420172e-7,-7.121960000271128e-7,-7.164983424232771e-7,-7.138903473899226e-7,-7.113693646717629e-7,-7.131736177163674e-7,-7.156400264043131e-7,-7.152640461731062e-7,-7.116853693262522e-7,-7.141610357152584e-7,-7.153875203478079e-7,-7.115895556574452e-7,-7.06499675339834e-7,-7.109442077364543e-7,-7.107856618012572e-7,-7.135698136024555e-7,-7.047474878228491e-7,-7.117278771162139e-7,-7.115192138444614e-7,-7.153831544409196e-7,-7.149316957062159e-7,-7.129393865975176e-7,-7.108063452536403e-7,-7.134103545887013e-7,-7.134046449808758e-7,-7.129388333337494e-7,-7.146726483280187e-7,-7.151129053074811e-7,-7.110278094641809e-7,-7.106474622309101e-7,-7.139517933308105e-7,-7.161937179545865e-7,-7.034974037968163e-7,-7.103704283431432e-7
-8.252847505327599e-7,-8.282740197530979e-7,-8.329090224139686e-7,-8.307180144928718e-7,-8.23196109919612e-7,-8.314216927905544e-7,-8.337949417622399e-7,-8.327279762310327e-7,-8.331065798341309e-7,-8.323342394642406e-7,-8.318147128021234e-7,-8.330703085690302e-7,-8.338020965654497e-7,-8.302665348676774e-7,-8.30515800775968e-7,-8.347940507922526e-7,-8.292060166115816e-7,-8.271344405548521e-7,-8.351154641672971e-7,-8.325923297978698e-7,-8.18239775819858e-7,-8.320168058165909e-7,-8.240930263401585e-7,-8.221301681046226e-7,-8.093575917739679e-7,-8.339198875712797e-7,-8.299179543834126e-7,-8.292212969902472e-7,-8.243567735877033e-7,-8.234104477492584e-7,-8.280842498820136e-7,-8.289714557180599e-7,-8.291250553060967e-7,-8.346046724693919e-7,-8.262098406798882e-7,-8.304380074491756e-7,-8.334157985808348e-7,-8.294380864886198e-7,-8.290208882944675e-7,-8.328232075092787e-7,-8.30768994184276e-7,-8.33998464254655e-7,-8.2946352531596e-7,-7.487762736147833e-7,-8.293454389120069e-7,-8.326888100257599e-7,-8.242279522711692e-7,-8.305756541479033e-7,-8.346218240615358e-7,-8.320121511175469e-7,-8.290641759742761e-7,-8.320026182416909e-7,-8.342759592137633e-7,-8.340428695990525e-7,-8.295936681159699e-7,-8.327012055883402e-7,-8.339654410589076e-7,-8.302097027124317e-7,-8.242351676506827e-7,-8.288557529274035e-7,-8.28888345166468e-7,-8.316570805896073e-7,-8.224413629452407e-7,-8.295711399823824e-7,-8.292180603298335e-7,-8.340135182817927e-7,-8.335365946150485e-7,-8.310749874954308e-7,-8.289392288549689e-7,-8.322020198298439e-7,-8.315087232698813e-7,-8.306036530402425e-7,-8.326598836891866e-7,-8.33721055845703e-7,-8.29688395585447e-7,-8.286776007190556e-7,-8.319211673089814e-7,-8.348595729135605e-7,-8.2171312912496e-7,-8.292587205881589e-7
-1.0278440158179313e-6,-1.0322381512526175e-6,-1.03691440618277e-6,-1.0345042890580431e-6,-1.0263979244454717e-6,-1.0349815145342583e-6,-1.0378036736567543e-6,-1.0364223499645643e-6,-1.0371682405368965e-6,-1.0361630368540084e-6,-1.035500952179962e-6,-1.0370043535852904e-6,-1.0385454825740176e-6,-1.034220943919916e-6,-1.034093715540018e-6,-1.039740229040626e-6,-1.0329159061739668e-6,-1.0294581221484372e-6,-1.0383896329749372e-6,-1.0364441885979427e-6,-1.0206411700313898e-6,-1.0360540059007904e-6,-1.027381439194722e-6,-1.0232481034214348e-6,-1.011182489133315e-6,-1.0363134745150622e-6,-1.0328754393568192e-6,-1.0330238885350656e-6,-1.0261795620940463e-6,-1.0262737195158635e-6,-1.0312810996644003e-6,-1.031679738873638e-6,-1.0326718247399158e-6,-1.0381246269971766e-6,-1.0296322788030972e-6,-1.0342554904054477e-6,-1.0364826590296487e-6,-1.0321997247900923e-6,-1.031122441156963e-6,-1.0368056945759742e-6,-1.0343015983494962e-6,-1.038189001354261e-6,-1.0331609576501603e-6,-9.549720271356557e-7,-1.0326970026620371e-6,-1.0361971069906118e-6,-1.026432398913027e-6,-1.0343490926877905e-6,-1.0384576583060944e-6,-1.0354450255352524e-6,-1.0319135996110192e-6,-1.0359650595731375e-6,-1.038676831955899e-6,-1.0384807640738977e-6,-1.032591474293101e-6,-1.0366114723520797e-6,-1.03810922535091e-6,-1.0343669570319726e-6,-1.0272266693124859e-6,-1.031950821676456e-6,-1.031873555368043e-6,-1.035300418528671e-6,-1.0251393951640614e-6,-1.032920922878178e-6,-1.03203946932827e-6,-1.038193213946151e-6,-1.0375754917003295e-6,-1.0347045065109428e-6,-1.0323419265089426e-6,-1.0366166842182896e-6,-1.034772463995603e-6,-1.0329418904758936e-6,-1.036147131482008e-6,-1.0379645418558295e-6,-1.034234033558969e-6,-1.032070117941975e-6,-1.0352199091489499e-6,-1.0390304309664705e-6,-1.0248331808985976e-6,-1.0333953110312548e-6
-1.336406043211026e-6,-1.3417802996000246e-6,-1.3467750017335115e-6,-1.344406652370542e-6,-1.3351615734356962e-6,-1.3442566742401486e-6,-1.3476020683612893e-6,-1.3456851485027488e-6,-1.3469931849404152e-6,-1.3454037633960032e-6,-1.3451885452781323e-6,-1.3469917123314143e-6,-1.3491891250075108e-6,-1.3435566320155146e-6,-1.3433671911239783e-6,-1.3504956194250925e-6,-1.3424619577701247e-6,-1.3362530118513966e-6,-1.3480978467784138e-6,-1.3457079974887583e-6,-1.3289097038848448e-6,-1.3458554201025517e-6,-1.3361202194379867e-6,-1.3288523531055305e-6,-1.3147372636561334e-6,-1.3441339950542395e-6,-1.3415510399073209e-6,-1.3414423916192142e-6,-1.333583895389556e-6,-1.3347456622297892e-6,-1.3402171943350026e-6,-1.3398384886882898e-6,-1.341670381251841e-6,-1.3470658007370447e-6,-1.3388139071089872e-6,-1.3441033860441198e-6,-1.345725966713823e-6,-1.3402050747567603e-6,-1.3385658175683413e-6,-1.3466910864979027e-6,-1.3432855723143747e-6,-1.348203998785503e-6,-1.3428775565599792e-6,-1.2787361398227572e-6,-1.3417536082552274e-6,-1.3455404878222453e-6,-1.3338011215118861e-6,-1.34389674684358e-6,-1.3482444688664332e-6,-1.3444022866973633e-6,-1.3402578255399605e-6,-1.3454467285067743e-6,-1.3492840471786276e-6,-1.349121055156962e-6,-1.3414468492928544e-6,-1.3463976595422656e-6,-1.3482179408590252e-6,-1.3446099532298356e-6,-1.3361285340618315e-6,-1.3406904034357287e-6,-1.3402945448637462e-6,-1.3451507780334699e-6,-1.3333422024786261e-6,-1.3420087077268082e-6,-1.3405269567864337e-6,-1.3481975962895957e-6,-1.3477148316585388e-6,-1.3441655950281554e-6,-1.341259488949006e-6,-1.3471380462480764e-6,-1.3436232913419455e-6,-1.340616972931901e-6,-1.3455183321741035e-6,-1.3483381623141285e-6,-1.345347320360613e-6,-1.3412437210759906e-6,-1.3446579352789373e-6,-1.3491931012403863e-6,-1.3326904786507754e-6,-1.3429605627254765e-6
-1.7880755252353501e-6,-1.7934512674274342e-6,-1.799614779572178e-6,-1.797706298995852e-6,-1.7864590071689676e-6,-1.7960047956888254e-6,-1.8000990098126299e-6,-1.79738860519646e-6,-1.7999671223244349e-6,-1.7970450838374247e-6,-1.7977725434532967e-6,-1.8000998668434418e-6,-1.8030274925811973e-6,-1.794717554237786e-6,-1.7953167158708e-6,-1.8039154094676614e-6,-1.7949263711675342e-6,-1.7851193785114045e-6,-1.8012985361186702e-6,-1.7974164190838098e-6,-1.7795254729213395e-6,-1.7985466590092563e-6,-1.7879032181888099e-6,-1.7760215275527905e-6,-1.7567905794132886e-6,-1.7941584019150443e-6,-1.7929212807416694e-6,-1.7924169840522397e-6,-1.784043300772808e-6,-1.7860691265867515e-6,-1.79150588771132e-6,-1.7905391986691414e-6,-1.7932880675089807e-6,-1.7992373582624011e-6,-1.7908889712148215e-6,-1.796947829904701e-6,-1.797995642295652e-6,-1.7904120156740353e-6,-1.7887926505156933e-6,-1.7992513282944756e-6,-1.7946740149447275e-6,-1.801025831454679e-6,-1.7958015012056461e-6,-1.7570552627102683e-6,-1.7933093754740878e-6,-1.7978669230870756e-6,-1.7836403176782512e-6,-1.7961492532673243e-6,-1.8003853909791577e-6,-1.7957761739836088e-6,-1.7913576067954322e-6,-1.798045400517777e-6,-1.803149301202682e-6,-1.8030577985514957e-6,-1.793129256239959e-6,-1.799151408079866e-6,-1.8012737348064997e-6,-1.7981840206236598e-6,-1.7874886172709294e-6,-1.792004716736978e-6,-1.790922634364343e-6,-1.7979688669794038e-6,-1.7840591320837857e-6,-1.793921970880108e-6,-1.7917615413216045e-6,-1.8011607754607854e-6,-1.801073711707006e-6,-1.7964888221878304e-6,-1.7924139086616636e-6,-1.8011529071807079e-6,-1.7948262185611184e-6,-1.7913901840583643e-6,-1.7978087389162793e-6,-1.8019618546013135e-6,-1.7989643227800462e-6,-1.793635704026341e-6,-1.7976284974224635e-6,-1.8024358627994536e-6,-1.7829226508082487e-6,-1.7946510924312056e-6
-2.4494027842191246e-6,-2.4544421423408727e-6,-2.462374959243328e-6,-2.4614286131534584e-6,-2.447349424601527e-6,-2.456622583195672e-6,-2.4622222206363094e-6,-2.4584164409230656e-6,-2.4625755288027802e-6,-2.4579724687277153e-6,-2.459587832670474e-6,-2.463242684695506e-6,-2.4672168955939982e-6,-2.4543898735651647e-6,-2.4566509006174247e-6,-2.467445276913108e-6,-2.456950969690491e-6,-2.4430791281904923e-6,-2.4645873089443005e-6,-2.458790300595482e-6,-2.4386128424886284e-6,-2.4610458082734175e-6,-2.449700658871813e-6,-2.4311699018152253e-6,-2.4049547697755827e-6,-2.453320156381952e-6,-2.45419580479317e-6,-2.4533089249373585e-6,-2.4446999998322516e-6,-2.446825170581359e-6,-2.4516386418079206e-6,-2.450400327726242e-6,-2.4542057845497684e-6,-2.461525398861005e-6,-2.452323619179443e-6,-2.4594690782879164e-6,-2.4595483834605142e-6,-2.4493995739348506e-6,-2.448851954249893e-6,-2.461132766991601e-6,-2.4553975002899034e-6,-2.463486321393153e-6,-2.4591815136929863e-6,-2.4515470578546656e-6,-2.453746869916385e-6,-2.4596143278453864e-6,-2.442316111487631e-6,-2.4581262014741575e-6,-2.4613119728888004e-6,-2.4564660666347695e-6,-2.45217319618556e-6,-2.4601210065618396e-6,-2.4670608681608554e-6,-2.467600629172529e-6,-2.4544412630425524e-6,-2.461645763758747e-6,-2.4639983936324397e-6,-2.4616764655500214e-6,-2.448025785286574e-6,-2.452174294723281e-6,-2.4500773135020515e-6,-2.460631983007729e-6,-2.4440091644763044e-6,-2.455515251594541e-6,-2.4522113657175187e-6,-2.4640914609322968e-6,-2.4643013951623474e-6,-2.458426028022626e-6,-2.452507168481519e-6,-2.465905486309832e-6,-2.453904033196676e-6,-2.4519512008486745e-6,-2.4598751145237396e-6,-2.4657546442217477e-6,-2.4615874013451683e-6,-2.4559554464987824e-6,-2.460871378910888e-6,-2.465697688597327e-6,-2.4424411081915113e-6,-2.4556366720178198e-6
-3.429620660418781e-6,-3.432922417120743e-6,-3.4438829762711046e-6,-3.4442916689436274e-6,-3.4265139099232266e-6,-3.4353143007839126e-6,-3.442861283287284e-6,-3.4375397565340245e-6,-3.4431273436364545e-6,-3.4367976212285875e-6,-3.439562519863174e-6,-3.4454852920186948e-6,-3.45090329882327e-6,-3.431706409586686e-6,-3.4362348106876875e-6,-3.4507381469558936e-6,-3.437505417038963e-6,-3.4184577857810788e-6,-3.4459327657757903e-6,-3.438096950871084e-6,-3.414843222968136e-6,-3.4420035348655742e-6,-3.429105675870646e-6,-3.4028907262155035e-6,-3.366396731674183e-6,-3.4304846930197984e-6,-3.434370350054181e-6,-3.4330224441866375e-6,-3.4242576124120904e-6,-3.425452919652774e-6,-3.4289004868113074e-6,-3.427342654236312e-6,-3.4327794663218084e-6,-3.4424477225479252e-6,-3.4312698163436797e-6,-3.4402977093795825e-6,-3.4391996688647094e-6,-3.4251706453111008e-6,-3.427325888972371e-6,-3.4411142701922585e-6,-3.4343167644632526e-6,-3.4446160416475347e-6,-3.441856162153202e-6,-3.4628540988813548e-6,-3.4314281333430036e-6,-3.4390979491677243e-6,-3.418280807622026e-6,-3.4385885294997933e-6,-3.4399598843121887e-6,-3.4353916816468007e-6,-3.431294590133634e-6,-3.440023873040537e-6,-3.44974804622177e-6,-3.4515681568340355e-6,-3.4340273524608518e-6,-3.4427432356476125e-6,-3.4452183102737316e-6,-3.44378841760108e-6,-3.425824349739959e-6,-3.429813908084371e-6,-3.4260374308824312e-6,-3.4417964252965385e-6,-3.4216864070321696e-6,-3.435926447564446e-6,-3.430329021266021e-6,-3.445892058495367e-6,-3.4457800920446068e-6,-3.4386634144666553e-6,-3.4298896743389843e-6,-3.4496818106240702e-6,-3.428854251607453e-6,-3.4302993453999165e-6,-3.439836417389878e-6,-3.4487037480160925e-6,-3.442773955101372e-6,-3.436240111383872e-6,-3.443325094694341e-6,-3.4474663430792137e-6,-3.417378811040108e-6,-3.4348716534079365e-6
-4.862676537876109e-6,-4.863667557849957e-6,-4.878627303861147e-6,-4.880863093604213e-6,-4.857377494561051e-6,-4.866982897577003e-6,-4.876216159676554e-6,-4.869186560530174e-6,-4.876642150187913e-6,-4.867899330790468e-6,-4.8721610752740195e-6,-4.8812773326540455e-6,-4.8889082451770325e-6,-4.8596434237794555e-6,-4.868796350213306e-6,-4.8881800146994e-6,-4.871557943257676e-6,-4.844569603578919e-6,-4.8794126159110694e-6,-4.869185965872288e-6,-4.842338636158891e-6,-4.875437012517863e-6,-4.859748038290608e-6,-4.82602715654805e-6,-4.7802546540770595e-6,-4.8597820995033654e-6,-4.8680761569101915e-6,-4.865391992128852e-6,-4.856478415503379e-6,-4.855870562385488e-6,-4.8581690218659325e-6,-4.855989283490701e-6,-4.862901276464112e-6,-4.875116589724677e-6,-4.861513732429579e-6,-4.873372902873948e-6,-4.871516201287338e-6,-4.852236773966644e-6,-4.858100264786531e-6,-4.873458171541909e-6,-4.865680894499142e-6,-4.879193722046161e-6,-4.877082629705977e-6,-4.9301373590557976e-6,-4.860032573818356e-6,-4.869857465335446e-6,-4.845870689310786e-6,-4.8722467625196045e-6,-4.869660836776737e-6,-4.8671478200151015e-6,-4.8630293064535684e-6,-4.872583289199492e-6,-4.885710015661397e-6,-4.889775068498507e-6,-4.8651165119040405e-6,-4.877649700744136e-6,-4.879353253374358e-6,-4.879194206764655e-6,-4.854636294221012e-6,-4.8601773915691014e-6,-4.853303374439306e-6,-4.876173694711933e-6,-4.8514916032464275e-6,-4.869678786554395e-6,-4.860671950350164e-6,-4.88094971946822e-6,-4.8804437131726265e-6,-4.871193137053594e-6,-4.858999742321046e-6,-4.886838934938614e-6,-4.8542312475877015e-6,-4.860328001698531e-6,-4.872057404898632e-6,-4.8865831487852345e-6,-4.876309071994219e-6,-4.869261769825717e-6,-4.879701127979808e-6,-4.881818723475571e-6,-4.842636249339792e-6,-4.8664253127872324e-6
-6.962310009568005e-6,-6.963101396139165e-6,-6.9797009792859335e-6,-6.9854100805038976e-6,-6.95346236159063e-6,-6.965291902014753e-6,-6.9760261906374365e-6,-6.9682474378920905e-6,-6.9771687051090286e-6,-6.965744695287025e-6,-6.970982282541199e-6,-6.984728242898479e-6,-6.995797594954523e-6,-6.949787953429261e-6,-6.968260246240105e-6,-6.9934433070202165e-6,-6.9723616694195466e-6,-6.934142070044966e-6,-6.9778077241322455e-6,-6.966836092810604e-6,-6.9341536495673074e-6,-6.974568080372524e-6,-6.955172834182677e-6,-6.9133877879441355e-6,-6.865640398505104e-6,-6.9566183264985376e-6,-6.969441553448377e-6,-6.963251187229396e-6,-6.953999307800579e-6,-6.951556234069811e-6,-6.953842438873843e-6,-6.951303440926957e-6,-6.958111382870032e-6,-6.974542081082634e-6,-6.956267768675151e-6,-6.973471986211823e-6,-6.970559727913132e-6,-6.944106297069637e-6,-6.955875166629882e-6,-6.9725811824017914e-6,-6.963184250318828e-6,-6.980856523879207e-6,-6.979486902066504e-6,-7.049769567491454e-6,-6.953288148287763e-6,-6.965203370983609e-6,-6.938813742581358e-6,-6.973735453421771e-6,-6.964061743701139e-6,-6.966481171737808e-6,-6.960870147661737e-6,-6.971918401461606e-6,-6.988447914897231e-6,-6.997208304882457e-6,-6.961143380664385e-6,-6.981438920110068e-6,-6.980349820634206e-6,-6.9813066733645794e-6,-6.9476453103486375e-6,-6.9560485760106015e-6,-6.945477562123912e-6,-6.977565101052715e-6,-6.94791493422729e-6,-6.972325233054293e-6,-6.958169328954531e-6,-6.983580887938689e-6,-6.9829408219183305e-6,-6.9693321660559545e-6,-6.9529539887744944e-6,-6.990519100610972e-6,-6.944753586484825e-6,-6.953851494552179e-6,-6.969938250381973e-6,-6.994399613649227e-6,-6.97612087119254e-6,-6.969894405440394e-6,-6.984411811593599e-6,-6.9833101387062966e-6,-6.934061412816801e-6,-6.964392342665763e-6
-0.00001003302591182826,-0.000010034627709498945,-0.000010049635981735303,-0.000010061120510313922,-0.000010020035761636745,-0.000010033451118673028,-0.000010046497200710606,-0.000010038813904157627,-0.000010047606662192728,-0.000010033352895204202,-0.000010039795668902008,-0.000010060036354225633,-0.000010075601248493004,-0.000010005565201309688,-0.000010037106659239897,-0.000010070068902237313,-0.00001004288886774467,-9.991520395697607e-6,-0.00001004395235752721,-0.000010034719120519252,-9.993504851356066e-6,-0.000010042113104466505,-0.000010018733276819972,-9.965458291355234e-6,-9.919517431609438e-6,-0.000010023950822573025,-0.000010040825520782192,-0.00001002881244827315,-0.00001001830992704644,-0.000010016614977565414,-0.000010019412450523828,-0.00001001730409764909,-0.000010021343490834206,-0.000010042801760451529,-0.000010018692666890623,-0.000010044280318841823,-0.000010040482527201366,-0.00001000427893630228,-0.000010023294004355379,-0.000010041330403428945,-0.000010029776051585837,-0.000010052533682820326,-0.000010053531189453023,-0.000010123011162321279,-0.000010015242030371457,-0.000010029187227949385,-9.99995196554817e-6,-0.000010046436669617713,-0.000010027808724618137,-0.000010037875939070056,-0.000010026547844294832,-0.000010040489597785608,-0.000010060738007775036,-0.000010076795609495006,-0.000010024849949249536,-0.00001005819270896147,-0.000010050296670412819,-0.000010052804959504673,-0.000010008466720390921,-0.000010019121116264906,-0.000010004315476859223,-0.000010048757725057204,-0.000010014285274427459,-0.000010047159278833965,-0.000010026348529338357,-0.00001005723466774288,-0.000010056122634705535,-0.00001003686703317755,-0.00001001375223097892,-0.000010065197588097242,-0.000010003650508049881,-0.000010011690742673584,-0.000010036296193486604,-0.000010075128584736018,-0.000010044693753240413,-0.000010042602972569086,-0.000010061212466216911,-0.000010056280185623707,-9.99492882761012e-6,-0.000010032016041603375
-0.0000145442146820959,-0.00001455057715520459,-0.000014558700450743174,-0.000014577079655665862,-0.000014526938303448248,-0.000014541043072094972,-0.000014558937167432645,-0.000014549169808113218,-0.000014556854828398307,-0.000014539842220318204,-0.000014547336529797457,-0.000014577842957700983,-0.000014599618164338752,-0.000014499222462610766,-0.000014544768506073301,-0.00001458776887175673,-0.000014550733967011573,-0.000014485577761408297,-0.00001454704995487572,-0.000014543359540862866,-0.000014490224758918285,-0.000014546747909859988,-0.000014519701170813791,-0.000014445736109351077,-0.000014410506911672229,-0.000014531116129744039,-0.000014549892986703624,-0.000014528159877949579,-0.000014518079848468141,-0.000014520141168647837,-0.000014524899276393325,-0.000014521297026407974,-0.000014523784518383623,-0.000014549952297871255,-0.000014519071331332857,-0.000014554757734666984,-0.000014551413455378285,-0.000014499272719030855,-0.000014527417933689889,-0.000014551117529138569,-0.000014534107515068414,-0.000014564166271347915,-0.000014568014414635498,-0.000014638243808274326,-0.000014514558571310767,-0.000014531709308406378,-0.000014498669611369556,-0.00001456086763028234,-0.000014528754170819955,-0.00001455228207956717,-0.000014528890614026898,-0.000014544629193486299,-0.000014572763439226606,-0.00001459946116382605,-0.000014527001316555528,-0.0000145776434446248,-0.000014559261913019045,-0.000014563397498666818,-0.000014507716131046348,-0.000014517421954885217,-0.000014496371233377933,-0.000014558742860839559,-0.00001451865710562534,-0.00001456247426741995,-0.000014533384606792855,-0.000014571268254987759,-0.000014572126694871485,-0.00001454580091863078,-0.00001451200128214353,-0.000014580309457425848,-0.000014498970140269599,-0.000014503239925359165,-0.000014539865649318453,-0.000014598377794835437,-0.000014549728494907086,-0.00001455721368940541,-0.000014579999305529077,-0.00001457054041188285,-0.000014497445900285527,-0.000014539319052078015
-0.000021268277528199478,-0.000021285620649892357,-0.000021281124146216543,-0.000021306831634124977,-0.000021246804655910668,-0.00002126097819387866,-0.00002128998469162106,-0.00002127478828317587,-0.000021278945678930223,-0.000021259735320838033,-0.000021266705749182866,-0.000021310869562117445,-0.000021345113091833553,-0.00002120585458789829,-0.000021266389148229536,-0.000021322262477381718,-0.00002127089487609856,-0.000021188426421495338,-0.000021259424376227994,-0.000021269839180165898,-0.00002119402952414463,-0.00002126276539743365,-0.00002123139885136153,-0.00002113011666568183,-0.000021116908705208796,-0.00002125166185890962,-0.000021273152948632713,-0.000021235460173210073,-0.000021230040362493802,-0.00002123403433241123,-0.00002124635261753999,-0.000021235621965260025,-0.00002123861249447385,-0.000021268417957643254,-0.000021232804346683472,-0.000021278534173388548,-0.0000212780184257342,-0.00002120139964142438,-0.000021242133126354352,-0.000021277938519557873,-0.000021250742919305686,-0.00002128945786950541,-0.000021295751803568745,-0.000021365207563861965,-0.000021225938597200878,-0.00002124416763566809,-0.000021204607866168176,-0.000021294366572816735,-0.000021238633199072408,-0.000021284404803656448,-0.000021241688642579927,-0.00002125512062434022,-0.000021299355673499795,-0.000021338773459980584,-0.00002124366057406756,-0.00002131296078688329,-0.00002128358062785968,-0.00002128588307114092,-0.000021216073987845095,-0.00002122690554586183,-0.000021191138089249194,-0.000021280476742058367,-0.00002123348499707195,-0.000021292851528184887,-0.000021251239578277393,-0.00002129886103321503,-0.000021305688755542437,-0.00002126949222513982,-0.00002122177445779361,-0.00002130900447311755,-0.000021207577487896873,-0.000021200291624412407,-0.000021254022794165545,-0.00002133824279931401,-0.000021266470098118797,-0.000021287594008480222,-0.000021315624606606073,-0.00002130111711675105,-0.000021220120634325978,-0.000021258723203838082
-0.000031385642731090225,-0.00003141542986727621,-0.00003139580220585473,-0.00003143313934833315,-0.000031352663411213247,-0.000031372678266677493,-0.00003141731773024816,-0.00003139628371195755,-0.00003139527320097625,-0.00003137444276959883,-0.0000313784161404667,-0.00003143822499990286,-0.00003149450059143451,-0.00003130312771000974,-0.00003138048443135943,-0.00003145167145415494,-0.000031386882663248956,-0.00003127987751443629,-0.00003135855039320236,-0.000031390330492215635,-0.000031289935070946825,-0.00003136969485662702,-0.000031331178384819586,-0.000031211079679120896,-0.00003122077016599347,-0.00003136033572698924,-0.00003139249412622435,-0.00003132794237312475,-0.000031330957877032765,-0.000031335787378472586,-0.000031361749204861914,-0.000031339829048772754,-0.00003134278448967777,-0.00003138685873755157,-0.00003133532744478759,-0.000031394290261817055,-0.00003140162522130467,-0.00003129723936083905,-0.00003134581052775736,-0.00003139984918680462,-0.00003136039433279992,-0.00003140658083324695,-0.00003141346019490731,-0.000031449565524209374,-0.000031331370732317474,-0.00003134576427803977,-0.00003129884739353249,-0.00003142766926481907,-0.00003134139963482729,-0.00003141171003440737,-0.00003134220727131136,-0.00003134883719430701,-0.00003142090746379614,-0.000031472260345748804,-0.0000313560724306576,-0.000031443391603165575,-0.0000314006618761023,-0.00003139775466996587,-0.00003131147293063126,-0.000031328592258896625,-0.000031264512970696645,-0.000031392205637557716,-0.00003133905173846643,-0.00003142236963355749,-0.000031357717981410956,-0.000031418540748546163,-0.000031433077125362976,-0.00003138399132189442,-0.00003131854844364204,-0.000031430080703333504,-0.00003130781164060046,-0.000031284675403957514,-0.00003135952448369605,-0.00003147212247675671,-0.000031375906882545,-0.0000314149473874792,-0.000031448023487740616,-0.000031428086356783796,-0.00003134267750844854,-0.000031373591846090514
-0.000046759814889421096,-0.00004680560848418505,-0.000046768905767448224,-0.000046829026982149976,-0.000046708781882363095,-0.0000467423875014392,-0.00004680379008995977,-0.000046780174874874356,-0.00004677213174684345,-0.00004675374203398457,-0.000046747771230908365,-0.0000468293657498927,-0.000046914600523917694,-0.00004664677198484415,-0.000046751010629049934,-0.000046843394314489465,-0.000046770396866828044,-0.00004662973175307494,-0.000046708581119106815,-0.0000467703713490428,-0.00004665028475219227,-0.0000467280898860689,-0.000046685399837910046,-0.00004657085254801177,-0.000046580702450713134,-0.0000467189649683907,-0.00004677714713930932,-0.000046673730733313464,-0.00004667323808358141,-0.00004668969673052034,-0.0000467368016862241,-0.00004670197752039918,-0.000046705984286445576,-0.00004677233567883162,-0.00004668705703337558,-0.00004677073446183688,-0.00004678998931846556,-0.00004665887080853048,-0.00004670598519454853,-0.00004678031527320141,-0.00004673132509527295,-0.000046782418111294875,-0.000046783560395684056,-0.00004677228887122699,-0.00004669739553991051,-0.000046706618558828354,-0.000046647645895102846,-0.000046824148231587375,-0.000046712493055010126,-0.00004680114336359048,-0.000046698190820462654,-0.0000466907334916403,-0.000046804132807425004,-0.000046866537132428266,-0.00004673064214873423,-0.000046840084870790346,-0.000046774007348641426,-0.00004676430389677878,-0.00004666274599015696,-0.000046686438556242354,-0.000046584839265593166,-0.00004675884426147947,-0.000046702073264097725,-0.00004681650013014615,-0.000046718396349253645,-0.000046796686180343845,-0.00004682077185016098,-0.00004675463801465003,-0.00004666794517841373,-0.00004680871138983726,-0.00004666106236786393,-0.000046630959043947785,-0.000046722922180281496,-0.00004686442562996898,-0.0000467471003752539,-0.00004680411815799003,-0.000046837687507469966,-0.00004681648611703412,-0.00004673069390745237,-0.000046752411753150634
-0.00007056039167492196,-0.00007062655780621109,-0.00007057349359420852,-0.00007067395510452706,-0.00007049770708880457,-0.00007054414983407393,-0.00007062127812002152,-0.00007060073180436611,-0.0000705845540187717,-0.00007056888707686745,-0.00007054492557192953,-0.00007066013241858134,-0.00007077676071056755,-0.0000704093109330661,-0.00007055214593839539,-0.00007066997566400325,-0.00007060092359906906,-0.0000704223328154214,-0.00007048187841267958,-0.00007058738772309501,-0.00007045256032952148,-0.00007050586279594061,-0.00007046721009844097,-0.00007037333811912817,-0.00007035316578014327,-0.00007050240341562877,-0.00007060145810838987,-0.00007045673385348145,-0.00007043182676700045,-0.00007047406741288557,-0.00007054981631670227,-0.00007050703984704844,-0.00007051165673820917,-0.00007059887327404255,-0.00007046234199526473,-0.00007058765956016613,-0.00007061679387240465,-0.00007045684400454227,-0.00007050471711605877,-0.00007058756825977975,-0.00007054402789308722,-0.00007058855810690005,-0.00007058741105433145,-0.00007055814098663083,-0.00007050655851390215,-0.00007049898961490741,-0.00007042306547195289,-0.00007066025544685555,-0.00007052027507486506,-0.00007062725091788926,-0.00007049714291516436,-0.00007045464503925512,-0.00007062497697667968,-0.00007070140819088008,-0.00007054355872444324,-0.00007068301148732917,-0.00007057862036506914,-0.00007055932170348147,-0.00007043988436411106,-0.00007047452169739926,-0.00007034307649063297,-0.0000705582930706475,-0.00007049890367677907,-0.00007064891921353108,-0.00007051093268324092,-0.00007061422394951262,-0.0000706409628900516,-0.00007055410130223373,-0.00007045046669603737,-0.00007062642777502734,-0.00007044843420821169,-0.00007042424062341803,-0.00007052139801124717,-0.00007069356188345272,-0.00007055984571901911,-0.00007062799293372892,-0.00007065278333007205,-0.00007063795386540663,-0.00007055563078643587,-0.00007057322446713736
-0.00010853054133538741,-0.00010861795997096292,-0.00010855831953989046,-0.00010871345907691028,-0.0001084686184708497,-0.00010852851734289361,-0.00010861986681317472,-0.00010860319700388521,-0.00010858029037077068,-0.00010856899000597956,-0.00010851974645477962,-0.00010868499314873218,-0.00010882793885093303,-0.00010834273813710384,-0.00010852863885073765,-0.0001086746946163077,-0.00010862763018056182,-0.0001084114024064847,-0.00010843400597345601,-0.00010858530379055187,-0.00010845578693037493,-0.00010845760197503573,-0.00010842478036415102,-0.00010837581280734291,-0.00010829616838035861,-0.00010846043497112531,-0.00010859520987191828,-0.00010841675039289036,-0.00010835374926825094,-0.00010844636874357502,-0.00010856193252745474,-0.00010850280672328846,-0.00010850449900749863,-0.00010862084457128625,-0.000108412386186455,-0.00010859257670185768,-0.00010863499256348299,-0.00010843097776042475,-0.00010848684652975308,-0.0001085603644563399,-0.00010854036963302,-0.00010856326767781176,-0.00010858702641622124,-0.00010863123391425756,-0.00010851439547705515,-0.00010847387077813711,-0.00010837072524639879,-0.00010869247608106099,-0.0001085069143291547,-0.00010863727076960603,-0.00010850108565422622,-0.0001083908688529827,-0.00010863180179570287,-0.00010873013641046209,-0.00010855437042894826,-0.00010872126864048436,-0.00010856093999563664,-0.00010852924837553789,-0.00010838904736726855,-0.00010845304317767766,-0.00010830757028279839,-0.00010853935403387098,-0.00010848635892960525,-0.00010866116791755803,-0.00010848456198023093,-0.00010862642674490882,-0.00010863743309282519,-0.00010852624765300501,-0.0001084171440456194,-0.00010863968905065753,-0.00010842529603317148,-0.00010841143048878405,-0.00010850462654552061,-0.00010870435031369368,-0.00010855736838366603,-0.00010863483084727586,-0.00010863934074979844,-0.00010864342253624645,-0.0001085616886051197,-0.00010859969209171099
-0.0001720124261546229,-0.00017211663452068222,-0.00017207438018472786,-0.0001722904626596762,-0.00017195807575233363,-0.00017204413007350638,-0.00017215473977291528,-0.00017213507119551554,-0.00017210426900128616,-0.00017210452320693076,-0.00017203057326393634,-0.00017225772921570522,-0.00017241815605443627,-0.0001718055457835801,-0.00017202753820468177,-0.0001722211858949659,-0.0001721872464006173,-0.00017195779177747614,-0.00017190576628831736,-0.0001721265252038721,-0.00017199748955836527,-0.0001719468280528417,-0.00017190331685522944,-0.00017190695046438102,-0.0001718120259790489,-0.0001719544022545258,-0.0001720939839107278,-0.00017189810821432902,-0.0001717791103522492,-0.00017195912268842562,-0.00017212111122824408,-0.00017204172026957445,-0.00017201800487529647,-0.00017219514115669415,-0.00017188272717288185,-0.00017213353403493936,-0.00017220107328535372,-0.00017192151832840272,-0.00017200083955484286,-0.00017204264521265272,-0.00017207733345175706,-0.0001720481607325519,-0.00017214641808504318,-0.000172345702839889,-0.00017207067877756912,-0.00017197261885799528,-0.00017184032845752315,-0.00017228285455188878,-0.0001720347337021574,-0.0001721765790956051,-0.00017206275822238885,-0.00017185832141674998,-0.00017216077858917168,-0.00017229741803457453,-0.0001721209766042752,-0.0001722970799729733,-0.0001720748476496552,-0.00017202197656089526,-0.00017185550361749216,-0.00017197378766304326,-0.0001718191868863089,-0.0001720312805340049,-0.00017202090870780138,-0.0001721966993556598,-0.00017198533847664226,-0.00017218523947305363,-0.0001721699039380213,-0.00017203047840171981,-0.0001719175324431426,-0.00017219140557938838,-0.00017194581425155744,-0.00017193369817022913,-0.0001720339122777536,-0.0001722457312874469,-0.00017207939748638753,-0.00017217204204803433,-0.00017215334360871933,-0.00017217844461957541,-0.00017208520607810796,-0.0001721842831396657
-0.00028539260988094315,-0.000285557682082865,-0.00028554527212199085,-0.0002858300513968827,-0.00028540683084895505,-0.0002855172235763931,-0.000285669594841104,-0.0002856175926433546,-0.00028558948332290486,-0.00028560296456295027,-0.0002855022054332755,-0.00028581478010514445,-0.00028596304356235704,-0.0002852515696910038,-0.0002855004601461269,-0.00028575061881189754,-0.0002857045873804297,-0.00028551180839625994,-0.00028530296247800775,-0.00028563986952965056,-0.00028550475562370717,-0.00028537689226973965,-0.0002853330914441665,-0.00028537130106670816,-0.000285372367082474,-0.00028541831371293514,-0.00028553523829157295,-0.00028532565151721486,-0.0002851164052646109,-0.0002854409168840728,-0.00028564155027207216,-0.0002855715451790298,-0.00028550309308531,-0.000285758131759276,-0.00028529189154820876,-0.00028563189110716094,-0.00028574603864445723,-0.00028535245664423176,-0.00028550102190780496,-0.00028545415573788806,-0.00028560650003475876,-0.0002854680553919388,-0.0002857150570538264,-0.00028606459605484886,-0.0002856202449556304,-0.0002854243277063056,-0.0002852672616412569,-0.0002858733087949269,-0.0002855272109021555,-0.0002857087119587209,-0.0002856226672078153,-0.00028532425476907714,-0.00028564035731193913,-0.00028581461626216403,-0.00028566734189922483,-0.00028582359730589446,-0.00028554517985321067,-0.0002854909508079926,-0.0002852649303463488,-0.00028547363423045305,-0.0002852897755576402,-0.0002854317556500889,-0.00028555981363058446,-0.0002856869749389882,-0.00028545141191668104,-0.0002857092699450651,-0.00028568682759718723,-0.0002855121175600828,-0.0002853878164399863,-0.00028570559229105526,-0.00028545007574067634,-0.0002854199320871623,-0.0002855241450098722,-0.0002857800109809458,-0.00028555020714289526,-0.00028567001159849486,-0.00028562967694432235,-0.00028566458180092686,-0.0002855684938808727,-0.00028574234469320374
-0.0005089216140903603,-0.000509252588567675,-0.0005092440297403105,-0.0005096049404827022,-0.000509048176407647,-0.0005092254191132422,-0.0005094537375073711,-0.0005092918753927965,-0.0005092634699747681,-0.0005093447818704555,-0.0005091918775230956,-0.0005096507679046857,-0.0005097148519945709,-0.0005089739307793832,-0.0005091970581638278,-0.0005095792360326127,-0.0005094629358372453,-0.0005093369142014287,-0.0005089036075288919,-0.000509402887108926,-0.00050924307607993,-0.0005089539665119206,-0.0005090094928483857,-0.0005090603196514832,-0.000509236916705647,-0.0005091412104547755,-0.0005092291701384694,-0.0005090072848432346,-0.0005086325105746082,-0.0005091539841701362,-0.0005094299472648664,-0.0005093901876353267,-0.0005092532879366696,-0.0005096014013199774,-0.0005089191444889512,-0.0005093384573143709,-0.0005095612698205406,-0.0005090077899046273,-0.000509284873817333,-0.0005090847845218526,-0.0005093948873310307,-0.0005090942174671051,-0.0005095610638153412,-0.0005100140069124928,-0.0005094200049338992,-0.0005091146020880347,-0.0005089166540121807,-0.0005097219035187931,-0.0005092484353560183,-0.0005095333384095681,-0.0005095159159637265,-0.0005091327799817581,-0.0005093331435992825,-0.0005095541756890687,-0.0005095182091396947,-0.0005096014789932768,-0.0005091939566872666,-0.0005092337738909145,-0.0005088926123955805,-0.0005092031083781014,-0.0005090018835926316,-0.0005089803228921004,-0.0005093966084144159,-0.00050939428613365,-0.0005091600941818002,-0.0005094651549139935,-0.0005094543183183132,-0.0005091855040859858,-0.0005091130451538067,-0.0005094397896482892,-0.0005092252754100735,-0.0005091537203706536,-0.0005092226746462247,-0.0005095686926738948,-0.0005092595138135098,-0.0005093824978717049,-0.0005093469885502046,-0.000509397271300793,-0.0005093279195980431,-0.0005095498322259247
-0.0010230073655236494,-0.0010235064232796869,-0.0010235012608865936,-0.0010238790659035549,-0.0010232562621291406,-0.0010235152540881375,-0.0010237934898431247,-0.0010234192291238122,-0.001023355923823262,-0.0010236896303088502,-0.0010233630324167238,-0.001024054998072129,-0.0010239068507397428,-0.0010234321835343597,-0.0010233939296331006,-0.0010241377631484356,-0.0010238219091414508,-0.001023760588239575,-0.00102302440862583,-0.001023769558610887,-0.0010234965097840676,-0.0010230057413303335,-0.0010232361092634853,-0.0010232720582148574,-0.0010236932227378108,-0.0010234732874411995,-0.0010234984387048223,-0.0010233294489982426,-0.0010225937462912836,-0.001023369174455288,-0.0010238390548404047,-0.0010238690685929006,-0.0010236436428251083,-0.0010240518136837929,-0.0010230874360243282,-0.0010235450624539897,-0.0010240650858785556,-0.0010232218952949473,-0.001023660459186745,-0.0010231881761162676,-0.0010238263845240088,-0.001023211389368269,-0.001023998552383764,-0.0010244222655019447,-0.0010237660490960718,-0.0010233983029926306,-0.0010230713743414803,-0.0010240811078791844,-0.0010235605115157319,-0.0010239076913581867,-0.0010240803130355653,-0.001023709502631484,-0.0010235639500693983,-0.0010238902777284006,-0.0010240004520333805,-0.0010239685786683115,-0.0010233201890415475,-0.001023543701978877,-0.0010231032616705316,-0.0010234944133997311,-0.001023313507812019,-0.001022970072071699,-0.0010239256021251802,-0.0010237195550841895,-0.0010234443183862805,-0.0010237551057266747,-0.00102375604062444,-0.0010233190391471603,-0.0010233653345460276,-0.0010236748087345277,-0.0010236005693600287,-0.0010235555977657464,-0.0010234821350456834,-0.0010238421678212353,-0.0010235180170959123,-0.0010235360733942592,-0.0010236756960412667,-0.0010237060565400054,-0.0010237861621815838,-0.0010238402755464995
-0.0025272641370686615,-0.0025278361905334825,-0.002527693501747531,-0.002528124689033388,-0.0025276804613254093,-0.0025277116896904755,-0.0025281357470624283,-0.0025273976125060865,-0.0025273165465160494,-0.0025281594311653654,-0.0025273813282913693,-0.002528348092816118,-0.0025278606267702544,-0.0025280949723118246,-0.002527419798530858,-0.00252882344056907,-0.002528295561206896,-0.0025283471994722116,-0.0025271357639891,-0.0025283091060355964,-0.0025276862051331755,-0.0025269907198506494,-0.002527466177081092,-0.0025274606953965906,-0.0025281075520834835,-0.002527770786407382,-0.002527834097876544,-0.002527778851711876,-0.0025265379774005196,-0.0025273857977512163,-0.0025283634328216106,-0.0025284851393221103,-0.0025281324811026323,-0.002528471205249582,-0.002527314360980658,-0.0025277794132422607,-0.002528771764151871,-0.002527527683934049,-0.0025279576089577735,-0.0025271619911721634,-0.002528351774377901,-0.0025273964054100765,-0.0025286440856768957,-0.002528603687712868,-0.002528194858376006,-0.0025275888578451724,-0.002527166473420582,-0.0025283937626622917,-0.0025280028840513075,-0.0025281755122089043,-0.0025285537337489837,-0.002528512984238186,-0.0025276423242799025,-0.002528401215267118,-0.0025287197676856776,-0.0025285278649958528,-0.002527360142555267,-0.002527929926903044,-0.002527440036545989,-0.002528002714565577,-0.0025276661321214635,-0.0025268611945157117,-0.0025285439876339797,-0.0025282003205909613,-0.002527678156641864,-0.0025278966837876584,-0.002528114796229228,-0.002527452397463899,-0.0025275446030127843,-0.0025278155639498756,-0.0025279805593781393,-0.002528180568027164,-0.0025279111363972874,-0.0025279427795033213,-0.00252784277060775,-0.0025276028653496005,-0.002527938249529925,-0.0025279518659588876,-0.002528673586200323,-0.0025280034896587476
-0.008696070566606179,-0.008696054159607017,-0.0086959997302735,-0.008696036525862934,-0.008696342258716506,-0.008695556431661065,-0.00869617426051243,-0.008694783183042107,-0.008695171560202029,-0.008696787913596671,-0.008695087280918994,-0.008696399618537716,-0.008695464599754895,-0.008697016937803764,-0.00869479453337863,-0.008697065959353479,-0.008696706732659258,-0.008696811553186337,-0.008695048921630207,-0.00869726730667965,-0.008695815298760387,-0.008694838909752457,-0.008695298662665999,-0.00869529051357355,-0.008696404770723452,-0.008696126842751586,-0.00869647541820188,-0.008696630345737276,-0.00869507966774661,-0.008695279180409904,-0.008697178792097967,-0.008697029831255775,-0.008696578546112624,-0.008696149750584362,-0.008696082555500468,-0.008695938616014505,-0.00869730411461702,-0.00869608688654757,-0.008696045325016315,-0.008695070180460906,-0.008696606568647205,-0.00869585723512106,-0.008697377577677919,-0.008696309571576279,-0.008695979042473583,-0.008695368452935007,-0.008694962291377981,-0.008695935154838415,-0.008696113940554463,-0.008696110705950298,-0.008696158676201708,-0.008697150842686024,-0.008695192411321589,-0.008696648279051599,-0.008697447774035298,-0.008697185466999938,-0.008695296698685578,-0.008696654246144653,-0.008695855307061653,-0.008696417881223193,-0.008696181509111148,-0.0086943625597418,-0.008697041321284732,-0.008696326390534274,-0.00869565456288557,-0.008695195846858614,-0.008696336677440034,-0.008695358179785655,-0.00869589249466601,-0.008696384984160286,-0.008696199296550335,-0.008697051528513753,-0.008696597163134801,-0.008695821791686174,-0.008696579107585187,-0.008695689992149843,-0.00869569069134193,-0.008696345719449921,-0.008698032143803283,-0.008696033247586207
-0.04629749713879906,-0.046296747027086804,-0.046296032381925284,-0.04629343526807912,-0.04629744626177367,-0.04629466791179451,-0.04629766316271823,-0.046293694463065097,-0.0462949957225276,-0.04629664457042053,-0.04629516605632526,-0.04629484011695213,-0.0462933987410296,-0.04629699639866218,-0.04629226236541052,-0.046296392899178834,-0.046296902828929856,-0.04629545047260581,-0.04629593122196052,-0.04629634118289025,-0.046294181284296215,-0.046296858137516564,-0.046294347786981535,-0.04629548390130149,-0.04629571513739481,-0.04629694838511693,-0.04629700695487812,-0.046297292233960674,-0.04629796685226174,-0.04629620832883703,-0.04629864745426803,-0.04629849309029578,-0.04629661085140432,-0.04629444013764144,-0.046298353268319846,-0.04629566191257861,-0.04629672208183528,-0.046295659971436816,-0.04629609694699055,-0.0462947373462337,-0.04629632935524083,-0.04629729164176751,-0.046296810095900885,-0.04629561297036244,-0.0462943111248649,-0.046295165300004874,-0.046294657451035434,-0.04629400603948742,-0.046294122849228264,-0.04629686991383968,-0.04629402673979226,-0.04629593913345599,-0.046295405120909225,-0.046296693314305665,-0.04629579502116179,-0.04629837964099244,-0.04629654459602886,-0.04629817047653038,-0.046296700183914255,-0.046295260618729336,-0.04629778113214365,-0.04629470291591758,-0.04629777497220927,-0.046296406306841925,-0.046294313363341874,-0.04629513403475168,-0.04629547194117148,-0.046294999835684955,-0.046295282520435244,-0.04629667077995345,-0.04629503171561162,-0.04629726594604644,-0.04629764039193465,-0.04629617092734338,-0.04629748349928436,-0.04629650267989241,-0.04629645465562327,-0.046295614472887464,-0.046299669224567304,-0.04629783507854905
