-0.067620886306243508,9.5859044442524366e-06
-0.046039166851363014,5.845328372468381e-06
-0.0086139805717813586,2.8482335990071982e-06
-0.0024922125473785272,2.1306238942123787e-06
-0.0010027920962198305,1.64302039463476e-06
-0.00049672806303912068,1.2823816206472308e-06
-0.00027869454652958625,1.0350743077285391e-06
-0.00016882700307824271,8.6165607775992245e-07
-0.00010749016228580256,7.2823129498530174e-07
-7.0901876231760466e-05,6.1400341800517387e-07
-4.8087963816411788e-05,5.1051454275866639e-07
-3.3280804949159926e-05,4.258850985062957e-07
-2.3376333431521167e-05,3.6890584517485423e-07
-1.666282896470319e-05,3.238558094620023e-07
-1.2003417651083463e-05,2.8820045856957912e-07
-8.7341787326506565e-06,2.6907969243836461e-07
-6.4342435124562056e-06,2.562785634239349e-07
-4.7907466004000954e-06,2.4159683078459056e-07
-3.5806613437939709e-06,2.2886051374587414e-07
-2.6890233114943068e-06,2.1775140785700919e-07
-2.0647558990602617e-06,2.1347286750630615e-07
-1.5817378842350627e-06,2.2064406644453904e-07
-1.23768124085856e-06,2.3130370281882743e-07
-1.0689546009371254e-06,2.3735387542364855e-07
-1.0316831263301677e-06,2.3809304167212557e-07
-1.0689546009371254e-06,2.3735387542364855e-07
-1.23768124085856e-06,2.3130370281882743e-07
-1.5817378842350627e-06,2.2064406644453904e-07
-2.0647558990602617e-06,2.1347286750630615e-07
-2.6890233114943068e-06,2.1775140785700919e-07
-3.5806613437939709e-06,2.2886051374587414e-07
-4.7907466004000954e-06,2.4159683078459056e-07
-6.4342435124562056e-06,2.562785634239349e-07
-8.7341787326506565e-06,2.6907969243836461e-07
-1.2003417651083463e-05,2.8820045856957912e-07
-1.666282896470319e-05,3.238558094620023e-07
-2.3376333431521167e-05,3.6890584517485423e-07
-3.3280804949159926e-05,4.258850985062957e-07
-4.8087963816411788e-05,5.1051454275866639e-07
-7.0901876231760466e-05,6.1400341800517387e-07
-0.00010749016228580256,7.2823129498530174e-07
-0.00016882700307824271,8.6165607775992245e-07
-0.00027869454652958625,1.0350743077285391e-06
-0.00049672806303912068,1.2823816206472308e-06
-0.0010027920962198305,1.64302039463476e-06
-0.0024922125473785272,2.1306238942123787e-06
-0.0086139805717813586,2.8482335990071982e-06
-0.046039166851363014,5.845328372468381e-06
