-6.76208863062435078e-02,9.58590444425243659e-06
-4.60391668513630142e-02,5.84532837246838103e-06
-8.61398057178135862e-03,2.84823359900719821e-06
-2.49221254737852721e-03,2.13062389421237874e-06
-1.00279209621983046e-03,1.64302039463475998e-06
-4.96728063039120682e-04,1.28238162064723082e-06
-2.78694546529586248e-04,1.03507430772853910e-06
-1.68827003078242713e-04,8.61656077759922449e-07
-1.07490162285802556e-04,7.28231294985301744e-07
-7.09018762317604665e-05,6.14003418005173866e-07
-4.80879638164117878e-05,5.10514542758666389e-07
-3.32808049491599257e-05,4.25885098506295696e-07
-2.33763334315211675e-05,3.68905845174854231e-07
-1.66628289647031902e-05,3.23855809462002296e-07
-1.20034176510834631e-05,2.88200458569579120e-07
-8.73417873265065650e-06,2.69079692438364610e-07
-6.43424351245620562e-06,2.56278563423934899e-07
-4.79074660040009537e-06,2.41596830784590560e-07
-3.58066134379397092e-06,2.28860513745874139e-07
-2.68902331149430680e-06,2.17751407857009192e-07
-2.06475589906026165e-06,2.13472867506306151e-07
-1.58173788423506268e-06,2.20644066444539039e-07
-1.23768124085855995e-06,2.31303702818827434e-07
-1.06895460093712539e-06,2.37353875423648550e-07
-1.03168312633016772e-06,2.38093041672125570e-07
-1.06895460093712539e-06,2.37353875423648550e-07
-1.23768124085855995e-06,2.31303702818827434e-07
-1.58173788423506268e-06,2.20644066444539039e-07
-2.06475589906026165e-06,2.13472867506306151e-07
-2.68902331149430680e-06,2.17751407857009192e-07
-3.58066134379397092e-06,2.28860513745874139e-07
-4.79074660040009537e-06,2.41596830784590560e-07
-6.43424351245620562e-06,2.56278563423934899e-07
-8.73417873265065650e-06,2.69079692438364610e-07
-1.20034176510834631e-05,2.88200458569579120e-07
-1.66628289647031902e-05,3.23855809462002296e-07
-2.33763334315211675e-05,3.68905845174854231e-07
-3.32808049491599257e-05,4.25885098506295696e-07
-4.80879638164117878e-05,5.10514542758666389e-07
-7.09018762317604665e-05,6.14003418005173866e-07
-1.07490162285802556e-04,7.28231294985301744e-07
-1.68827003078242713e-04,8.61656077759922449e-07
-2.78694546529586248e-04,1.03507430772853910e-06
-4.96728063039120682e-04,1.28238162064723082e-06
-1.00279209621983046e-03,1.64302039463475998e-06
-2.49221254737852721e-03,2.13062389421237874e-06
-8.61398057178135862e-03,2.84823359900719821e-06
-4.60391668513630142e-02,5.84532837246838103e-06
