-0.06783049772692194,-0.0678278000143068,-0.06783312874899156,-0.067822509118507,-0.0678301104474721,-0.06782719593800195,-0.06782631646331237,-0.06783080689873777,-0.06783252956902977,-0.06783408893096482,-0.06783447106613319,-0.06782073865673321,-0.06782700848683212,-0.06782742942085654,-0.06782645407070943,-0.0678237933943888,-0.06782805624508206,-0.06782694352544244,-0.0678267678559326,-0.06783075989891686,-0.06782731087075074,-0.0678243489218677,-0.06782480754972837,-0.06782943848319041,-0.06782423976082849,-0.06782691288634281,-0.06782750064087523,-0.06782935352120963,-0.06782403428790613,-0.0678227827362455,-0.06782983963211034,-0.06783323244917537,-0.06782022201197094,-0.06782609047174522,-0.06782415133100171,-0.06782552271076092,-0.06782182239721407,-0.0678336179840503,-0.06783003237464227,-0.06782840213655399,-0.06783044418938655,-0.06782936871142703,-0.06782782117115191,-0.06782433098598989,-0.06782579974684214,-0.06782700207169678,-0.0678287758018865,-0.06782401518470463,-0.06782886506271321,-0.06782229189478932,-0.06782548945150038,-0.0678286212919519,-0.06782444925834155,-0.06782577617739995,-0.0678315205087982,-0.06782476076958666,-0.06782939576578786,-0.06782554850591832,-0.06782369988231439,-0.06783226341855918,-0.06782865870100216,-0.06782404444793091,-0.06782510931681195,-0.0678265732837586,-0.06782901670567355,-0.06782657319137606,-0.06783067163934076,-0.0678284172128424,-0.0678280537829772,-0.06782291766111191,-0.0678235145077969,-0.06783631603757152,-0.06782879946686933,-0.0678288115565363,-0.06782205445999542,-0.06782342432120333,-0.06782425230198896,-0.06782681633718787,-0.0678207126274512
-0.04621428504733984,-0.04621619412901676,-0.04621609946103797,-0.04621521494317592,-0.04621538077622926,-0.04621516123890519,-0.04621541902948029,-0.04621672114302898,-0.04621680955620311,-0.046218199634057044,-0.0462171278105459,-0.04621151512747283,-0.046215906061300036,-0.04621448500150645,-0.046214700166056305,-0.04621515961451453,-0.04621706745522876,-0.046214556222811315,-0.04621449659034678,-0.04621491708246547,-0.04621374727696423,-0.04621592999690935,-0.04621242269385466,-0.04621509429830592,-0.046212293051739475,-0.046214549127163336,-0.04621434720697731,-0.04621365831051791,-0.04621526442719055,-0.04621333095807022,-0.046216948317024345,-0.04621635969100922,-0.046211029232181206,-0.0462155030962781,-0.046212625382395595,-0.04621549231274115,-0.04621134220932509,-0.046218441412714834,-0.046216888071576825,-0.04621327040380745,-0.04621615384364934,-0.04621411849083914,-0.04621539739389105,-0.046213785168330454,-0.04621480872609937,-0.04621380826744444,-0.04621660520151296,-0.04621317547810815,-0.04621331628741708,-0.04621351004831126,-0.046215573283642404,-0.04622122726405423,-0.046212129058492216,-0.04621450600766115,-0.046216757818060866,-0.046214843009428366,-0.0462160680293993,-0.04621844340071714,-0.0462149678275183,-0.04621683099586282,-0.04621565466700107,-0.046213897037913565,-0.04621541050267633,-0.046215936047957144,-0.0462154334285195,-0.04621501869003118,-0.04621561844139441,-0.04621501446341508,-0.04621405380271271,-0.046214901531303115,-0.04621426083147269,-0.046219026521445515,-0.04621599834555441,-0.04621420999453427,-0.04621339712362607,-0.04621205566553156,-0.04621335184957309,-0.04621277750407814,-0.046214307572994134
-0.00867727198799527,-0.008677409733544703,-0.008677703800061536,-0.008679398682952446,-0.00867627276599628,-0.008677284390646444,-0.008678697421140559,-0.008677312000764294,-0.008676900784163357,-0.008677680868953992,-0.008677511167315305,-0.0086777744605791,-0.008677098105850135,-0.008677731494755479,-0.0086776476564031,-0.008677790310085273,-0.008678465046584302,-0.008677788942973039,-0.008677606883893038,-0.008677173522235002,-0.008676467030766247,-0.008678892548388516,-0.008676706828233089,-0.008677187983862418,-0.008676754575697866,-0.008677942866944035,-0.008677725293352163,-0.008676940822300663,-0.008678143054840135,-0.008678507310912568,-0.0086777716098561,-0.008677837947516427,-0.008677471260585268,-0.008677337107104954,-0.008677520428441072,-0.00867812797851245,-0.008676838792915722,-0.00867728991073241,-0.008679258934024001,-0.008675986405934259,-0.008677569758937718,-0.008676980142165306,-0.008677594117002774,-0.008677320932985857,-0.008677388996369936,-0.00867682050168765,-0.008677963796810646,-0.00867694161199295,-0.008676883518126025,-0.008677572780656543,-0.008678196776945183,-0.008680424658677651,-0.008676999935894401,-0.008677100522154958,-0.00867881826492153,-0.008678118189629797,-0.00867809809854786,-0.008679073367414435,-0.008677964053490014,-0.008675987525606582,-0.008678046057811644,-0.00867727111482408,-0.008678415424918049,-0.008678255959685327,-0.00867816516280984,-0.008678105817727672,-0.008676464864062754,-0.008677085166852184,-0.008677326239750576,-0.008677655216173289,-0.008677340313347142,-0.008677622123829143,-0.008677047653326123,-0.00867751566416686,-0.008678183631982212,-0.00867663479425261,-0.008676169277855788,-0.008677151435809822,-0.008677564222301226
-0.0025237120328412575,-0.002523642407202213,-0.002524014762515826,-0.002525126031487625,-0.0025229455698637347,-0.0025239548425019416,-0.0025243577101434793,-0.0025230390874921814,-0.002523688089218306,-0.0025237926712196263,-0.0025241609107417694,-0.0025244047713757246,-0.002523557883280105,-0.0025240801209541587,-0.0025239269319621994,-0.0025238698565743893,-0.0025245284815355058,-0.002524106022387812,-0.002524008041494807,-0.0025239980453231046,-0.002523394833157025,-0.0025247260743316586,-0.0025235746456241516,-0.0025234259969691333,-0.0025237497618239672,-0.00252410317624472,-0.0025240118081436605,-0.0025233722587065088,-0.0025245453921387915,-0.0025250851584936677,-0.002523574921152648,-0.002523790653594118,-0.002524738639381102,-0.0025236743885121695,-0.0025242482734029923,-0.0025243221299941655,-0.002523720102837233,-0.0025236627878980596,-0.002524152520891923,-0.002523298877307089,-0.0025234486708413705,-0.0025239569354654516,-0.0025238602391693334,-0.002523906801701763,-0.002524048485884797,-0.0025237269039043476,-0.002524056158005831,-0.002523901535642309,-0.0025237171518191995,-0.002524300458675978,-0.0025242178700725067,-0.0025252047044494576,-0.0025239397687767838,-0.0025238860835493943,-0.002524713147668398,-0.002524379791427931,-0.002523875533390399,-0.0025245647602847978,-0.002524289113703393,-0.002523009298815759,-0.0025242377685655484,-0.0025237320556010107,-0.0025248058861487756,-0.002524074522743162,-0.0025243614829038308,-0.0025242446687934396,-0.00252333143813528,-0.0025242024739840687,-0.002523850234718492,-0.0025243233906059124,-0.0025237865073913274,-0.0025240987638466684,-0.0025234471713091976,-0.002523865986920852,-0.0025249780888672033,-0.002523928109828062,-0.0025232951307094975,-0.0025240951619899736,-0.002523997193546194
-0.0010250819496600044,-0.0010247839783466633,-0.0010252476415319154,-0.0010257192747567976,-0.001024349959714128,-0.001025143490758372,-0.0010253692610907518,-0.0010245550198591169,-0.0010250572791521478,-0.001025127477414393,-0.0010253254834352988,-0.0010255329795499733,-0.0010248926864042344,-0.001025219532264399,-0.0010249893857305608,-0.0010250665638201289,-0.0010253016391643464,-0.0010251789530710972,-0.0010250442630402195,-0.0010252681012448786,-0.0010247688697496184,-0.0010254018704858327,-0.0010249433552952957,-0.0010246816538067526,-0.001025172993301056,-0.0010254222933170048,-0.0010248821492491427,-0.0010247849958825,-0.0010256163373122767,-0.0010258416222934876,-0.0010246775806634387,-0.0010249015743862323,-0.0010258228401276723,-0.0010249055216552262,-0.001025496382946009,-0.0010253128497651257,-0.0010251334538455236,-0.0010249123148890053,-0.0010248145691386114,-0.001024735456567521,-0.0010250054902591417,-0.0010254514925800734,-0.0010251926746859385,-0.0010250614474625994,-0.0010250725695207887,-0.0010251690967505174,-0.0010252307223846723,-0.001025294444890542,-0.0010248454815367982,-0.0010256624203475878,-0.0010251117470625654,-0.0010256420530592835,-0.0010250108764814265,-0.0010252418355815713,-0.0010254652035812475,-0.0010256042218383609,-0.00102483989420375,-0.0010253761428440395,-0.0010253845469039454,-0.0010247385492688213,-0.0010252573271429413,-0.001024998848151026,-0.0010257734309115673,-0.0010251241561605672,-0.0010254411962706922,-0.0010250481992848742,-0.0010248662540265296,-0.0010253041835782194,-0.0010250486474413822,-0.0010253670034983363,-0.001025171406116077,-0.0010253626127225983,-0.0010248608168081362,-0.0010249949938119754,-0.0010259256856245918,-0.001025445825219354,-0.0010249840570434863,-0.0010253264634249716,-0.001025316024083533
-0.0005138978372083947,-0.0005135518921400569,-0.000513972971683348,-0.0005141675790470276,-0.0005133747120739179,-0.0005137845685734661,-0.0005140901533743755,-0.0005136679152903504,-0.0005138917389744214,-0.0005140542491097876,-0.000514019887976416,-0.0005142149464945351,-0.0005137791319414888,-0.0005139349967183875,-0.0005137245453262449,-0.0005138580412980395,-0.0005139687457396476,-0.0005139164025200579,-0.000513785954916225,-0.0005141195293299884,-0.000513698126974327,-0.0005139561201665149,-0.0005137993367636815,-0.0005136437002825781,-0.0005139990375183518,-0.0005141900277107956,-0.0005136681782937902,-0.0005136414247322223,-0.0005142485941701685,-0.0005143206571225256,-0.0005135120846355335,-0.0005136848283369288,-0.0005144608605304407,-0.0005138478647065698,-0.0005142892509903597,-0.0005140194013554663,-0.000514094463501601,-0.0005136918818349748,-0.0005134398089011779,-0.0005136992003670286,-0.000514034878529648,-0.0005142045291218092,-0.0005140205899867529,-0.000513931460709286,-0.0005137423486656215,-0.0005139225575887232,-0.0005140420775013609,-0.000514070983049612,-0.0005137526667126605,-0.000514378673116255,-0.0005137563103268517,-0.0005141586994072936,-0.0005136979821510907,-0.0005140381625146575,-0.0005140905811243381,-0.0005143139870884591,-0.0005135254418023116,-0.0005140181571226851,-0.0005140892707484739,-0.0005138838877130397,-0.0005139497887133584,-0.0005138049853745891,-0.0005142595117019451,-0.0005137792933272362,-0.000514119857652191,-0.0005135753767043604,-0.000513741737090955,-0.0005138414232842188,-0.0005137738196717536,-0.0005139900064861792,-0.000514044488028666,-0.0005140390855210434,-0.0005137192497216263,-0.0005137980506227939,-0.000514476438770773,-0.0005142284432544221,-0.0005139954142538163,-0.0005140100185905892,-0.000514110092365119
-0.0002916401034793634,-0.0002913032301652942,-0.0002916426248904334,-0.00029175685051155214,-0.0002913063242340813,-0.00029149632501226464,-0.00029180554373211306,-0.00029159671303689497,-0.0002916491714491149,-0.0002918156731193054,-0.0002917057489987498,-0.0002919062434516887,-0.0002915784687382674,-0.0002916816233950884,-0.00029142844860930513,-0.00029163574989753117,-0.0002917085382280505,-0.0002916750412445651,-0.0002915423047551524,-0.00029190885816058373,-0.0002915563588554155,-0.0002916648082244894,-0.00029154830850510914,-0.0002914670571103323,-0.0002917567921129312,-0.0002918467880141023,-0.0002914357698583721,-0.00029143064001644134,-0.00029190805483536646,-0.0002918999473277635,-0.0002913421168419794,-0.00029145224536701044,-0.0002921155414258218,-0.00029168911595945507,-0.00029203205675398434,-0.00029176952843278027,-0.00029190789579184966,-0.0002914723173343117,-0.00029124791728518467,-0.00029157579684934034,-0.0002918830892026723,-0.00029186105912270665,-0.00029177100928892165,-0.00029175417629984183,-0.0002914557548995524,-0.0002916235294580042,-0.00029179321978272884,-0.00029174425887832495,-0.0002916316477211473,-0.0002919780844481038,-0.0002914965427397712,-0.0002917625070721826,-0.000291433840716792,-0.00029178551522811253,-0.0002917810821805777,-0.00029195606383727337,-0.00029127532501741524,-0.0002916900238241932,-0.000291729009598446,-0.0002918170701100273,-0.0002916427765696296,-0.0002915885659638312,-0.00029184146123667433,-0.0002915499323267603,-0.0002917836602114013,-0.0002912434959196353,-0.00029154111971285224,-0.00029143481305077875,-0.0002914952695045543,-0.0002916718445189719,-0.0002917849728844755,-0.0002917129546436921,-0.00029148015285647747,-0.0002916587442045478,-0.00029206900184107693,-0.00029194809441414,-0.0002918477765183943,-0.0002916938181069512,-0.0002918101615865592
-0.00017847563191760786,-0.00017816021544641393,-0.00017839764658121913,-0.00017850194855845625,-0.00017825307581212057,-0.00017835285559336984,-0.00017860395145670539,-0.00017849259079887115,-0.00017847454457461544,-0.00017862756654709678,-0.0001785119135390319,-0.00017869875426083405,-0.00017843659144086124,-0.00017852736840104637,-0.0001782607857240786,-0.0001785142010810148,-0.0001785147534736291,-0.0001785194233338885,-0.0001783712505271031,-0.0001787341509907627,-0.00017848166731334727,-0.0001784790371348595,-0.0001783638274172569,-0.00017835861124852764,-0.00017857424496064148,-0.00017861751746011978,-0.0001782972577700514,-0.00017832311785758083,-0.00017868542921659216,-0.00017863089419111331,-0.00017827341337201458,-0.00017830351980570156,-0.00017886347874981055,-0.00017856318127228168,-0.00017881090176610385,-0.00017860146726386532,-0.00017873504951102577,-0.00017834509831122543,-0.00017816893524316165,-0.00017849286903666054,-0.00017872563650905786,-0.00017859615446206493,-0.00017859181394378178,-0.00017861021525104783,-0.0001783432717925433,-0.00017844621828927762,-0.00017859545727841417,-0.00017851345894014716,-0.00017853410281890746,-0.0001786781153115088,-0.00017830715502260678,-0.0001785366550480228,-0.00017829808979318143,-0.00017860095724179896,-0.0001786035600294102,-0.00017868186930214758,-0.00017812273654682363,-0.00017846953701744695,-0.00017849450169085104,-0.00017869575506916213,-0.00017847923652713967,-0.0001784427150563505,-0.00017859377090389693,-0.0001784482001570501,-0.00017857941840687458,-0.00017810845416765697,-0.00017841298151096915,-0.000178191003474851,-0.00017835029017091412,-0.0001784711445663976,-0.00017858483307290073,-0.00017852924909326422,-0.00017833048694062132,-0.00017857288741456056,-0.00017879124730091515,-0.00017875058181380328,-0.0001787241036414519,-0.00017849192261222918,-0.00017861070993075535
-0.00011451249694033757,-0.00011422903360258437,-0.00011437479613814782,-0.00011446507246093773,-0.00011435561963722454,-0.00011441914677401047,-0.00011459535916395109,-0.00011455735333820763,-0.00011449250426816695,-0.00011463313206998448,-0.00011454131046402855,-0.0001147019913338375,-0.00011447545737018882,-0.0001145746899892678,-0.00011431713563549965,-0.00011456845838908963,-0.00011453186663511592,-0.0001145539974251388,-0.00011440438678440455,-0.00011472930958863898,-0.00011457148931074451,-0.00011450365648258591,-0.0001144216018318595,-0.00011443954809755698,-0.0001145704218592154,-0.00011462009586587956,-0.00011434832838575423,-0.00011439714665622336,-0.00011465968196314278,-0.0001145915556896948,-0.00011437735614355956,-0.00011437202404421048,-0.0001148059344318575,-0.00011459366989497344,-0.00011477410311543421,-0.00011461859375312775,-0.00011473130687446952,-0.00011440719514472299,-0.00011431256679535905,-0.0001145703815142943,-0.00011471577035864375,-0.00011456071199943043,-0.00011459966898400145,-0.00011463647980637561,-0.00011443957095642635,-0.00011449428823496116,-0.00011460380013356571,-0.0001145192566719344,-0.00011458935871122855,-0.00011462282102192249,-0.00011433780546716402,-0.00011454840200687483,-0.00011438683768109432,-0.00011460713950243071,-0.0001146274631375301,-0.00011463357457300492,-0.00011417502898994255,-0.00011447660339699027,-0.00011449939129601388,-0.0001147136717936511,-0.00011452332257993718,-0.00011448056550887875,-0.00011456512116304968,-0.00011452175248121702,-0.0001145833972348437,-0.0001142315498716509,-0.0001144822546222277,-0.00011420965676468332,-0.00011440203851241886,-0.00011448629513321991,-0.00011459026066954658,-0.00011455893869443564,-0.0001143947254816798,-0.00011463032331869932,-0.00011473789950326501,-0.00011475060450139124,-0.0001147556165992277,-0.00011450896426454469,-0.00011460904401040307
-0.00007581488346301215,-0.00007557199146637621,-0.00007564419890498756,-0.00007572310399094517,-0.00007570057382002466,-0.00007575437114614621,-0.00007587207559712507,-0.00007587850338710002,-0.00007577994398706108,-0.00007588826983066586,-0.00007584345293520293,-0.00007597330909941602,-0.00007576199864943838,-0.0000758834074020927,-0.00007565285731403446,-0.00007588760548385664,-0.00007583993110542604,-0.00007585552213245268,-0.00007570596824998168,-0.00007598307403567964,-0.00007589822173935174,-0.00007581090526346228,-0.00007574333710668103,-0.0000757749724779014,-0.00007583763931824561,-0.00007590199608871894,-0.0000756674331450958,-0.0000757257790309664,-0.00007591259589862922,-0.00007584769899718333,-0.00007572476124879246,-0.00007570967810859376,-0.00007602416602190528,-0.00007587336827278027,-0.00007600663042487778,-0.0000759066333298107,-0.00007599400926067148,-0.00007574042557277895,-0.00007571372171616723,-0.00007588944425414586,-0.0000759727412695503,-0.00007582946456638866,-0.00007587360331284799,-0.00007592090091679155,-0.00007578343624777077,-0.00007580992273058163,-0.00007589332225629465,-0.00007582872740416306,-0.0000758861112128102,-0.00007585670758952071,-0.00007566002383576996,-0.00007582482051216045,-0.000075741800528506,-0.00007588637004972515,-0.00007591208978513873,-0.00007588522674729817,-0.00007552249341409169,-0.00007577243840291734,-0.00007577983554039368,-0.00007597120095644751,-0.000075835668160847,-0.00007577814203988657,-0.00007584422115177326,-0.00007584155680412136,-0.00007586301080228481,-0.00007563993050501505,-0.00007581217156402698,-0.00007553674033723213,-0.00007572450204965395,-0.0000757886847477639,-0.00007586944996374792,-0.0000758550435457247,-0.00007572030853130352,-0.00007593163669331889,-0.00007596130049112378,-0.00007601415418969257,-0.00007602738957234785,-0.0000758146832773117,-0.00007587765764092934
-0.00005136468506609362,-0.000051156310254589946,-0.00005119412489426873,-0.00005125076429533661,-0.000051271543908593814,-0.000051329088863593116,-0.00005140731056932943,-0.00005142348293416851,-0.00005132085465357682,-0.00005138380139847307,-0.000051382850494958074,-0.0000514909720904633,-0.00005130284444432828,-0.000051420357401017804,-0.00005123390916161409,-0.00005143844128179296,-0.00005139047292453104,-0.00005139625419120538,-0.00005126555155706054,-0.00005147959151682868,-0.000051447461989151765,-0.00005137433248259909,-0.00005128798501300347,-0.00005133575626646979,-0.000051354448496011796,-0.000051433067503394625,-0.0000512435667040305,-0.00005129865419207938,-0.00005142751719845677,-0.000051374734074860996,-0.000051303604037704275,-0.000051286925991233924,-0.0000515066310807793,-0.0000514084083749688,-0.00005149754975341966,-0.000051440182926229444,-0.00005150452292498085,-0.00005130690555800388,-0.000051317305746986414,-0.000051436350614948574,-0.00005148245442903759,-0.00005136014683528797,-0.000051398716867533,-0.00005145140082573694,-0.00005135333047038486,-0.000051357403406629475,-0.000051425088619384485,-0.000051382582133280535,-0.00005142528156150711,-0.00005135586652198105,-0.000051239083412591235,-0.00005132814666820275,-0.00005132524844216639,-0.00005142410435288728,-0.000051441744344331856,-0.00005140248882420915,-0.00005112990461806745,-0.00005131446945628141,-0.00005131843183681563,-0.00005147323202133796,-0.00005140074491214778,-0.00005132082226346408,-0.00005139792331030885,-0.00005138922527093764,-0.00005139484623882031,-0.000051269488255617896,-0.000051377674454604246,-0.000051128997925594294,-0.00005129228903929086,-0.00005134616357878967,-0.00005141277189526691,-0.000051398887558675154,-0.000051281728926003954,-0.000051449175408926914,-0.00005145084775294231,-0.000051524219860894156,-0.00005153405628665508,-0.000051366327537045665,-0.00005138979008007823
-0.000035394598212863245,-0.000035212792497048,-0.00003524488506717682,-0.00003527231939401957,-0.00003532353402588278,-0.0000353741502559678,-0.000035428541383434245,-0.00003543295722975447,-0.00003535249054976912,-0.00003537835496034593,-0.000035395986548991496,-0.00003549060547584128,-0.00003534930068552597,-0.000035434547165372385,-0.000035287972925847894,-0.00003545688156153828,-0.00003540982695726216,-0.00003540486506551049,-0.00003531221631502551,-0.00003545934665923049,-0.00003546189792655789,-0.00003541520450008776,-0.000035318920944429044,-0.000035371788882945944,-0.00003538143415835143,-0.000035444715629354544,-0.00003529756473786473,-0.000035344535107855005,-0.00003543465759634978,-0.00003539374878435469,-0.00003534829000369742,-0.00003534183545553141,-0.00003549000942423098,-0.000035429515703698985,-0.000035484051809883736,-0.00003545430124915191,-0.00003549798576099016,-0.00003533467623987997,-0.00003536533313432562,-0.00003544916825036387,-0.00003547936649746697,-0.00003538923292035936,-0.00003541109857881124,-0.000035463456395465185,-0.00003540321611969449,-0.00003538159486199483,-0.00003543832523174982,-0.000035412877307887537,-0.00003543841960776422,-0.00003535911432217935,-0.00003530424424314513,-0.000035322772018039135,-0.000035369052562425346,-0.00003544624627207286,-0.00003546003425564311,-0.00003540750358767825,-0.00003521574913456945,-0.00003533974709943918,-0.00003534197102606652,-0.000035459742714490116,-0.00003544232111153805,-0.00003534520073567825,-0.00003542401150804662,-0.000035407049890160344,-0.000035409753344846174,-0.00003533380133365676,-0.00003540893359538394,-0.00003519905782201219,-0.000035339360068989925,-0.000035383150032572286,-0.000035440727660390804,-0.00003541733529024085,-0.000035313523194727877,-0.00003544058832134008,-0.00003544379419993358,-0.00003552193683364384,-0.00003552317783712425,-0.00003539185378471071,-0.00003539157403150663
-0.000024668394355925978,-0.0000245112921129152,-0.000024553794360789092,-0.00002454834136521406,-0.000024617127752367528,-0.000024655700267057056,-0.000024693817618525004,-0.00002468129687774304,-0.000024626184616387567,-0.000024634758549097306,-0.00002466330854711674,-0.000024738300074317783,-0.000024643995334145075,-0.000024693300048499077,-0.000024582959564315,-0.00002471973945675469,-0.000024670412147190914,-0.000024650739815611336,-0.000024598613975710223,-0.00002469526982186018,-0.00002471289155231983,-0.00002468893838851841,-0.000024601248424931522,-0.00002464067135935773,-0.000024666274539181144,-0.000024705519442628506,-0.00002459196012764566,-0.000024632073028537187,-0.00002469445558312635,-0.000024670790703698778,-0.000024630357582075196,-0.00002463481962248108,-0.00002473168293694804,-0.00002469264993172859,-0.00002473014735955224,-0.000024714024716068596,-0.00002474438516825282,-0.000024613463699823757,-0.00002464456335612715,-0.000024701932674588243,-0.00002472536519880344,-0.000024670667763084583,-0.000024673753127414063,-0.000024726496428690412,-0.000024696428887393382,-0.000024657649543672952,-0.000024705154790045895,-0.000024684234238610424,-0.00002469621813084239,-0.000024627591906804044,-0.000024604712525174317,-0.000024584908644007502,-0.000024645281305091897,-0.00002470762338991184,-0.000024728900126324156,-0.00002467008191504888,-0.000024539235812588643,-0.000024612121976240063,-0.000024611579719419007,-0.000024701605413171736,-0.000024718678456439524,-0.000024618360593753357,-0.0000246816409985778,-0.000024670699521862513,-0.00002467258155935199,-0.000024617809788652765,-0.000024677430189822927,-0.000024506432500136777,-0.000024632967982033732,-0.000024662206754509274,-0.000024708496870949493,-0.000024678602107084348,-0.000024587394105935935,-0.00002468356863854586,-0.00002469183208093534,-0.000024770632884698087,-0.000024762787746113644,-0.000024661481548767353,-0.00002465177378869978
-0.000017377237610012903,-0.000017248182410982537,-0.00001729953663555282,-0.000017268063923177337,-0.000017337342949775915,-0.00001736510223149042,-0.00001739518320287327,-0.00001737033339778469,-0.000017330887815699428,-0.000017335288171254677,-0.00001736660269924903,-0.000017424790487314862,-0.000017361820307405517,-0.00001738769182473729,-0.00001731001982978777,-0.00001741758728111268,-0.000017364895241480365,-0.00001733480065694476,-0.000017313134111937188,-0.00001738028198834611,-0.000017404587792601553,-0.000017390216187459164,-0.00001731973973439927,-0.00001734062087275789,-0.000017368801278822394,-0.000017403004671937698,-0.000017318022332617844,-0.00001734999989532369,-0.000017394254282501044,-0.000017380293597668275,-0.000017350127834778643,-0.000017355509521315438,-0.00001741849457157719,-0.000017388933724023193,-0.000017418618323725644,-0.000017408613775147,-0.00001743364896380415,-0.000017338599121279456,-0.000017353238643620024,-0.000017393623602590737,-0.000017412751526770952,-0.000017385157237058684,-0.000017376871592917737,-0.000017425348828031093,-0.000017404481524591184,-0.000017372038361456714,-0.000017411313473186146,-0.00001738783343666927,-0.000017391127180435735,-0.000017338687197818773,-0.00001732390575083755,-0.00001729705757495058,-0.000017359655539522182,-0.00001740432717534585,-0.00001742867458356684,-0.000017371072588414724,-0.00001729302665962804,-0.00001732091421700502,-0.000017320157065304068,-0.000017388477278202888,-0.000017423221851123287,-0.00001733220973339959,-0.000017390111300353385,-0.000017372642891037432,-0.00001737188264008739,-0.000017330199195007153,-0.000017381803728116987,-0.000017238474370175675,-0.00001735124841514032,-0.000017372616029807832,-0.000017409322591060563,-0.00001737799248769178,-0.000017302585434404555,-0.0000173717361362435,-0.000017390048025664088,-0.000017457127771653493,-0.000017446959193647655,-0.000017369018807041305,-0.00001734722969644813
-0.000012334613915608576,-0.000012230693569670344,-0.000012285646838048048,-0.000012239997399065848,-0.000012305486252045756,-0.000012324842609846506,-0.000012347679432546686,-0.000012327655284171952,-0.0000122907189327845,-0.00001229481803717358,-0.00001231696137319984,-0.000012365948080765578,-0.000012323680406607942,-0.00001233671536652843,-0.000012285937488772981,-0.000012364981255125615,-0.000012315724285070616,-0.000012280280918418933,-0.000012278423844671674,-0.000012324021178677743,-0.000012356180821254976,-0.000012342404857748398,-0.0000122826473517939,-0.000012291970699916802,-0.000012307905153608681,-0.000012352312366619165,-0.000012286537080408337,-0.000012313268070444883,-0.000012345289304945486,-0.000012334615147273632,-0.000012320384602254872,-0.000012319067434203527,-0.000012363600488044754,-0.000012341442585237638,-0.00001236243992527842,-0.000012355508564278722,-0.000012376439302073237,-0.000012315033444413288,-0.000012316454505552923,-0.000012339441461402666,-0.000012353652649324512,-0.000012345888604720172,-0.000012332449522384102,-0.00001237396535299802,-0.00001235019566740178,-0.000012331828041126312,-0.000012363276280636525,-0.000012343189860939774,-0.000012340761713025419,-0.000012301469356214047,-0.000012292083345625127,-0.000012262038324650591,-0.000012324206628332546,-0.000012353173046062761,-0.000012374438658454443,-0.000012329839242211872,-0.000012281022597260615,-0.00001228336504662181,-0.00001228127284637708,-0.000012335966428876051,-0.000012374840286618434,-0.000012298032987545451,-0.000012353673725673624,-0.000012326309378581893,-0.000012323478176108326,-0.000012297860356863675,-0.000012339124153738534,-0.000012219578300777843,-0.000012308396101519971,-0.000012327837025842086,-0.000012359609425984495,-0.000012332003589204322,-0.000012273120373516292,-0.000012317812114914424,-0.00001234730536593863,-0.00001239550102046743,-0.000012389371620429056,-0.000012324503805744406,-0.000012290394590303041
-8.774567337928035e-6,-8.693702008557426e-6,-8.746836501311724e-6,-8.691257601893737e-6,-8.754048887827612e-6,-8.770058737151882e-6,-8.783592543995845e-6,-8.77487176162447e-6,-8.739312411287997e-6,-8.74299415978469e-6,-8.749273308358562e-6,-8.796073271576437e-6,-8.765913624713056e-6,-8.772695482061974e-6,-8.741926632971451e-6,-8.7972536528127e-6,-8.757260159407595e-6,-8.718611284285804e-6,-8.728486142466418e-6,-8.757876860513877e-6,-8.79280910970414e-6,-8.781321365869498e-6,-8.72826722617365e-6,-8.731061299834913e-6,-8.740142972144116e-6,-8.787366344123503e-6,-8.736963238036706e-6,-8.757157504358628e-6,-8.779956835560652e-6,-8.775482871881114e-6,-8.778846618327245e-6,-8.765547740930207e-6,-8.796301305284276e-6,-8.781039393646378e-6,-8.793399122796543e-6,-8.788591918533852e-6,-8.806212165409112e-6,-8.772978622396739e-6,-8.764170170206976e-6,-8.772343450897032e-6,-8.781681134114407e-6,-8.788484674510322e-6,-8.773674243472105e-6,-8.805241854468926e-6,-8.780575603739718e-6,-8.771833869807229e-6,-8.796246809826849e-6,-8.78615666406803e-6,-8.777573154737032e-6,-8.751250882612168e-6,-8.746213813227274e-6,-8.710623355892404e-6,-8.767296961308114e-6,-8.788873469715439e-6,-8.80714036638306e-6,-8.772736502195341e-6,-8.746861732271758e-6,-8.731550002737078e-6,-8.727531430548296e-6,-8.77397235333993e-6,-8.809724210383584e-6,-8.747186737833112e-6,-8.802945498713426e-6,-8.76488268319013e-6,-8.76164290132515e-6,-8.741047890618076e-6,-8.780379327606378e-6,-8.685666630262855e-6,-8.747878139508167e-6,-8.766857606889655e-6,-8.792706077476299e-6,-8.773529667572256e-6,-8.728026025507694e-6,-8.752855592241756e-6,-8.787161645102013e-6,-8.820963500190958e-6,-8.81792839843977e-6,-8.761497656147223e-6,-8.72175215679039e-6
-6.2448094821586385e-6,-6.189132731070072e-6,-6.232460203582923e-6,-6.1713815284270925e-6,-6.230016080901736e-6,-6.244369127732129e-6,-6.249999019442989e-6,-6.244393549790602e-6,-6.2180958080630394e-6,-6.220343998685898e-6,-6.213926494526848e-6,-6.259990155094978e-6,-6.237744117258244e-6,-6.241657923643217e-6,-6.220710787448076e-6,-6.260770926441379e-6,-6.231131635880536e-6,-6.195137108772665e-6,-6.20458902666728e-6,-6.226526466079008e-6,-6.25381423414893e-6,-6.251155503690244e-6,-6.210334028194276e-6,-6.205967542772038e-6,-6.210536688305352e-6,-6.255187148760213e-6,-6.218447765155327e-6,-6.229928782547501e-6,-6.24648732446432e-6,-6.249712558217433e-6,-6.268608544473864e-6,-6.244269861400408e-6,-6.261029357718836e-6,-6.252345918511467e-6,-6.2573976523522335e-6,-6.253518999513213e-6,-6.2702068391085045e-6,-6.255822916371377e-6,-6.2412704879393604e-6,-6.239474132790618e-6,-6.244789451186969e-6,-6.260057325042422e-6,-6.245657435526975e-6,-6.266769388894948e-6,-6.248395896954644e-6,-6.243961992938644e-6,-6.261086416225474e-6,-6.259719876517594e-6,-6.245515837679122e-6,-6.229119511552133e-6,-6.22981881377777e-6,-6.1925168311518994e-6,-6.2374457255590125e-6,-6.256040565497317e-6,-6.2717077765948745e-6,-6.243501469106186e-6,-6.238843938209945e-6,-6.211330951681892e-6,-6.2052962789803745e-6,-6.24426890086719e-6,-6.275136368213613e-6,-6.2271170800850965e-6,-6.2919046657497454e-6,-6.235835892202721e-6,-6.23193219553361e-6,-6.210774594947856e-6,-6.251579273034336e-6,-6.178334605851343e-6,-6.218397635978191e-6,-6.236851956764608e-6,-6.256282716166676e-6,-6.244665685704116e-6,-6.211765364981133e-6,-6.2225826018572365e-6,-6.255903206115307e-6,-6.280552455334801e-6,-6.278232673488488e-6,-6.231240542750181e-6,-6.195036372171677e-6
-4.443978329153681e-6,-4.407332369728967e-6,-4.443199671192467e-6,-4.382538966492374e-6,-4.433589446012221e-6,-4.442306095689867e-6,-4.44587031796214e-6,-4.439875158276527e-6,-4.423845443464343e-6,-4.424090916605521e-6,-4.409254224652573e-6,-4.454220133253506e-6,-4.439013960921787e-6,-4.4401049553803546e-6,-4.422221598606302e-6,-4.452521919114203e-6,-4.43486596108717e-6,-4.401835063911622e-6,-4.408834493864076e-6,-4.425179287364094e-6,-4.446028442620068e-6,-4.449413817199607e-6,-4.420979954782097e-6,-4.412743738837009e-6,-4.409501085372926e-6,-4.452517823614692e-6,-4.425451248589869e-6,-4.428933887536341e-6,-4.443037824065167e-6,-4.451964176050755e-6,-4.481137714833257e-6,-4.450395274329506e-6,-4.456382918343453e-6,-4.452294294988643e-6,-4.453255529583117e-6,-4.447835633033028e-6,-4.4645572331248295e-6,-4.463787024486991e-6,-4.449054186280868e-6,-4.437492187611791e-6,-4.44162650688502e-6,-4.457023136920927e-6,-4.4462508606835346e-6,-4.4591564237308755e-6,-4.447805642891136e-6,-4.444707003515766e-6,-4.456656256005522e-6,-4.459398668853844e-6,-4.443423279156037e-6,-4.433342579935221e-6,-4.4376077318703415e-6,-4.400546227196e-6,-4.437400908099421e-6,-4.451901935334542e-6,-4.463919887035345e-6,-4.441722024507375e-6,-4.449841376411994e-6,-4.418448335126234e-6,-4.410476646174529e-6,-4.442825028709072e-6,-4.4687475064135234e-6,-4.43395666040472e-6,-4.509501635682473e-6,-4.435762287182565e-6,-4.433802164711088e-6,-4.415011539652898e-6,-4.451587162944385e-6,-4.39135222836483e-6,-4.421861022073198e-6,-4.434690221347801e-6,-4.4500309238167975e-6,-4.441610103258208e-6,-4.423545357704096e-6,-4.4242683545073985e-6,-4.4549204558326695e-6,-4.471746226959999e-6,-4.468325214767283e-6,-4.430587681900177e-6,-4.402360424134417e-6
-3.1566006934364416e-6,-3.1275366534068392e-6,-3.1658041572954205e-6,-3.1101117900573033e-6,-3.1503280196150885e-6,-3.152647800426021e-6,-3.156296588584232e-6,-3.149534389250014e-6,-3.1410772668338766e-6,-3.139684792643638e-6,-3.1193502647393434e-6,-3.163053850733022e-6,-3.153679579341276e-6,-3.151850448914712e-6,-3.1364002035826504e-6,-3.159236847058682e-6,-3.151415223221282e-6,-3.1207948091181543e-6,-3.124080910575258e-6,-3.1368269098814524e-6,-3.1567082246023247e-6,-3.1613030437460465e-6,-3.1384498656750266e-6,-3.133125258744535e-6,-3.1165681417701e-6,-3.1636941498100707e-6,-3.141474244712706e-6,-3.140731647497451e-6,-3.1554349108367945e-6,-3.1677832968434898e-6,-3.1985357284989142e-6,-3.1638704763904495e-6,-3.1654151321282235e-6,-3.1636907856430177e-6,-3.1636306273830794e-6,-3.156700237019074e-6,-3.1721927007656908e-6,-3.18159728289733e-6,-3.172469738841667e-6,-3.1490955520152034e-6,-3.1539732357087643e-6,-3.1658354035992216e-6,-3.159167651159097e-6,-3.16579081743378e-6,-3.159618353840304e-6,-3.156891969430161e-6,-3.16617215761401e-6,-3.1681960346960673e-6,-3.1545437001367384e-6,-3.151435673027056e-6,-3.1523175305059948e-6,-3.120133676979535e-6,-3.151134603098436e-6,-3.1629354249130833e-6,-3.169956776657928e-6,-3.1523126056402847e-6,-3.1652710812935202e-6,-3.1374825919746597e-6,-3.12830969574929e-6,-3.1544250188537962e-6,-3.1750899311384275e-6,-3.1512415914807685e-6,-3.240568864089959e-6,-3.1528063803253517e-6,-3.1488660065453653e-6,-3.137632123726657e-6,-3.164285058636718e-6,-3.1122238067694216e-6,-3.1453079706403773e-6,-3.147275092528131e-6,-3.1594937431286184e-6,-3.151049645971352e-6,-3.1468877910691558e-6,-3.1396191590995557e-6,-3.167410870885723e-6,-3.1776021187416325e-6,-3.1737310017301415e-6,-3.1430656221770693e-6,-3.1190853589307786e-6
-2.2569540022205106e-6,-2.2292040295823554e-6,-2.2727286675476417e-6,-2.2248737539884e-6,-2.252972636821363e-6,-2.2525667667361946e-6,-2.255646008145506e-6,-2.2489269195342988e-6,-2.2458847370114485e-6,-2.240905243519447e-6,-2.2178760550685034e-6,-2.2600702304665207e-6,-2.254957739405453e-6,-2.250776762017122e-6,-2.2392207812828476e-6,-2.2547358509062363e-6,-2.251164158827315e-6,-2.224048099946387e-6,-2.224472662125482e-6,-2.2377716913935975e-6,-2.256111761000535e-6,-2.2605519176540636e-6,-2.238404419243292e-6,-2.239222589969687e-6,-2.214535871427565e-6,-2.2628857169438126e-6,-2.242411182857331e-6,-2.241322868672803e-6,-2.2560856290452914e-6,-2.2707883038714444e-6,-2.2968014165549415e-6,-2.258953456863503e-6,-2.262309657399127e-6,-2.261185078471568e-6,-2.261345325197433e-6,-2.254208625287271e-6,-2.2663456408664353e-6,-2.2847434106388645e-6,-2.279993834745238e-6,-2.248134075273184e-6,-2.254222124730264e-6,-2.261356087968349e-6,-2.2577971597998458e-6,-2.260866822389759e-6,-2.258585029598755e-6,-2.2548136774647415e-6,-2.262065022947195e-6,-2.2635727809616375e-6,-2.2534895960231863e-6,-2.255413771872006e-6,-2.2450626654463176e-6,-2.2224073979246658e-6,-2.250031356815104e-6,-2.2622323988375586e-6,-2.2659206950463124e-6,-2.2529253885873884e-6,-2.2599260816889616e-6,-2.2434953767034515e-6,-2.232080810007057e-6,-2.252562366880303e-6,-2.2698014744047444e-6,-2.2536154007472125e-6,-2.3550315436542204e-6,-2.2574584526598446e-6,-2.2505507743630854e-6,-2.255832029208214e-6,-2.2631735323146015e-6,-2.2191951384992317e-6,-2.257323051808239e-6,-2.24840452595976e-6,-2.2576669670014583e-6,-2.2478818078176145e-6,-2.252001054879942e-6,-2.2394262638067186e-6,-2.2651794670677932e-6,-2.2711329562770423e-6,-2.2682430918547963e-6,-2.242313622505895e-6,-2.221345764277393e-6
-1.6591564141396654e-6,-1.6340099052372168e-6,-1.6793396512134435e-6,-1.6373681480767461e-6,-1.6562043011922887e-6,-1.6561497169016505e-6,-1.6581354029702438e-6,-1.6515156415154406e-6,-1.651847841433551e-6,-1.6423458696068406e-6,-1.6186975869117996e-6,-1.659745293958283e-6,-1.6571073313018455e-6,-1.6517443093548682e-6,-1.6438315757389381e-6,-1.6541657004381865e-6,-1.6515874387594935e-6,-1.62478027839316e-6,-1.6266017407336396e-6,-1.6429468564136101e-6,-1.6567586268167033e-6,-1.6614776423497762e-6,-1.6403670173964928e-6,-1.6413908406407231e-6,-1.6163686948976288e-6,-1.663707674821951e-6,-1.6451819716507943e-6,-1.645634614980101e-6,-1.6577361041778408e-6,-1.67455598201196e-6,-1.694591755472046e-6,-1.6559097519484086e-6,-1.661128125879303e-6,-1.660145876734845e-6,-1.6613340322660398e-6,-1.6548877235807187e-6,-1.662887646446859e-6,-1.6871123068129995e-6,-1.685253105607107e-6,-1.6504591265665713e-6,-1.657282916865071e-6,-1.6590962207477158e-6,-1.6572877643268292e-6,-1.6599013208356934e-6,-1.660904815157935e-6,-1.655263280441108e-6,-1.6606991211957092e-6,-1.6621563151386817e-6,-1.6560853801903525e-6,-1.6598432727810826e-6,-1.635041269361834e-6,-1.6232524810359376e-6,-1.649128382410101e-6,-1.662962514326755e-6,-1.667238356216258e-6,-1.654793575493433e-6,-1.6561902797938267e-6,-1.650420581145853e-6,-1.6374360153371425e-6,-1.6527353283532802e-6,-1.667145323342922e-6,-1.6560349620006208e-6,-1.760921909159393e-6,-1.6608140000405498e-6,-1.6539302763249056e-6,-1.6805569067769492e-6,-1.6633942127178886e-6,-1.626174669397554e-6,-1.6686206398557834e-6,-1.650806184096263e-6,-1.658927566767122e-6,-1.6470301647961803e-6,-1.6567056633233612e-6,-1.6419466296591246e-6,-1.6626689814491661e-6,-1.6679862750168996e-6,-1.6665341644018878e-6,-1.6440331109740082e-6,-1.627369570544418e-6
-1.2817147050624937e-6,-1.2633762690016903e-6,-1.3040263080688425e-6,-1.2658708805407042e-6,-1.2783972078129812e-6,-1.2800516921137516e-6,-1.2804561977453628e-6,-1.2756827408537393e-6,-1.2762663558325228e-6,-1.2636615454849776e-6,-1.2392226810200155e-6,-1.279986512290752e-6,-1.2783450680108362e-6,-1.2732056068732818e-6,-1.2675565055586477e-6,-1.275608606325391e-6,-1.2715212782966724e-6,-1.24465852320862e-6,-1.2494888534762345e-6,-1.2678878531895025e-6,-1.2785486537748783e-6,-1.2823274876228172e-6,-1.264001253994203e-6,-1.2585247190626257e-6,-1.2429981461100796e-6,-1.2834383756982699e-6,-1.2682259070694542e-6,-1.2688873474830703e-6,-1.278403863303082e-6,-1.2944307014276048e-6,-1.3130966055789507e-6,-1.2712889309414224e-6,-1.2806552642367764e-6,-1.2801490280029326e-6,-1.2813078588153821e-6,-1.2758779344114367e-6,-1.2802997427638242e-6,-1.307692051648493e-6,-1.3097637631183103e-6,-1.2734256762756414e-6,-1.2795766048657361e-6,-1.27760659885505e-6,-1.2776654322025023e-6,-1.2799761756396703e-6,-1.282894096412233e-6,-1.2765789058236635e-6,-1.2809512583357913e-6,-1.2807315225246027e-6,-1.2793532819432714e-6,-1.2823475711977586e-6,-1.2402842609030475e-6,-1.2404809367336098e-6,-1.2691376437831416e-6,-1.2829397187248367e-6,-1.2896475647555933e-6,-1.2737182675508658e-6,-1.2759164250715755e-6,-1.2751473448991933e-6,-1.2632105809121887e-6,-1.2732051644264752e-6,-1.2845021159288634e-6,-1.2773479838805053e-6,-1.3817347805846886e-6,-1.2842965585467241e-6,-1.2738867263878823e-6,-1.3161490445251274e-6,-1.2833095295846478e-6,-1.2502492891483564e-6,-1.2950585707252575e-6,-1.2730590629837998e-6,-1.280479830948457e-6,-1.2665023061496434e-6,-1.2804922931594152e-6,-1.2644336862599349e-6,-1.2792935313969456e-6,-1.286333083103221e-6,-1.2864938817957015e-6,-1.2671128917515088e-6,-1.2524750781379036e-6
-1.0779947265390253e-6,-1.0667689822833766e-6,-1.1034881591294728e-6,-1.0655430283369158e-6,-1.0745555043561757e-6,-1.0775110463585843e-6,-1.076842345042873e-6,-1.0741496560791024e-6,-1.0740970258690451e-6,-1.0600689553374731e-6,-1.0332037393609413e-6,-1.0747801884069292e-6,-1.073393787515094e-6,-1.0684153693952226e-6,-1.0649489449592964e-6,-1.071713552919734e-6,-1.065216209159992e-6,-1.0401725748293802e-6,-1.044739859571165e-6,-1.0656904504053403e-6,-1.075210368065891e-6,-1.0773288117234164e-6,-1.061085673929082e-6,-1.049019257687157e-6,-1.0484257616067447e-6,-1.0768124554284259e-6,-1.0639644028516664e-6,-1.06411285115587e-6,-1.0719475019496905e-6,-1.0858983274862882e-6,-1.1043660088783902e-6,-1.061060569580972e-6,-1.0742687286423073e-6,-1.0740724155796022e-6,-1.0758663722895588e-6,-1.0711798977425203e-6,-1.0728990312755412e-6,-1.100610132593422e-6,-1.1047497850005504e-6,-1.0697349155162384e-6,-1.0734972493960748e-6,-1.0719811077297947e-6,-1.0728361766505955e-6,-1.0743362219158936e-6,-1.0765364958823624e-6,-1.07178723585845e-6,-1.0760825264198335e-6,-1.0736276783975655e-6,-1.0756014743809577e-6,-1.0762263001176561e-6,-1.0185572306785686e-6,-1.031647725054328e-6,-1.0646840423215994e-6,-1.0765285207415522e-6,-1.0848818674946414e-6,-1.0641433865431062e-6,-1.0709634732925382e-6,-1.072128887239923e-6,-1.0592369098388645e-6,-1.068277743046937e-6,-1.076965580026944e-6,-1.0722675754529309e-6,-1.1696010544923938e-6,-1.0815826606357676e-6,-1.065296292478155e-6,-1.1092967244170704e-6,-1.0771602478143567e-6,-1.0479678085799146e-6,-1.0878045059026251e-6,-1.0692246731979034e-6,-1.0761679169069026e-6,-1.0594980643079405e-6,-1.0769014041538157e-6,-1.060087156533686e-6,-1.0688969095156452e-6,-1.0793812338102745e-6,-1.0811548489795043e-6,-1.0646089998714271e-6,-1.0504236544815795e-6
-9.966574873223047e-7,-9.907504806189094e-7,-1.0232591704318923e-6,-9.854423244631158e-7,-9.93438795540127e-7,-9.967574814793636e-7,-9.96007953305356e-7,-9.945391872291215e-7,-9.927522547545101e-7,-9.798554498496793e-7,-9.495220469288128e-7,-9.928518087930532e-7,-9.916886288971646e-7,-9.867558558914633e-7,-9.845297444470294e-7,-9.907670758700439e-7,-9.825897140056178e-7,-9.582498481493717e-7,-9.6031562330361e-7,-9.857672460040534e-7,-9.95017143881958e-7,-9.95134303985949e-7,-9.801947897744005e-7,-9.630292737965815e-7,-9.75543812899014e-7,-9.940773354049116e-7,-9.824909288924932e-7,-9.816916837787556e-7,-9.888271949617605e-7,-1.0016061186280176e-6,-1.015876909348833e-6,-9.763898277963399e-7,-9.912345496029757e-7,-9.91250901978817e-7,-9.93830731467006e-7,-9.902865653262343e-7,-9.900118116784815e-7,-1.0158715609886234e-6,-1.020916823704207e-6,-9.882078599099437e-7,-9.89706112619487e-7,-9.908299213811736e-7,-9.910301373466064e-7,-9.91850400161732e-7,-9.92785972671745e-7,-9.897767591161908e-7,-9.943722048192352e-7,-9.90561337959898e-7,-9.941366819817412e-7,-9.92573952834111e-7,-9.257017214659735e-7,-9.471038157838665e-7,-9.819681366823648e-7,-9.939486977952638e-7,-1.0022050133024649e-6,-9.741491876224993e-7,-9.885719673911693e-7,-9.91957438913534e-7,-9.767546365174455e-7,-9.868940603451592e-7,-9.941667814828086e-7,-9.904192474225683e-7,-1.077716313088175e-6,-1.0005486616705824e-6,-9.802197552177952e-7,-1.0141885397443704e-6,-9.942228262672657e-7,-9.68411888420476e-7,-1.0051731948316806e-6,-9.87715026508611e-7,-9.947987718857496e-7,-9.763355986170078e-7,-9.969477097914209e-7,-9.785101730858034e-7,-9.837619489312139e-7,-9.959394340105764e-7,-9.991011901004248e-7,-9.852283418192135e-7,-9.709010952173547e-7
-9.70176377737524e-7,-9.661164020747404e-7,-9.962456293420504e-7,-9.59494817825891e-7,-9.672895452433614e-7,-9.697551917774704e-7,-9.696150146528435e-7,-9.693650749224576e-7,-9.65585186895322e-7,-9.539302986252794e-7,-9.224639360407563e-7,-9.661867489356086e-7,-9.650573166141997e-7,-9.602250099332394e-7,-9.581749510525195e-7,-9.643050696251083e-7,-9.557782677701893e-7,-9.309621982278358e-7,-9.319413035151023e-7,-9.59763989573905e-7,-9.686788740618844e-7,-9.68080492483854e-7,-9.539850281974118e-7,-9.349706822329355e-7,-9.512148129463999e-7,-9.675130800740975e-7,-9.560422274809618e-7,-9.54537159261452e-7,-9.618873653356805e-7,-9.752239865069608e-7,-9.859748959830095e-7,-9.487826352181804e-7,-9.639760882803767e-7,-9.64173740157575e-7,-9.671141355920055e-7,-9.639854424497331e-7,-9.629180795083919e-7,-9.878701908181398e-7,-9.929474391222193e-7,-9.61580417503701e-7,-9.620759271990412e-7,-9.648136132200081e-7,-9.641749014129793e-7,-9.648407603090536e-7,-9.654660158848635e-7,-9.628707370647086e-7,-9.676643317037255e-7,-9.63431153442301e-7,-9.674836026893479e-7,-9.650722544288433e-7,-8.962211955224206e-7,-9.19964113529051e-7,-9.54296624570182e-7,-9.671932896001605e-7,-9.750154708927365e-7,-9.433433200345735e-7,-9.616290238106293e-7,-9.661314398874353e-7,-9.498902370035038e-7,-9.60593071421493e-7,-9.67250048388132e-7,-9.637559797227487e-7,-1.0486693977027448e-6,-9.742478780200264e-7,-9.529445596143988e-7,-9.79321806467778e-7,-9.668894747900282e-7,-9.428772116890359e-7,-9.79644211084037e-7,-9.6096532177574e-7,-9.68160411651619e-7,-9.494937761626621e-7,-9.72657066919389e-7,-9.511067495370164e-7,-9.564446571475707e-7,-9.686059021085822e-7,-9.722672157399756e-7,-9.599012702381519e-7,-9.452547631233605e-7
-9.966574873223047e-7,-9.907504806189094e-7,-1.0232591704318923e-6,-9.854423244631158e-7,-9.93438795540127e-7,-9.967574814793636e-7,-9.96007953305356e-7,-9.945391872291215e-7,-9.927522547545101e-7,-9.798554498496793e-7,-9.495220469288128e-7,-9.928518087930532e-7,-9.916886288971646e-7,-9.867558558914633e-7,-9.845297444470294e-7,-9.907670758700439e-7,-9.825897140056178e-7,-9.582498481493717e-7,-9.6031562330361e-7,-9.857672460040534e-7,-9.95017143881958e-7,-9.95134303985949e-7,-9.801947897744005e-7,-9.630292737965815e-7,-9.75543812899014e-7,-9.940773354049116e-7,-9.824909288924932e-7,-9.816916837787556e-7,-9.888271949617605e-7,-1.0016061186280176e-6,-1.015876909348833e-6,-9.763898277963399e-7,-9.912345496029757e-7,-9.91250901978817e-7,-9.93830731467006e-7,-9.902865653262343e-7,-9.900118116784815e-7,-1.0158715609886234e-6,-1.020916823704207e-6,-9.882078599099437e-7,-9.89706112619487e-7,-9.908299213811736e-7,-9.910301373466064e-7,-9.91850400161732e-7,-9.92785972671745e-7,-9.897767591161908e-7,-9.943722048192352e-7,-9.90561337959898e-7,-9.941366819817412e-7,-9.92573952834111e-7,-9.257017214659735e-7,-9.471038157838665e-7,-9.819681366823648e-7,-9.939486977952638e-7,-1.0022050133024649e-6,-9.741491876224993e-7,-9.885719673911693e-7,-9.91957438913534e-7,-9.767546365174455e-7,-9.868940603451592e-7,-9.941667814828086e-7,-9.904192474225683e-7,-1.077716313088175e-6,-1.0005486616705824e-6,-9.802197552177952e-7,-1.0141885397443704e-6,-9.942228262672657e-7,-9.68411888420476e-7,-1.0051731948316806e-6,-9.87715026508611e-7,-9.947987718857496e-7,-9.763355986170078e-7,-9.969477097914209e-7,-9.785101730858034e-7,-9.837619489312139e-7,-9.959394340105764e-7,-9.991011901004248e-7,-9.852283418192135e-7,-9.709010952173547e-7
-1.0779947265390253e-6,-1.0667689822833766e-6,-1.1034881591294728e-6,-1.0655430283369158e-6,-1.0745555043561757e-6,-1.0775110463585843e-6,-1.076842345042873e-6,-1.0741496560791024e-6,-1.0740970258690451e-6,-1.0600689553374731e-6,-1.0332037393609413e-6,-1.0747801884069292e-6,-1.073393787515094e-6,-1.0684153693952226e-6,-1.0649489449592964e-6,-1.071713552919734e-6,-1.065216209159992e-6,-1.0401725748293802e-6,-1.044739859571165e-6,-1.0656904504053403e-6,-1.075210368065891e-6,-1.0773288117234164e-6,-1.061085673929082e-6,-1.049019257687157e-6,-1.0484257616067447e-6,-1.0768124554284259e-6,-1.0639644028516664e-6,-1.06411285115587e-6,-1.0719475019496905e-6,-1.0858983274862882e-6,-1.1043660088783902e-6,-1.061060569580972e-6,-1.0742687286423073e-6,-1.0740724155796022e-6,-1.0758663722895588e-6,-1.0711798977425203e-6,-1.0728990312755412e-6,-1.100610132593422e-6,-1.1047497850005504e-6,-1.0697349155162384e-6,-1.0734972493960748e-6,-1.0719811077297947e-6,-1.0728361766505955e-6,-1.0743362219158936e-6,-1.0765364958823624e-6,-1.07178723585845e-6,-1.0760825264198335e-6,-1.0736276783975655e-6,-1.0756014743809577e-6,-1.0762263001176561e-6,-1.0185572306785686e-6,-1.031647725054328e-6,-1.0646840423215994e-6,-1.0765285207415522e-6,-1.0848818674946414e-6,-1.0641433865431062e-6,-1.0709634732925382e-6,-1.072128887239923e-6,-1.0592369098388645e-6,-1.068277743046937e-6,-1.076965580026944e-6,-1.0722675754529309e-6,-1.1696010544923938e-6,-1.0815826606357676e-6,-1.065296292478155e-6,-1.1092967244170704e-6,-1.0771602478143567e-6,-1.0479678085799146e-6,-1.0878045059026251e-6,-1.0692246731979034e-6,-1.0761679169069026e-6,-1.0594980643079405e-6,-1.0769014041538157e-6,-1.060087156533686e-6,-1.0688969095156452e-6,-1.0793812338102745e-6,-1.0811548489795043e-6,-1.0646089998714271e-6,-1.0504236544815795e-6
-1.2817147050624937e-6,-1.2633762690016903e-6,-1.3040263080688425e-6,-1.2658708805407042e-6,-1.2783972078129812e-6,-1.2800516921137516e-6,-1.2804561977453628e-6,-1.2756827408537393e-6,-1.2762663558325228e-6,-1.2636615454849776e-6,-1.2392226810200155e-6,-1.279986512290752e-6,-1.2783450680108362e-6,-1.2732056068732818e-6,-1.2675565055586477e-6,-1.275608606325391e-6,-1.2715212782966724e-6,-1.24465852320862e-6,-1.2494888534762345e-6,-1.2678878531895025e-6,-1.2785486537748783e-6,-1.2823274876228172e-6,-1.264001253994203e-6,-1.2585247190626257e-6,-1.2429981461100796e-6,-1.2834383756982699e-6,-1.2682259070694542e-6,-1.2688873474830703e-6,-1.278403863303082e-6,-1.2944307014276048e-6,-1.3130966055789507e-6,-1.2712889309414224e-6,-1.2806552642367764e-6,-1.2801490280029326e-6,-1.2813078588153821e-6,-1.2758779344114367e-6,-1.2802997427638242e-6,-1.307692051648493e-6,-1.3097637631183103e-6,-1.2734256762756414e-6,-1.2795766048657361e-6,-1.27760659885505e-6,-1.2776654322025023e-6,-1.2799761756396703e-6,-1.282894096412233e-6,-1.2765789058236635e-6,-1.2809512583357913e-6,-1.2807315225246027e-6,-1.2793532819432714e-6,-1.2823475711977586e-6,-1.2402842609030475e-6,-1.2404809367336098e-6,-1.2691376437831416e-6,-1.2829397187248367e-6,-1.2896475647555933e-6,-1.2737182675508658e-6,-1.2759164250715755e-6,-1.2751473448991933e-6,-1.2632105809121887e-6,-1.2732051644264752e-6,-1.2845021159288634e-6,-1.2773479838805053e-6,-1.3817347805846886e-6,-1.2842965585467241e-6,-1.2738867263878823e-6,-1.3161490445251274e-6,-1.2833095295846478e-6,-1.2502492891483564e-6,-1.2950585707252575e-6,-1.2730590629837998e-6,-1.280479830948457e-6,-1.2665023061496434e-6,-1.2804922931594152e-6,-1.2644336862599349e-6,-1.2792935313969456e-6,-1.286333083103221e-6,-1.2864938817957015e-6,-1.2671128917515088e-6,-1.2524750781379036e-6
-1.6591564141396654e-6,-1.6340099052372168e-6,-1.6793396512134435e-6,-1.6373681480767461e-6,-1.6562043011922887e-6,-1.6561497169016505e-6,-1.6581354029702438e-6,-1.6515156415154406e-6,-1.651847841433551e-6,-1.6423458696068406e-6,-1.6186975869117996e-6,-1.659745293958283e-6,-1.6571073313018455e-6,-1.6517443093548682e-6,-1.6438315757389381e-6,-1.6541657004381865e-6,-1.6515874387594935e-6,-1.62478027839316e-6,-1.6266017407336396e-6,-1.6429468564136101e-6,-1.6567586268167033e-6,-1.6614776423497762e-6,-1.6403670173964928e-6,-1.6413908406407231e-6,-1.6163686948976288e-6,-1.663707674821951e-6,-1.6451819716507943e-6,-1.645634614980101e-6,-1.6577361041778408e-6,-1.67455598201196e-6,-1.694591755472046e-6,-1.6559097519484086e-6,-1.661128125879303e-6,-1.660145876734845e-6,-1.6613340322660398e-6,-1.6548877235807187e-6,-1.662887646446859e-6,-1.6871123068129995e-6,-1.685253105607107e-6,-1.6504591265665713e-6,-1.657282916865071e-6,-1.6590962207477158e-6,-1.6572877643268292e-6,-1.6599013208356934e-6,-1.660904815157935e-6,-1.655263280441108e-6,-1.6606991211957092e-6,-1.6621563151386817e-6,-1.6560853801903525e-6,-1.6598432727810826e-6,-1.635041269361834e-6,-1.6232524810359376e-6,-1.649128382410101e-6,-1.662962514326755e-6,-1.667238356216258e-6,-1.654793575493433e-6,-1.6561902797938267e-6,-1.650420581145853e-6,-1.6374360153371425e-6,-1.6527353283532802e-6,-1.667145323342922e-6,-1.6560349620006208e-6,-1.760921909159393e-6,-1.6608140000405498e-6,-1.6539302763249056e-6,-1.6805569067769492e-6,-1.6633942127178886e-6,-1.626174669397554e-6,-1.6686206398557834e-6,-1.650806184096263e-6,-1.658927566767122e-6,-1.6470301647961803e-6,-1.6567056633233612e-6,-1.6419466296591246e-6,-1.6626689814491661e-6,-1.6679862750168996e-6,-1.6665341644018878e-6,-1.6440331109740082e-6,-1.627369570544418e-6
-2.2569540022205106e-6,-2.2292040295823554e-6,-2.2727286675476417e-6,-2.2248737539884e-6,-2.252972636821363e-6,-2.2525667667361946e-6,-2.255646008145506e-6,-2.2489269195342988e-6,-2.2458847370114485e-6,-2.240905243519447e-6,-2.2178760550685034e-6,-2.2600702304665207e-6,-2.254957739405453e-6,-2.250776762017122e-6,-2.2392207812828476e-6,-2.2547358509062363e-6,-2.251164158827315e-6,-2.224048099946387e-6,-2.224472662125482e-6,-2.2377716913935975e-6,-2.256111761000535e-6,-2.2605519176540636e-6,-2.238404419243292e-6,-2.239222589969687e-6,-2.214535871427565e-6,-2.2628857169438126e-6,-2.242411182857331e-6,-2.241322868672803e-6,-2.2560856290452914e-6,-2.2707883038714444e-6,-2.2968014165549415e-6,-2.258953456863503e-6,-2.262309657399127e-6,-2.261185078471568e-6,-2.261345325197433e-6,-2.254208625287271e-6,-2.2663456408664353e-6,-2.2847434106388645e-6,-2.279993834745238e-6,-2.248134075273184e-6,-2.254222124730264e-6,-2.261356087968349e-6,-2.2577971597998458e-6,-2.260866822389759e-6,-2.258585029598755e-6,-2.2548136774647415e-6,-2.262065022947195e-6,-2.2635727809616375e-6,-2.2534895960231863e-6,-2.255413771872006e-6,-2.2450626654463176e-6,-2.2224073979246658e-6,-2.250031356815104e-6,-2.2622323988375586e-6,-2.2659206950463124e-6,-2.2529253885873884e-6,-2.2599260816889616e-6,-2.2434953767034515e-6,-2.232080810007057e-6,-2.252562366880303e-6,-2.2698014744047444e-6,-2.2536154007472125e-6,-2.3550315436542204e-6,-2.2574584526598446e-6,-2.2505507743630854e-6,-2.255832029208214e-6,-2.2631735323146015e-6,-2.2191951384992317e-6,-2.257323051808239e-6,-2.24840452595976e-6,-2.2576669670014583e-6,-2.2478818078176145e-6,-2.252001054879942e-6,-2.2394262638067186e-6,-2.2651794670677932e-6,-2.2711329562770423e-6,-2.2682430918547963e-6,-2.242313622505895e-6,-2.221345764277393e-6
-3.1566006934364416e-6,-3.1275366534068392e-6,-3.1658041572954205e-6,-3.1101117900573033e-6,-3.1503280196150885e-6,-3.152647800426021e-6,-3.156296588584232e-6,-3.149534389250014e-6,-3.1410772668338766e-6,-3.139684792643638e-6,-3.1193502647393434e-6,-3.163053850733022e-6,-3.153679579341276e-6,-3.151850448914712e-6,-3.1364002035826504e-6,-3.159236847058682e-6,-3.151415223221282e-6,-3.1207948091181543e-6,-3.124080910575258e-6,-3.1368269098814524e-6,-3.1567082246023247e-6,-3.1613030437460465e-6,-3.1384498656750266e-6,-3.133125258744535e-6,-3.1165681417701e-6,-3.1636941498100707e-6,-3.141474244712706e-6,-3.140731647497451e-6,-3.1554349108367945e-6,-3.1677832968434898e-6,-3.1985357284989142e-6,-3.1638704763904495e-6,-3.1654151321282235e-6,-3.1636907856430177e-6,-3.1636306273830794e-6,-3.156700237019074e-6,-3.1721927007656908e-6,-3.18159728289733e-6,-3.172469738841667e-6,-3.1490955520152034e-6,-3.1539732357087643e-6,-3.1658354035992216e-6,-3.159167651159097e-6,-3.16579081743378e-6,-3.159618353840304e-6,-3.156891969430161e-6,-3.16617215761401e-6,-3.1681960346960673e-6,-3.1545437001367384e-6,-3.151435673027056e-6,-3.1523175305059948e-6,-3.120133676979535e-6,-3.151134603098436e-6,-3.1629354249130833e-6,-3.169956776657928e-6,-3.1523126056402847e-6,-3.1652710812935202e-6,-3.1374825919746597e-6,-3.12830969574929e-6,-3.1544250188537962e-6,-3.1750899311384275e-6,-3.1512415914807685e-6,-3.240568864089959e-6,-3.1528063803253517e-6,-3.1488660065453653e-6,-3.137632123726657e-6,-3.164285058636718e-6,-3.1122238067694216e-6,-3.1453079706403773e-6,-3.147275092528131e-6,-3.1594937431286184e-6,-3.151049645971352e-6,-3.1468877910691558e-6,-3.1396191590995557e-6,-3.167410870885723e-6,-3.1776021187416325e-6,-3.1737310017301415e-6,-3.1430656221770693e-6,-3.1190853589307786e-6
-4.443978329153681e-6,-4.407332369728967e-6,-4.443199671192467e-6,-4.382538966492374e-6,-4.433589446012221e-6,-4.442306095689867e-6,-4.44587031796214e-6,-4.439875158276527e-6,-4.423845443464343e-6,-4.424090916605521e-6,-4.409254224652573e-6,-4.454220133253506e-6,-4.439013960921787e-6,-4.4401049553803546e-6,-4.422221598606302e-6,-4.452521919114203e-6,-4.43486596108717e-6,-4.401835063911622e-6,-4.408834493864076e-6,-4.425179287364094e-6,-4.446028442620068e-6,-4.449413817199607e-6,-4.420979954782097e-6,-4.412743738837009e-6,-4.409501085372926e-6,-4.452517823614692e-6,-4.425451248589869e-6,-4.428933887536341e-6,-4.443037824065167e-6,-4.451964176050755e-6,-4.481137714833257e-6,-4.450395274329506e-6,-4.456382918343453e-6,-4.452294294988643e-6,-4.453255529583117e-6,-4.447835633033028e-6,-4.4645572331248295e-6,-4.463787024486991e-6,-4.449054186280868e-6,-4.437492187611791e-6,-4.44162650688502e-6,-4.457023136920927e-6,-4.4462508606835346e-6,-4.4591564237308755e-6,-4.447805642891136e-6,-4.444707003515766e-6,-4.456656256005522e-6,-4.459398668853844e-6,-4.443423279156037e-6,-4.433342579935221e-6,-4.4376077318703415e-6,-4.400546227196e-6,-4.437400908099421e-6,-4.451901935334542e-6,-4.463919887035345e-6,-4.441722024507375e-6,-4.449841376411994e-6,-4.418448335126234e-6,-4.410476646174529e-6,-4.442825028709072e-6,-4.4687475064135234e-6,-4.43395666040472e-6,-4.509501635682473e-6,-4.435762287182565e-6,-4.433802164711088e-6,-4.415011539652898e-6,-4.451587162944385e-6,-4.39135222836483e-6,-4.421861022073198e-6,-4.434690221347801e-6,-4.4500309238167975e-6,-4.441610103258208e-6,-4.423545357704096e-6,-4.4242683545073985e-6,-4.4549204558326695e-6,-4.471746226959999e-6,-4.468325214767283e-6,-4.430587681900177e-6,-4.402360424134417e-6
-6.2448094821586385e-6,-6.189132731070072e-6,-6.232460203582923e-6,-6.1713815284270925e-6,-6.230016080901736e-6,-6.244369127732129e-6,-6.249999019442989e-6,-6.244393549790602e-6,-6.2180958080630394e-6,-6.220343998685898e-6,-6.213926494526848e-6,-6.259990155094978e-6,-6.237744117258244e-6,-6.241657923643217e-6,-6.220710787448076e-6,-6.260770926441379e-6,-6.231131635880536e-6,-6.195137108772665e-6,-6.20458902666728e-6,-6.226526466079008e-6,-6.25381423414893e-6,-6.251155503690244e-6,-6.210334028194276e-6,-6.205967542772038e-6,-6.210536688305352e-6,-6.255187148760213e-6,-6.218447765155327e-6,-6.229928782547501e-6,-6.24648732446432e-6,-6.249712558217433e-6,-6.268608544473864e-6,-6.244269861400408e-6,-6.261029357718836e-6,-6.252345918511467e-6,-6.2573976523522335e-6,-6.253518999513213e-6,-6.2702068391085045e-6,-6.255822916371377e-6,-6.2412704879393604e-6,-6.239474132790618e-6,-6.244789451186969e-6,-6.260057325042422e-6,-6.245657435526975e-6,-6.266769388894948e-6,-6.248395896954644e-6,-6.243961992938644e-6,-6.261086416225474e-6,-6.259719876517594e-6,-6.245515837679122e-6,-6.229119511552133e-6,-6.22981881377777e-6,-6.1925168311518994e-6,-6.2374457255590125e-6,-6.256040565497317e-6,-6.2717077765948745e-6,-6.243501469106186e-6,-6.238843938209945e-6,-6.211330951681892e-6,-6.2052962789803745e-6,-6.24426890086719e-6,-6.275136368213613e-6,-6.2271170800850965e-6,-6.2919046657497454e-6,-6.235835892202721e-6,-6.23193219553361e-6,-6.210774594947856e-6,-6.251579273034336e-6,-6.178334605851343e-6,-6.218397635978191e-6,-6.236851956764608e-6,-6.256282716166676e-6,-6.244665685704116e-6,-6.211765364981133e-6,-6.2225826018572365e-6,-6.255903206115307e-6,-6.280552455334801e-6,-6.278232673488488e-6,-6.231240542750181e-6,-6.195036372171677e-6
-8.774567337928035e-6,-8.693702008557426e-6,-8.746836501311724e-6,-8.691257601893737e-6,-8.754048887827612e-6,-8.770058737151882e-6,-8.783592543995845e-6,-8.77487176162447e-6,-8.739312411287997e-6,-8.74299415978469e-6,-8.749273308358562e-6,-8.796073271576437e-6,-8.765913624713056e-6,-8.772695482061974e-6,-8.741926632971451e-6,-8.7972536528127e-6,-8.757260159407595e-6,-8.718611284285804e-6,-8.728486142466418e-6,-8.757876860513877e-6,-8.79280910970414e-6,-8.781321365869498e-6,-8.72826722617365e-6,-8.731061299834913e-6,-8.740142972144116e-6,-8.787366344123503e-6,-8.736963238036706e-6,-8.757157504358628e-6,-8.779956835560652e-6,-8.775482871881114e-6,-8.778846618327245e-6,-8.765547740930207e-6,-8.796301305284276e-6,-8.781039393646378e-6,-8.793399122796543e-6,-8.788591918533852e-6,-8.806212165409112e-6,-8.772978622396739e-6,-8.764170170206976e-6,-8.772343450897032e-6,-8.781681134114407e-6,-8.788484674510322e-6,-8.773674243472105e-6,-8.805241854468926e-6,-8.780575603739718e-6,-8.771833869807229e-6,-8.796246809826849e-6,-8.78615666406803e-6,-8.777573154737032e-6,-8.751250882612168e-6,-8.746213813227274e-6,-8.710623355892404e-6,-8.767296961308114e-6,-8.788873469715439e-6,-8.80714036638306e-6,-8.772736502195341e-6,-8.746861732271758e-6,-8.731550002737078e-6,-8.727531430548296e-6,-8.77397235333993e-6,-8.809724210383584e-6,-8.747186737833112e-6,-8.802945498713426e-6,-8.76488268319013e-6,-8.76164290132515e-6,-8.741047890618076e-6,-8.780379327606378e-6,-8.685666630262855e-6,-8.747878139508167e-6,-8.766857606889655e-6,-8.792706077476299e-6,-8.773529667572256e-6,-8.728026025507694e-6,-8.752855592241756e-6,-8.787161645102013e-6,-8.820963500190958e-6,-8.81792839843977e-6,-8.761497656147223e-6,-8.72175215679039e-6
-0.000012334613915608576,-0.000012230693569670344,-0.000012285646838048048,-0.000012239997399065848,-0.000012305486252045756,-0.000012324842609846506,-0.000012347679432546686,-0.000012327655284171952,-0.0000122907189327845,-0.00001229481803717358,-0.00001231696137319984,-0.000012365948080765578,-0.000012323680406607942,-0.00001233671536652843,-0.000012285937488772981,-0.000012364981255125615,-0.000012315724285070616,-0.000012280280918418933,-0.000012278423844671674,-0.000012324021178677743,-0.000012356180821254976,-0.000012342404857748398,-0.0000122826473517939,-0.000012291970699916802,-0.000012307905153608681,-0.000012352312366619165,-0.000012286537080408337,-0.000012313268070444883,-0.000012345289304945486,-0.000012334615147273632,-0.000012320384602254872,-0.000012319067434203527,-0.000012363600488044754,-0.000012341442585237638,-0.00001236243992527842,-0.000012355508564278722,-0.000012376439302073237,-0.000012315033444413288,-0.000012316454505552923,-0.000012339441461402666,-0.000012353652649324512,-0.000012345888604720172,-0.000012332449522384102,-0.00001237396535299802,-0.00001235019566740178,-0.000012331828041126312,-0.000012363276280636525,-0.000012343189860939774,-0.000012340761713025419,-0.000012301469356214047,-0.000012292083345625127,-0.000012262038324650591,-0.000012324206628332546,-0.000012353173046062761,-0.000012374438658454443,-0.000012329839242211872,-0.000012281022597260615,-0.00001228336504662181,-0.00001228127284637708,-0.000012335966428876051,-0.000012374840286618434,-0.000012298032987545451,-0.000012353673725673624,-0.000012326309378581893,-0.000012323478176108326,-0.000012297860356863675,-0.000012339124153738534,-0.000012219578300777843,-0.000012308396101519971,-0.000012327837025842086,-0.000012359609425984495,-0.000012332003589204322,-0.000012273120373516292,-0.000012317812114914424,-0.00001234730536593863,-0.00001239550102046743,-0.000012389371620429056,-0.000012324503805744406,-0.000012290394590303041
-0.000017377237610012903,-0.000017248182410982537,-0.00001729953663555282,-0.000017268063923177337,-0.000017337342949775915,-0.00001736510223149042,-0.00001739518320287327,-0.00001737033339778469,-0.000017330887815699428,-0.000017335288171254677,-0.00001736660269924903,-0.000017424790487314862,-0.000017361820307405517,-0.00001738769182473729,-0.00001731001982978777,-0.00001741758728111268,-0.000017364895241480365,-0.00001733480065694476,-0.000017313134111937188,-0.00001738028198834611,-0.000017404587792601553,-0.000017390216187459164,-0.00001731973973439927,-0.00001734062087275789,-0.000017368801278822394,-0.000017403004671937698,-0.000017318022332617844,-0.00001734999989532369,-0.000017394254282501044,-0.000017380293597668275,-0.000017350127834778643,-0.000017355509521315438,-0.00001741849457157719,-0.000017388933724023193,-0.000017418618323725644,-0.000017408613775147,-0.00001743364896380415,-0.000017338599121279456,-0.000017353238643620024,-0.000017393623602590737,-0.000017412751526770952,-0.000017385157237058684,-0.000017376871592917737,-0.000017425348828031093,-0.000017404481524591184,-0.000017372038361456714,-0.000017411313473186146,-0.00001738783343666927,-0.000017391127180435735,-0.000017338687197818773,-0.00001732390575083755,-0.00001729705757495058,-0.000017359655539522182,-0.00001740432717534585,-0.00001742867458356684,-0.000017371072588414724,-0.00001729302665962804,-0.00001732091421700502,-0.000017320157065304068,-0.000017388477278202888,-0.000017423221851123287,-0.00001733220973339959,-0.000017390111300353385,-0.000017372642891037432,-0.00001737188264008739,-0.000017330199195007153,-0.000017381803728116987,-0.000017238474370175675,-0.00001735124841514032,-0.000017372616029807832,-0.000017409322591060563,-0.00001737799248769178,-0.000017302585434404555,-0.0000173717361362435,-0.000017390048025664088,-0.000017457127771653493,-0.000017446959193647655,-0.000017369018807041305,-0.00001734722969644813
-0.000024668394355925978,-0.0000245112921129152,-0.000024553794360789092,-0.00002454834136521406,-0.000024617127752367528,-0.000024655700267057056,-0.000024693817618525004,-0.00002468129687774304,-0.000024626184616387567,-0.000024634758549097306,-0.00002466330854711674,-0.000024738300074317783,-0.000024643995334145075,-0.000024693300048499077,-0.000024582959564315,-0.00002471973945675469,-0.000024670412147190914,-0.000024650739815611336,-0.000024598613975710223,-0.00002469526982186018,-0.00002471289155231983,-0.00002468893838851841,-0.000024601248424931522,-0.00002464067135935773,-0.000024666274539181144,-0.000024705519442628506,-0.00002459196012764566,-0.000024632073028537187,-0.00002469445558312635,-0.000024670790703698778,-0.000024630357582075196,-0.00002463481962248108,-0.00002473168293694804,-0.00002469264993172859,-0.00002473014735955224,-0.000024714024716068596,-0.00002474438516825282,-0.000024613463699823757,-0.00002464456335612715,-0.000024701932674588243,-0.00002472536519880344,-0.000024670667763084583,-0.000024673753127414063,-0.000024726496428690412,-0.000024696428887393382,-0.000024657649543672952,-0.000024705154790045895,-0.000024684234238610424,-0.00002469621813084239,-0.000024627591906804044,-0.000024604712525174317,-0.000024584908644007502,-0.000024645281305091897,-0.00002470762338991184,-0.000024728900126324156,-0.00002467008191504888,-0.000024539235812588643,-0.000024612121976240063,-0.000024611579719419007,-0.000024701605413171736,-0.000024718678456439524,-0.000024618360593753357,-0.0000246816409985778,-0.000024670699521862513,-0.00002467258155935199,-0.000024617809788652765,-0.000024677430189822927,-0.000024506432500136777,-0.000024632967982033732,-0.000024662206754509274,-0.000024708496870949493,-0.000024678602107084348,-0.000024587394105935935,-0.00002468356863854586,-0.00002469183208093534,-0.000024770632884698087,-0.000024762787746113644,-0.000024661481548767353,-0.00002465177378869978
-0.000035394598212863245,-0.000035212792497048,-0.00003524488506717682,-0.00003527231939401957,-0.00003532353402588278,-0.0000353741502559678,-0.000035428541383434245,-0.00003543295722975447,-0.00003535249054976912,-0.00003537835496034593,-0.000035395986548991496,-0.00003549060547584128,-0.00003534930068552597,-0.000035434547165372385,-0.000035287972925847894,-0.00003545688156153828,-0.00003540982695726216,-0.00003540486506551049,-0.00003531221631502551,-0.00003545934665923049,-0.00003546189792655789,-0.00003541520450008776,-0.000035318920944429044,-0.000035371788882945944,-0.00003538143415835143,-0.000035444715629354544,-0.00003529756473786473,-0.000035344535107855005,-0.00003543465759634978,-0.00003539374878435469,-0.00003534829000369742,-0.00003534183545553141,-0.00003549000942423098,-0.000035429515703698985,-0.000035484051809883736,-0.00003545430124915191,-0.00003549798576099016,-0.00003533467623987997,-0.00003536533313432562,-0.00003544916825036387,-0.00003547936649746697,-0.00003538923292035936,-0.00003541109857881124,-0.000035463456395465185,-0.00003540321611969449,-0.00003538159486199483,-0.00003543832523174982,-0.000035412877307887537,-0.00003543841960776422,-0.00003535911432217935,-0.00003530424424314513,-0.000035322772018039135,-0.000035369052562425346,-0.00003544624627207286,-0.00003546003425564311,-0.00003540750358767825,-0.00003521574913456945,-0.00003533974709943918,-0.00003534197102606652,-0.000035459742714490116,-0.00003544232111153805,-0.00003534520073567825,-0.00003542401150804662,-0.000035407049890160344,-0.000035409753344846174,-0.00003533380133365676,-0.00003540893359538394,-0.00003519905782201219,-0.000035339360068989925,-0.000035383150032572286,-0.000035440727660390804,-0.00003541733529024085,-0.000035313523194727877,-0.00003544058832134008,-0.00003544379419993358,-0.00003552193683364384,-0.00003552317783712425,-0.00003539185378471071,-0.00003539157403150663
-0.00005136468506609362,-0.000051156310254589946,-0.00005119412489426873,-0.00005125076429533661,-0.000051271543908593814,-0.000051329088863593116,-0.00005140731056932943,-0.00005142348293416851,-0.00005132085465357682,-0.00005138380139847307,-0.000051382850494958074,-0.0000514909720904633,-0.00005130284444432828,-0.000051420357401017804,-0.00005123390916161409,-0.00005143844128179296,-0.00005139047292453104,-0.00005139625419120538,-0.00005126555155706054,-0.00005147959151682868,-0.000051447461989151765,-0.00005137433248259909,-0.00005128798501300347,-0.00005133575626646979,-0.000051354448496011796,-0.000051433067503394625,-0.0000512435667040305,-0.00005129865419207938,-0.00005142751719845677,-0.000051374734074860996,-0.000051303604037704275,-0.000051286925991233924,-0.0000515066310807793,-0.0000514084083749688,-0.00005149754975341966,-0.000051440182926229444,-0.00005150452292498085,-0.00005130690555800388,-0.000051317305746986414,-0.000051436350614948574,-0.00005148245442903759,-0.00005136014683528797,-0.000051398716867533,-0.00005145140082573694,-0.00005135333047038486,-0.000051357403406629475,-0.000051425088619384485,-0.000051382582133280535,-0.00005142528156150711,-0.00005135586652198105,-0.000051239083412591235,-0.00005132814666820275,-0.00005132524844216639,-0.00005142410435288728,-0.000051441744344331856,-0.00005140248882420915,-0.00005112990461806745,-0.00005131446945628141,-0.00005131843183681563,-0.00005147323202133796,-0.00005140074491214778,-0.00005132082226346408,-0.00005139792331030885,-0.00005138922527093764,-0.00005139484623882031,-0.000051269488255617896,-0.000051377674454604246,-0.000051128997925594294,-0.00005129228903929086,-0.00005134616357878967,-0.00005141277189526691,-0.000051398887558675154,-0.000051281728926003954,-0.000051449175408926914,-0.00005145084775294231,-0.000051524219860894156,-0.00005153405628665508,-0.000051366327537045665,-0.00005138979008007823
-0.00007581488346301215,-0.00007557199146637621,-0.00007564419890498756,-0.00007572310399094517,-0.00007570057382002466,-0.00007575437114614621,-0.00007587207559712507,-0.00007587850338710002,-0.00007577994398706108,-0.00007588826983066586,-0.00007584345293520293,-0.00007597330909941602,-0.00007576199864943838,-0.0000758834074020927,-0.00007565285731403446,-0.00007588760548385664,-0.00007583993110542604,-0.00007585552213245268,-0.00007570596824998168,-0.00007598307403567964,-0.00007589822173935174,-0.00007581090526346228,-0.00007574333710668103,-0.0000757749724779014,-0.00007583763931824561,-0.00007590199608871894,-0.0000756674331450958,-0.0000757257790309664,-0.00007591259589862922,-0.00007584769899718333,-0.00007572476124879246,-0.00007570967810859376,-0.00007602416602190528,-0.00007587336827278027,-0.00007600663042487778,-0.0000759066333298107,-0.00007599400926067148,-0.00007574042557277895,-0.00007571372171616723,-0.00007588944425414586,-0.0000759727412695503,-0.00007582946456638866,-0.00007587360331284799,-0.00007592090091679155,-0.00007578343624777077,-0.00007580992273058163,-0.00007589332225629465,-0.00007582872740416306,-0.0000758861112128102,-0.00007585670758952071,-0.00007566002383576996,-0.00007582482051216045,-0.000075741800528506,-0.00007588637004972515,-0.00007591208978513873,-0.00007588522674729817,-0.00007552249341409169,-0.00007577243840291734,-0.00007577983554039368,-0.00007597120095644751,-0.000075835668160847,-0.00007577814203988657,-0.00007584422115177326,-0.00007584155680412136,-0.00007586301080228481,-0.00007563993050501505,-0.00007581217156402698,-0.00007553674033723213,-0.00007572450204965395,-0.0000757886847477639,-0.00007586944996374792,-0.0000758550435457247,-0.00007572030853130352,-0.00007593163669331889,-0.00007596130049112378,-0.00007601415418969257,-0.00007602738957234785,-0.0000758146832773117,-0.00007587765764092934
-0.00011451249694033757,-0.00011422903360258437,-0.00011437479613814782,-0.00011446507246093773,-0.00011435561963722454,-0.00011441914677401047,-0.00011459535916395109,-0.00011455735333820763,-0.00011449250426816695,-0.00011463313206998448,-0.00011454131046402855,-0.0001147019913338375,-0.00011447545737018882,-0.0001145746899892678,-0.00011431713563549965,-0.00011456845838908963,-0.00011453186663511592,-0.0001145539974251388,-0.00011440438678440455,-0.00011472930958863898,-0.00011457148931074451,-0.00011450365648258591,-0.0001144216018318595,-0.00011443954809755698,-0.0001145704218592154,-0.00011462009586587956,-0.00011434832838575423,-0.00011439714665622336,-0.00011465968196314278,-0.0001145915556896948,-0.00011437735614355956,-0.00011437202404421048,-0.0001148059344318575,-0.00011459366989497344,-0.00011477410311543421,-0.00011461859375312775,-0.00011473130687446952,-0.00011440719514472299,-0.00011431256679535905,-0.0001145703815142943,-0.00011471577035864375,-0.00011456071199943043,-0.00011459966898400145,-0.00011463647980637561,-0.00011443957095642635,-0.00011449428823496116,-0.00011460380013356571,-0.0001145192566719344,-0.00011458935871122855,-0.00011462282102192249,-0.00011433780546716402,-0.00011454840200687483,-0.00011438683768109432,-0.00011460713950243071,-0.0001146274631375301,-0.00011463357457300492,-0.00011417502898994255,-0.00011447660339699027,-0.00011449939129601388,-0.0001147136717936511,-0.00011452332257993718,-0.00011448056550887875,-0.00011456512116304968,-0.00011452175248121702,-0.0001145833972348437,-0.0001142315498716509,-0.0001144822546222277,-0.00011420965676468332,-0.00011440203851241886,-0.00011448629513321991,-0.00011459026066954658,-0.00011455893869443564,-0.0001143947254816798,-0.00011463032331869932,-0.00011473789950326501,-0.00011475060450139124,-0.0001147556165992277,-0.00011450896426454469,-0.00011460904401040307
-0.00017847563191760786,-0.00017816021544641393,-0.00017839764658121913,-0.00017850194855845625,-0.00017825307581212057,-0.00017835285559336984,-0.00017860395145670539,-0.00017849259079887115,-0.00017847454457461544,-0.00017862756654709678,-0.0001785119135390319,-0.00017869875426083405,-0.00017843659144086124,-0.00017852736840104637,-0.0001782607857240786,-0.0001785142010810148,-0.0001785147534736291,-0.0001785194233338885,-0.0001783712505271031,-0.0001787341509907627,-0.00017848166731334727,-0.0001784790371348595,-0.0001783638274172569,-0.00017835861124852764,-0.00017857424496064148,-0.00017861751746011978,-0.0001782972577700514,-0.00017832311785758083,-0.00017868542921659216,-0.00017863089419111331,-0.00017827341337201458,-0.00017830351980570156,-0.00017886347874981055,-0.00017856318127228168,-0.00017881090176610385,-0.00017860146726386532,-0.00017873504951102577,-0.00017834509831122543,-0.00017816893524316165,-0.00017849286903666054,-0.00017872563650905786,-0.00017859615446206493,-0.00017859181394378178,-0.00017861021525104783,-0.0001783432717925433,-0.00017844621828927762,-0.00017859545727841417,-0.00017851345894014716,-0.00017853410281890746,-0.0001786781153115088,-0.00017830715502260678,-0.0001785366550480228,-0.00017829808979318143,-0.00017860095724179896,-0.0001786035600294102,-0.00017868186930214758,-0.00017812273654682363,-0.00017846953701744695,-0.00017849450169085104,-0.00017869575506916213,-0.00017847923652713967,-0.0001784427150563505,-0.00017859377090389693,-0.0001784482001570501,-0.00017857941840687458,-0.00017810845416765697,-0.00017841298151096915,-0.000178191003474851,-0.00017835029017091412,-0.0001784711445663976,-0.00017858483307290073,-0.00017852924909326422,-0.00017833048694062132,-0.00017857288741456056,-0.00017879124730091515,-0.00017875058181380328,-0.0001787241036414519,-0.00017849192261222918,-0.00017861070993075535
-0.0002916401034793634,-0.0002913032301652942,-0.0002916426248904334,-0.00029175685051155214,-0.0002913063242340813,-0.00029149632501226464,-0.00029180554373211306,-0.00029159671303689497,-0.0002916491714491149,-0.0002918156731193054,-0.0002917057489987498,-0.0002919062434516887,-0.0002915784687382674,-0.0002916816233950884,-0.00029142844860930513,-0.00029163574989753117,-0.0002917085382280505,-0.0002916750412445651,-0.0002915423047551524,-0.00029190885816058373,-0.0002915563588554155,-0.0002916648082244894,-0.00029154830850510914,-0.0002914670571103323,-0.0002917567921129312,-0.0002918467880141023,-0.0002914357698583721,-0.00029143064001644134,-0.00029190805483536646,-0.0002918999473277635,-0.0002913421168419794,-0.00029145224536701044,-0.0002921155414258218,-0.00029168911595945507,-0.00029203205675398434,-0.00029176952843278027,-0.00029190789579184966,-0.0002914723173343117,-0.00029124791728518467,-0.00029157579684934034,-0.0002918830892026723,-0.00029186105912270665,-0.00029177100928892165,-0.00029175417629984183,-0.0002914557548995524,-0.0002916235294580042,-0.00029179321978272884,-0.00029174425887832495,-0.0002916316477211473,-0.0002919780844481038,-0.0002914965427397712,-0.0002917625070721826,-0.000291433840716792,-0.00029178551522811253,-0.0002917810821805777,-0.00029195606383727337,-0.00029127532501741524,-0.0002916900238241932,-0.000291729009598446,-0.0002918170701100273,-0.0002916427765696296,-0.0002915885659638312,-0.00029184146123667433,-0.0002915499323267603,-0.0002917836602114013,-0.0002912434959196353,-0.00029154111971285224,-0.00029143481305077875,-0.0002914952695045543,-0.0002916718445189719,-0.0002917849728844755,-0.0002917129546436921,-0.00029148015285647747,-0.0002916587442045478,-0.00029206900184107693,-0.00029194809441414,-0.0002918477765183943,-0.0002916938181069512,-0.0002918101615865592
-0.0005138978372083947,-0.0005135518921400569,-0.000513972971683348,-0.0005141675790470276,-0.0005133747120739179,-0.0005137845685734661,-0.0005140901533743755,-0.0005136679152903504,-0.0005138917389744214,-0.0005140542491097876,-0.000514019887976416,-0.0005142149464945351,-0.0005137791319414888,-0.0005139349967183875,-0.0005137245453262449,-0.0005138580412980395,-0.0005139687457396476,-0.0005139164025200579,-0.000513785954916225,-0.0005141195293299884,-0.000513698126974327,-0.0005139561201665149,-0.0005137993367636815,-0.0005136437002825781,-0.0005139990375183518,-0.0005141900277107956,-0.0005136681782937902,-0.0005136414247322223,-0.0005142485941701685,-0.0005143206571225256,-0.0005135120846355335,-0.0005136848283369288,-0.0005144608605304407,-0.0005138478647065698,-0.0005142892509903597,-0.0005140194013554663,-0.000514094463501601,-0.0005136918818349748,-0.0005134398089011779,-0.0005136992003670286,-0.000514034878529648,-0.0005142045291218092,-0.0005140205899867529,-0.000513931460709286,-0.0005137423486656215,-0.0005139225575887232,-0.0005140420775013609,-0.000514070983049612,-0.0005137526667126605,-0.000514378673116255,-0.0005137563103268517,-0.0005141586994072936,-0.0005136979821510907,-0.0005140381625146575,-0.0005140905811243381,-0.0005143139870884591,-0.0005135254418023116,-0.0005140181571226851,-0.0005140892707484739,-0.0005138838877130397,-0.0005139497887133584,-0.0005138049853745891,-0.0005142595117019451,-0.0005137792933272362,-0.000514119857652191,-0.0005135753767043604,-0.000513741737090955,-0.0005138414232842188,-0.0005137738196717536,-0.0005139900064861792,-0.000514044488028666,-0.0005140390855210434,-0.0005137192497216263,-0.0005137980506227939,-0.000514476438770773,-0.0005142284432544221,-0.0005139954142538163,-0.0005140100185905892,-0.000514110092365119
-0.0010250819496600044,-0.0010247839783466633,-0.0010252476415319154,-0.0010257192747567976,-0.001024349959714128,-0.001025143490758372,-0.0010253692610907518,-0.0010245550198591169,-0.0010250572791521478,-0.001025127477414393,-0.0010253254834352988,-0.0010255329795499733,-0.0010248926864042344,-0.001025219532264399,-0.0010249893857305608,-0.0010250665638201289,-0.0010253016391643464,-0.0010251789530710972,-0.0010250442630402195,-0.0010252681012448786,-0.0010247688697496184,-0.0010254018704858327,-0.0010249433552952957,-0.0010246816538067526,-0.001025172993301056,-0.0010254222933170048,-0.0010248821492491427,-0.0010247849958825,-0.0010256163373122767,-0.0010258416222934876,-0.0010246775806634387,-0.0010249015743862323,-0.0010258228401276723,-0.0010249055216552262,-0.001025496382946009,-0.0010253128497651257,-0.0010251334538455236,-0.0010249123148890053,-0.0010248145691386114,-0.001024735456567521,-0.0010250054902591417,-0.0010254514925800734,-0.0010251926746859385,-0.0010250614474625994,-0.0010250725695207887,-0.0010251690967505174,-0.0010252307223846723,-0.001025294444890542,-0.0010248454815367982,-0.0010256624203475878,-0.0010251117470625654,-0.0010256420530592835,-0.0010250108764814265,-0.0010252418355815713,-0.0010254652035812475,-0.0010256042218383609,-0.00102483989420375,-0.0010253761428440395,-0.0010253845469039454,-0.0010247385492688213,-0.0010252573271429413,-0.001024998848151026,-0.0010257734309115673,-0.0010251241561605672,-0.0010254411962706922,-0.0010250481992848742,-0.0010248662540265296,-0.0010253041835782194,-0.0010250486474413822,-0.0010253670034983363,-0.001025171406116077,-0.0010253626127225983,-0.0010248608168081362,-0.0010249949938119754,-0.0010259256856245918,-0.001025445825219354,-0.0010249840570434863,-0.0010253264634249716,-0.001025316024083533
-0.0025237120328412575,-0.002523642407202213,-0.002524014762515826,-0.002525126031487625,-0.0025229455698637347,-0.0025239548425019416,-0.0025243577101434793,-0.0025230390874921814,-0.002523688089218306,-0.0025237926712196263,-0.0025241609107417694,-0.0025244047713757246,-0.002523557883280105,-0.0025240801209541587,-0.0025239269319621994,-0.0025238698565743893,-0.0025245284815355058,-0.002524106022387812,-0.002524008041494807,-0.0025239980453231046,-0.002523394833157025,-0.0025247260743316586,-0.0025235746456241516,-0.0025234259969691333,-0.0025237497618239672,-0.00252410317624472,-0.0025240118081436605,-0.0025233722587065088,-0.0025245453921387915,-0.0025250851584936677,-0.002523574921152648,-0.002523790653594118,-0.002524738639381102,-0.0025236743885121695,-0.0025242482734029923,-0.0025243221299941655,-0.002523720102837233,-0.0025236627878980596,-0.002524152520891923,-0.002523298877307089,-0.0025234486708413705,-0.0025239569354654516,-0.0025238602391693334,-0.002523906801701763,-0.002524048485884797,-0.0025237269039043476,-0.002524056158005831,-0.002523901535642309,-0.0025237171518191995,-0.002524300458675978,-0.0025242178700725067,-0.0025252047044494576,-0.0025239397687767838,-0.0025238860835493943,-0.002524713147668398,-0.002524379791427931,-0.002523875533390399,-0.0025245647602847978,-0.002524289113703393,-0.002523009298815759,-0.0025242377685655484,-0.0025237320556010107,-0.0025248058861487756,-0.002524074522743162,-0.0025243614829038308,-0.0025242446687934396,-0.00252333143813528,-0.0025242024739840687,-0.002523850234718492,-0.0025243233906059124,-0.0025237865073913274,-0.0025240987638466684,-0.0025234471713091976,-0.002523865986920852,-0.0025249780888672033,-0.002523928109828062,-0.0025232951307094975,-0.0025240951619899736,-0.002523997193546194
-0.00867727198799527,-0.008677409733544703,-0.008677703800061536,-0.008679398682952446,-0.00867627276599628,-0.008677284390646444,-0.008678697421140559,-0.008677312000764294,-0.008676900784163357,-0.008677680868953992,-0.008677511167315305,-0.0086777744605791,-0.008677098105850135,-0.008677731494755479,-0.0086776476564031,-0.008677790310085273,-0.008678465046584302,-0.008677788942973039,-0.008677606883893038,-0.008677173522235002,-0.008676467030766247,-0.008678892548388516,-0.008676706828233089,-0.008677187983862418,-0.008676754575697866,-0.008677942866944035,-0.008677725293352163,-0.008676940822300663,-0.008678143054840135,-0.008678507310912568,-0.0086777716098561,-0.008677837947516427,-0.008677471260585268,-0.008677337107104954,-0.008677520428441072,-0.00867812797851245,-0.008676838792915722,-0.00867728991073241,-0.008679258934024001,-0.008675986405934259,-0.008677569758937718,-0.008676980142165306,-0.008677594117002774,-0.008677320932985857,-0.008677388996369936,-0.00867682050168765,-0.008677963796810646,-0.00867694161199295,-0.008676883518126025,-0.008677572780656543,-0.008678196776945183,-0.008680424658677651,-0.008676999935894401,-0.008677100522154958,-0.00867881826492153,-0.008678118189629797,-0.00867809809854786,-0.008679073367414435,-0.008677964053490014,-0.008675987525606582,-0.008678046057811644,-0.00867727111482408,-0.008678415424918049,-0.008678255959685327,-0.00867816516280984,-0.008678105817727672,-0.008676464864062754,-0.008677085166852184,-0.008677326239750576,-0.008677655216173289,-0.008677340313347142,-0.008677622123829143,-0.008677047653326123,-0.00867751566416686,-0.008678183631982212,-0.00867663479425261,-0.008676169277855788,-0.008677151435809822,-0.008677564222301226
-0.04621428504733984,-0.04621619412901676,-0.04621609946103797,-0.04621521494317592,-0.04621538077622926,-0.04621516123890519,-0.04621541902948029,-0.04621672114302898,-0.04621680955620311,-0.046218199634057044,-0.0462171278105459,-0.04621151512747283,-0.046215906061300036,-0.04621448500150645,-0.046214700166056305,-0.04621515961451453,-0.04621706745522876,-0.046214556222811315,-0.04621449659034678,-0.04621491708246547,-0.04621374727696423,-0.04621592999690935,-0.04621242269385466,-0.04621509429830592,-0.046212293051739475,-0.046214549127163336,-0.04621434720697731,-0.04621365831051791,-0.04621526442719055,-0.04621333095807022,-0.046216948317024345,-0.04621635969100922,-0.046211029232181206,-0.0462155030962781,-0.046212625382395595,-0.04621549231274115,-0.04621134220932509,-0.046218441412714834,-0.046216888071576825,-0.04621327040380745,-0.04621615384364934,-0.04621411849083914,-0.04621539739389105,-0.046213785168330454,-0.04621480872609937,-0.04621380826744444,-0.04621660520151296,-0.04621317547810815,-0.04621331628741708,-0.04621351004831126,-0.046215573283642404,-0.04622122726405423,-0.046212129058492216,-0.04621450600766115,-0.046216757818060866,-0.046214843009428366,-0.0462160680293993,-0.04621844340071714,-0.0462149678275183,-0.04621683099586282,-0.04621565466700107,-0.046213897037913565,-0.04621541050267633,-0.046215936047957144,-0.0462154334285195,-0.04621501869003118,-0.04621561844139441,-0.04621501446341508,-0.04621405380271271,-0.046214901531303115,-0.04621426083147269,-0.046219026521445515,-0.04621599834555441,-0.04621420999453427,-0.04621339712362607,-0.04621205566553156,-0.04621335184957309,-0.04621277750407814,-0.046214307572994134
