-0.0667892311447572,-0.06678906991951,-0.06678734426912558,-0.06679624568146186,-0.06677908953478263,-0.06679594739860203,-0.06679786957053567,-0.0667770484923857,-0.0668124915637508,-0.06678708828503793,-0.0667868447385341,-0.0667864375768484,-0.06678545884286402,-0.06679499083266956,-0.06679396112793333,-0.06679200304964718,-0.06677575001257681,-0.06677746611588982,-0.06677930196227001,-0.06679997171227482,-0.06678317522182459,-0.06680644022286293,-0.06678481964474108,-0.06679766905495518,-0.06679377147441808,-0.06678565760099345,-0.06680092488424083,-0.06679342839177652,-0.06672687653696904,-0.06677592198222505,-0.06678244613765455,-0.06679453681803126,-0.06678422840454204,-0.06681412352487696,-0.06679773172123385,-0.06678612860493793,-0.06677372753444037,-0.06681495452616458,-0.066788970164017,-0.06677438052621554,-0.06678269371462187,-0.06680518672807718,-0.06677533481042902,-0.06678645931598969,-0.06679433988722655,-0.06679851121723265,-0.06678157199879145,-0.06682407323470929
0.02673918217488124,0.02674371460263633,0.02674386329779694,0.026744882268108505,0.026742414735349242,0.026744874105126753,0.026743889041791695,0.026742966641933447,0.02674184708584209,0.026752595714464818,0.026741601981184342,0.02674548421754514,0.02674550779193125,0.02674907744620803,0.02673983864756032,0.026748355529183976,0.026741737872980932,0.026746048606283396,0.02674255640199292,0.026746158612741284,0.026747876731478007,0.026745670602912913,0.026743340259164666,0.026750241191924894,0.026745778950568795,0.026740749832852483,0.026744586036569193,0.02674279142519764,0.026794434012182407,0.026747986378503424,0.02674865966110236,0.026742505525733054,0.026741766523088815,0.026748733869308976,0.026738124431405285,0.02674462431580206,0.026746100567095837,0.026748932252091837,0.026740464798616654,0.02674854864075483,0.02675131142470205,0.026748705166735727,0.02674536072352813,0.026737800729011878,0.026741576156790577,0.026741010054173377,0.02673887721262734,0.026749591204312622
0.004440731357807048,0.004442270068309683,0.004441611758426096,0.004444177855586016,0.004442805983546952,0.004443170248197898,0.004442126577634398,0.004444879270869491,0.00444073349726393,0.004445943585307471,0.004441401767898331,0.004443040448660314,0.0044437650990476075,0.004445791441101867,0.004441733727809431,0.004443487960890016,0.004442076428458182,0.004443289721879653,0.004442452153509992,0.00444425172275327,0.0044485322432818225,0.004445334966338827,0.004443273032067755,0.004443129880800512,0.004445257876172239,0.004441224582817624,0.0044423946538914945,0.004443298016580315,0.004470945608222375,0.00444569282353413,0.0044457104575459875,0.004443106493388018,0.0044429794492788655,0.0044423484122788435,0.004440431856376143,0.004442760001912369,0.004446135091757276,0.00444519838391858,0.004440230546389516,0.00444544509768489,0.004448745437369001,0.00444581332162289,0.004443521628104706,0.004440146046444609,0.004441130220456719,0.0044408506234236145,0.004441357616970296,0.004444634730137112
0.0011366954877516816,0.001136806835178633,0.0011359340178098004,0.0011376512507030247,0.0011367416808700955,0.0011375985890274254,0.0011367061984949222,0.0011382843019431552,0.0011356307029305862,0.0011395977749676124,0.001136471232067484,0.0011368482810322814,0.0011374911318973063,0.001138631450735666,0.0011368431992754974,0.0011367054231858197,0.0011372124769076872,0.001136998045374917,0.0011379377756578803,0.0011380469065241949,0.0011421794853952415,0.0011388475199980573,0.0011373682820002436,0.001136742454300062,0.0011380239786270298,0.001136295194291169,0.0011367180762190312,0.0011372684076174045,0.0011518815167467214,0.0011387666273614257,0.0011389175477389893,0.0011379667923871978,0.0011372787486544419,0.0011366365220668796,0.001136242649155904,0.0011370310586177657,0.0011387849784644595,0.0011380495613321105,0.0011364372856902658,0.0011390226366190363,0.0011421640834380635,0.0011393476672899347,0.0011377454839654015,0.0011361880446449273,0.0011363281585248914,0.0011358117310979686,0.001136244628057669,0.0011377404597382205
0.00040703298051271734,0.0004065167859992829,0.0004059010460730338,0.0004066015397461561,0.00040628999149796945,0.0004071788393628309,0.000406433163910805,0.0004072949868528069,0.00040579892853563496,0.00040865652676144726,0.0004064137286761552,0.00040634221274805823,0.0004070087362868784,0.00040769363613939256,0.00040731100347680727,0.0004064075985005059,0.00040714778188980687,0.00040667493401514506,0.00040732341816425156,0.0004077118745826799,0.0004107315275401187,0.00040791277789208166,0.00040648531187599134,0.00040646788011379996,0.0004072116509132597,0.0004060827932896465,0.0004067440094721447,0.00040695359567821253,0.00041374632796910163,0.00040798256376922806,0.00040828402964412827,0.0004079749445686778,0.00040680659381251257,0.0004063873219596826,0.0004063401468130683,0.0004064529819373671,0.00040734325184752505,0.00040661259729426,0.00040651334001768995,0.0004080507287946509,0.0004110432834320894,0.0004087197091007183,0.00040764231047499364,0.0004064095835228705,0.0004063992541667431,0.00040602727646728623,0.00040616843237741213,0.0004069685903114839
0.00017829668748105547,0.0001776004348572205,0.0001771193988712571,0.0001773980946941891,0.00017731814974758202,0.00017787349345119976,0.00017713878997837967,0.00017805806552892485,0.00017719237712691575,0.00017911154219958362,0.00017743198440142835,0.00017730024397015552,0.00017774420864539602,0.0001779739622250181,0.00017856592092089225,0.00017755702062633192,0.00017829812618310107,0.000177753315532748,0.0001776633098900089,0.0001788609274556219,0.00018105942409217445,0.00017861461806714996,0.0001771041510000996,0.00017766483830438594,0.00017802972017417787,0.00017730108553750345,0.00017782839972707646,0.00017801390330157626,0.00018275238769473997,0.0001786158193919226,0.0001793745308609153,0.00017920478129556468,0.00017778504522391144,0.00017753666993932532,0.00017761143523713652,0.0001773530053591167,0.0001778514713293329,0.00017712989328894866,0.0001775960720386737,0.00017861226259206162,0.00018098343759729858,0.00017970563319937228,0.00017862278524906689,0.0001773265173731479,0.00017762060063829076,0.00017732658984049378,0.00017737779128122944,0.00017767065211495546
0.0000862276510082086,0.0000854734070975501,0.00008523056134571592,0.00008514202604881422,0.00008523599977187457,0.00008568564118827022,0.00008475471078479827,0.00008598951330935397,0.00008527096666030554,0.00008659700656089182,0.00008531032594264926,0.00008520293856647999,0.0000854324351595255,0.00008502663822685556,0.00008643832490570668,0.00008562461433245514,0.00008620218832491946,0.00008568019339655025,0.0000850676043969796,0.00008699018256811069,0.00008840701484932889,0.00008630205379553911,0.00008500582598823047,0.00008563761641865739,0.0000858459162935232,0.00008543466429385234,0.00008564998773795692,0.00008592740985908153,0.0000920413905342819,0.00008600042251787162,0.00008688842363914609,0.00008696323776053724,0.00008563312388514986,0.00008549840976485295,0.00008565139372425697,0.0000852387113268496,0.00008567929774528575,0.00008498998426719398,0.00008529012166716828,0.00008616975444331097,0.0000877503814556919,0.00008733069978323535,0.00008612545998387653,0.00008527427289948508,0.00008544976195758974,0.00008540025631140343,0.00008538979603541131,0.00008544554039823321
0.000044959541075797544,0.000044257944262012555,0.00004421550915954826,0.00004389264625915515,0.00004405322450275294,0.000044458388516996685,0.000043498542620819875,0.00004491295992516298,0.00004419461077144321,0.000045104518900690415,0.00004414266154303808,0.0000440252757061463,0.00004410148421700832,0.00004333186378519216,0.00004509731272302538,0.00004450722516484174,0.000045058848647496855,0.000044541649204436235,0.00004363619840417483,0.00004626807678484343,0.00004642184336204274,0.000044948931015779035,0.00004393604996010519,0.00004440437359664628,0.00004454106910273512,0.00004433942922671348,0.00004444114165627864,0.00004464490293690468,0.000050808924100796514,0.000044530234530654075,0.0000452591917820139,0.00004533388333919688,0.00004438588293573119,0.000044336647376065315,0.000044429809887247575,0.00004406124481331481,0.000044420019929057656,0.000044006965497928445,0.00004394638034541974,0.00004480742768973499,0.00004571494957598187,0.00004558421300857279,0.00004455304994510318,0.000044395614521054605,0.000044182629124443355,0.000044224520131529266,0.00004434353113044673,0.00004406896553407607
0.000025526817428014728,0.000024949789384759884,0.000025053756171718156,0.000024660447736339765,0.000024848104181709836,0.000025088606622370698,0.00002427874956373892,0.0000257166118274508,0.00002501703975163713,0.00002556953934921858,0.00002488659127695442,0.00002477338622286643,0.000024627382507026026,0.000024096030461562358,0.00002557598116154594,0.000025282427812918717,0.000025738335083387496,0.0000252960564786821,0.00002456351774676642,0.000027495994524672197,0.000026518462277872858,0.00002551408359889703,0.00002472389889446654,0.000025045487049033423,0.000025202581202470944,0.00002505984312660457,0.000025096644870682426,0.000025381897602006075,0.000029439646455272573,0.00002517520436743016,0.00002562221240505046,0.000025502405171042646,0.000025062753549739295,0.000025042364059633705,0.000025099043260687006,0.000024844162071206368,0.00002518781255424172,0.000025012441915085743,0.000024578733837117328,0.00002539532393654547,0.00002572839153462602,0.000025932067413624313,0.00002506857139526598,0.00002543964873342754,0.000024938555205567695,0.000024819605709171497,0.000025138361028934662,0.000024716406228586057
0.000014131203944448554,0.000013804565584464007,0.000013997237968937853,0.000013605662675274991,0.000013847012633497104,0.000013926972204541039,0.000013160830047502199,0.000014667835609352527,0.000013945838454197266,0.000014137088675125558,0.000013783401900188656,0.000013670706633101421,0.000013393753879046813,0.00001305367694811141,0.000014193069933969156,0.000014165603032935833,0.000014663389025822087,0.000014112692079891127,0.000013838855022885293,0.000016575750297515384,0.000014845743726665539,0.000014285597297975836,0.000013549810325409637,0.000013813845608884638,0.000014103942557904658,0.000013971969812833712,0.000013979459897762365,0.000014328948846746815,0.000017528670537904758,0.00001405531519150836,0.000014406572291724268,0.00001404681665134713,0.000013932484671757655,0.000013966303275839393,0.00001392039760987774,0.000013823458297382918,0.000013886271245083081,0.000014226609278053993,0.000013348189912677901,0.000014075141093538247,0.00001412882124058769,0.000014681747098185437,0.000013829654357673626,0.00001436511203816429,0.000013895719290642251,0.000013640285002133867,0.000013988595284547596,0.000013618765019163419
6.665772052303376e-6,6.654189922958242e-6,6.815969543498682e-6,6.512152981319378e-6,6.725975242461976e-6,6.736745025383015e-6,5.990243821935105e-6,7.453332662783889e-6,6.720661929568197e-6,6.744773620741107e-6,6.6524755007433425e-6,6.474021224300931e-6,6.252503801530432e-6,5.929828673234391e-6,6.752262632145019e-6,6.9849408006491834e-6,7.66849579536949e-6,6.798869949032879e-6,7.001595892595769e-6,9.091628693113462e-6,6.997935509813169e-6,7.068988423185184e-6,6.3041399523984185e-6,6.5271642312131265e-6,6.9640892797808175e-6,6.84812587218239e-6,6.836801003707978e-6,7.172901275334837e-6,0.000010447519176636356,6.995027825852502e-6,7.250157287708588e-6,6.818521437104219e-6,6.728946000421507e-6,6.8459107145117685e-6,6.676991189829998e-6,6.670923243351963e-6,6.534218943440737e-6,7.123528843628846e-6,6.149070003906512e-6,6.74413235741596e-6,6.70253594803179e-6,7.341922917972212e-6,6.582654961050184e-6,7.225768625481174e-6,6.7384522622282845e-6,6.419129449330189e-6,6.751961634716894e-6,6.598586208872477e-6
1.973852696024852e-6,2.210424698856721e-6,2.300599774419546e-6,1.969014600335531e-6,2.1894809065348784e-6,2.2837030235479777e-6,1.52116649456439e-6,2.801887521617909e-6,2.1342753339970304e-6,2.1106422229129506e-6,2.1508650031463468e-6,1.9403440347819323e-6,1.8355548598693265e-6,1.3604868291483927e-6,2.0799463968619335e-6,2.4159595344813453e-6,3.28717840277505e-6,2.097339632653213e-6,2.659460970839099e-6,4.018916369636498e-6,1.9497632636727608e-6,2.5041224033228732e-6,1.8088950988413953e-6,1.9380859140075323e-6,2.4193475830701676e-6,2.304786280157723e-6,2.379593506394248e-6,2.746605770000253e-6,5.846289476782207e-6,2.5381654787802825e-6,2.9049772907790142e-6,2.161683130982584e-6,2.1637137573675343e-6,2.3256818147504758e-6,2.0510381678972065e-6,2.159454581566032e-6,1.943095249959509e-6,2.6806921597604688e-6,1.631333640922855e-6,2.2038788673755595e-6,2.0592706468402266e-6,2.571222294602295e-6,1.9614459192059436e-6,2.748415519253469e-6,2.228912773195039e-6,1.873209301167978e-6,2.2029228097493863e-6,2.320966507633735e-6
-4.3017813908877766e-7,-1.712918769686725e-7,-9.104042084896221e-8,-4.5390450970765765e-7,-2.506790669260557e-7,-3.022308355293223e-8,-7.704617332669531e-7,1.2116993508809407e-7,-2.586980653150427e-7,-3.9540903635609584e-7,-3.052788256912331e-7,-4.83964998902923e-7,-5.328503861063694e-7,-9.729121904652439e-7,-4.834031447460559e-7,-3.960857967550232e-8,8.785681397298685e-7,-4.81121112270513e-7,8.138742512386395e-8,1.1971479669810792e-6,-8.176000940607235e-7,7.418887809384591e-8,-5.692334379375241e-7,-5.167189877169317e-7,-1.3651956769402473e-7,-1.9081624093371785e-7,3.887578240265256e-9,3.796474644756043e-7,3.1398641881465413e-6,3.484167676960403e-8,4.957908790395611e-7,-5.012236214502535e-8,-3.0362965485775145e-7,-1.0005302213056521e-7,-4.583814914369606e-7,-2.5832098672368317e-7,-6.287270154168531e-7,3.51571128995398e-7,-7.287903524284821e-7,-1.8809762790290654e-7,-4.2291496284839547e-7,-1.1850717714564975e-7,-5.492532876881601e-7,4.136860851291829e-7,-2.011397828487924e-7,-4.6823753550897693e-7,-1.8578973665230263e-7,7.282471255253932e-8
-1.5024991673536096e-6,-1.3632044187617385e-6,-1.2849813191317777e-6,-1.6310607052410406e-6,-1.4872082990314174e-6,-1.1157208064626613e-6,-1.8165733661738373e-6,-1.2396246424608276e-6,-1.4316218113236682e-6,-1.597516998798119e-6,-1.5389104834436469e-6,-1.679024498364084e-6,-1.7776564761295427e-6,-2.0220534682342743e-6,-1.8031097933031967e-6,-1.2604078388121205e-6,-3.686701466836639e-7,-1.8573554217992567e-6,-1.3965480429285096e-6,-3.860595965314225e-7,-2.3054498963647567e-6,-1.1103542061722908e-6,-1.7793294862757644e-6,-1.7502469887760948e-6,-1.516958642977389e-6,-1.433320064105821e-6,-1.089803740764092e-6,-8.613670227331819e-7,1.1784083187556757e-6,-1.2975372722012567e-6,-7.311728255931715e-7,-8.693205381398566e-7,-1.5730442075402956e-6,-1.3109679238038678e-6,-1.702791481685286e-6,-1.4632595417278843e-6,-2.0274808804820254e-6,-9.470552811263905e-7,-1.8351264402503226e-6,-1.3510865471040162e-6,-1.6513953958470358e-6,-1.5138531724396063e-6,-1.859773454768934e-6,-7.133659501217878e-7,-1.3787821387788714e-6,-1.5157298867629907e-6,-1.4039641085844195e-6,-1.1079934246769446e-6
-2.142864806184585e-6,-2.0468115650195173e-6,-1.980664552084567e-6,-2.3181747183390496e-6,-2.2317371895071104e-6,-1.7182281277134618e-6,-2.3808131794827908e-6,-1.9510352974443874e-6,-2.1494645160539407e-6,-2.240286742431331e-6,-2.2200096065931495e-6,-2.4459283899993114e-6,-2.5500236647547127e-6,-2.6978146303319447e-6,-2.5361848285221314e-6,-1.9663028311168795e-6,-1.2918646107808846e-6,-2.7417208436923654e-6,-2.295521377674193e-6,-1.4382733942271561e-6,-3.106609442590039e-6,-1.81707780872054e-6,-2.503111136201649e-6,-2.458416188783794e-6,-2.3965485750383363e-6,-2.120697677686967e-6,-1.7532581488257987e-6,-1.5230966338104537e-6,-1.725366788261448e-7,-2.041433612567692e-6,-1.3998069593574823e-6,-1.2362261837347078e-6,-2.349923808089181e-6,-2.119036562633599e-6,-2.40018097479447e-6,-2.1567585603579467e-6,-2.8254552086383397e-6,-1.820268661955546e-6,-2.4351272784876824e-6,-2.093268346819963e-6,-2.3254133840866253e-6,-2.3831127032463453e-6,-2.5888395282531476e-6,-1.3470017747202726e-6,-2.0430902024820903e-6,-2.1015489624995026e-6,-2.1506433109438856e-6,-1.9561603655389926e-6
-1.4884489193927367e-6,-1.508737252427826e-6,-1.3772380523502279e-6,-1.695174978370514e-6,-1.6395476479100118e-6,-1.1275618487472191e-6,-1.6972492035060995e-6,-1.4153860434949484e-6,-1.5648833902967713e-6,-1.5873258531867103e-6,-1.586607410599417e-6,-1.908180783568634e-6,-1.9714972823572588e-6,-2.1693119303224134e-6,-1.959261628379609e-6,-1.3722656931853367e-6,-8.655384241463682e-7,-2.2890975338268563e-6,-1.8266850247980085e-6,-9.920964542134657e-7,-2.5276263080715293e-6,-1.2686893265265096e-6,-1.932418307207806e-6,-1.8383515970310576e-6,-1.913541832780658e-6,-1.4925172317524685e-6,-1.1545547840220561e-6,-8.473841859533059e-7,-7.26284428243296e-8,-1.5101996773957293e-6,-7.284221130730625e-7,-6.114526258215756e-7,-1.7791987813988117e-6,-1.6064793750956948e-6,-1.7947806280138572e-6,-1.5445141021001535e-6,-2.2493581611791413e-6,-1.306277017213006e-6,-1.8012403326886223e-6,-1.5084061252023745e-6,-1.6846025589655012e-6,-1.8984117355739286e-6,-2.0145238674762415e-6,-6.408797521995717e-7,-1.4078446599078141e-6,-1.4118637718529532e-6,-1.5721584304385483e-6,-1.5200178588393716e-6
-9.236564593716845e-7,-9.825344557838312e-7,-8.539320320047425e-7,-1.1557777615250346e-6,-1.1077251095442182e-6,-6.350653331803252e-7,-1.1275340178812758e-6,-8.994201144942179e-7,-1.031067291802244e-6,-1.0502345479989737e-6,-1.0459630637583532e-6,-1.4041993638301066e-6,-1.4241260239545889e-6,-1.6527426349974805e-6,-1.427969314677211e-6,-8.438739760088019e-7,-3.811739740451416e-7,-1.8219816200278355e-6,-1.3080978114574084e-6,-5.489222854768654e-7,-2.0180078998342317e-6,-7.814267975453331e-7,-1.419607671240874e-6,-1.3013114739788727e-6,-1.4405089180790324e-6,-9.482264002875304e-7,-6.20091098839802e-7,-3.252009946868015e-7,8.069202682915312e-8,-1.0205486725640951e-6,-1.633870849085315e-7,-1.0333693320995493e-7,-1.2567539195867414e-6,-1.1049209464906794e-6,-1.2713479398004548e-6,-1.0125720547600163e-6,-1.7194121553808247e-6,-8.278964799735379e-7,-1.257556238539799e-6,-9.741996900722045e-7,-1.1405472631965834e-6,-1.4450030525491558e-6,-1.4767425591410004e-6,-3.543456095737155e-8,-8.78166638306355e-7,-8.020815226775984e-7,-1.0364386692736655e-6,-1.0402725399438508e-6
-1.4884489193927367e-6,-1.508737252427826e-6,-1.3772380523502279e-6,-1.695174978370514e-6,-1.6395476479100118e-6,-1.1275618487472191e-6,-1.6972492035060995e-6,-1.4153860434949484e-6,-1.5648833902967713e-6,-1.5873258531867103e-6,-1.586607410599417e-6,-1.908180783568634e-6,-1.9714972823572588e-6,-2.1693119303224134e-6,-1.959261628379609e-6,-1.3722656931853367e-6,-8.655384241463682e-7,-2.2890975338268563e-6,-1.8266850247980085e-6,-9.920964542134657e-7,-2.5276263080715293e-6,-1.2686893265265096e-6,-1.932418307207806e-6,-1.8383515970310576e-6,-1.913541832780658e-6,-1.4925172317524685e-6,-1.1545547840220561e-6,-8.473841859533059e-7,-7.26284428243296e-8,-1.5101996773957293e-6,-7.284221130730625e-7,-6.114526258215756e-7,-1.7791987813988117e-6,-1.6064793750956948e-6,-1.7947806280138572e-6,-1.5445141021001535e-6,-2.2493581611791413e-6,-1.306277017213006e-6,-1.8012403326886223e-6,-1.5084061252023745e-6,-1.6846025589655012e-6,-1.8984117355739286e-6,-2.0145238674762415e-6,-6.408797521995717e-7,-1.4078446599078141e-6,-1.4118637718529532e-6,-1.5721584304385483e-6,-1.5200178588393716e-6
-2.142864806184585e-6,-2.0468115650195173e-6,-1.980664552084567e-6,-2.3181747183390496e-6,-2.2317371895071104e-6,-1.7182281277134618e-6,-2.3808131794827908e-6,-1.9510352974443874e-6,-2.1494645160539407e-6,-2.240286742431331e-6,-2.2200096065931495e-6,-2.4459283899993114e-6,-2.5500236647547127e-6,-2.6978146303319447e-6,-2.5361848285221314e-6,-1.9663028311168795e-6,-1.2918646107808846e-6,-2.7417208436923654e-6,-2.295521377674193e-6,-1.4382733942271561e-6,-3.106609442590039e-6,-1.81707780872054e-6,-2.503111136201649e-6,-2.458416188783794e-6,-2.3965485750383363e-6,-2.120697677686967e-6,-1.7532581488257987e-6,-1.5230966338104537e-6,-1.725366788261448e-7,-2.041433612567692e-6,-1.3998069593574823e-6,-1.2362261837347078e-6,-2.349923808089181e-6,-2.119036562633599e-6,-2.40018097479447e-6,-2.1567585603579467e-6,-2.8254552086383397e-6,-1.820268661955546e-6,-2.4351272784876824e-6,-2.093268346819963e-6,-2.3254133840866253e-6,-2.3831127032463453e-6,-2.5888395282531476e-6,-1.3470017747202726e-6,-2.0430902024820903e-6,-2.1015489624995026e-6,-2.1506433109438856e-6,-1.9561603655389926e-6
-1.5024991673536096e-6,-1.3632044187617385e-6,-1.2849813191317777e-6,-1.6310607052410406e-6,-1.4872082990314174e-6,-1.1157208064626613e-6,-1.8165733661738373e-6,-1.2396246424608276e-6,-1.4316218113236682e-6,-1.597516998798119e-6,-1.5389104834436469e-6,-1.679024498364084e-6,-1.7776564761295427e-6,-2.0220534682342743e-6,-1.8031097933031967e-6,-1.2604078388121205e-6,-3.686701466836639e-7,-1.8573554217992567e-6,-1.3965480429285096e-6,-3.860595965314225e-7,-2.3054498963647567e-6,-1.1103542061722908e-6,-1.7793294862757644e-6,-1.7502469887760948e-6,-1.516958642977389e-6,-1.433320064105821e-6,-1.089803740764092e-6,-8.613670227331819e-7,1.1784083187556757e-6,-1.2975372722012567e-6,-7.311728255931715e-7,-8.693205381398566e-7,-1.5730442075402956e-6,-1.3109679238038678e-6,-1.702791481685286e-6,-1.4632595417278843e-6,-2.0274808804820254e-6,-9.470552811263905e-7,-1.8351264402503226e-6,-1.3510865471040162e-6,-1.6513953958470358e-6,-1.5138531724396063e-6,-1.859773454768934e-6,-7.133659501217878e-7,-1.3787821387788714e-6,-1.5157298867629907e-6,-1.4039641085844195e-6,-1.1079934246769446e-6
-4.3017813908877766e-7,-1.712918769686725e-7,-9.104042084896221e-8,-4.5390450970765765e-7,-2.506790669260557e-7,-3.022308355293223e-8,-7.704617332669531e-7,1.2116993508809407e-7,-2.586980653150427e-7,-3.9540903635609584e-7,-3.052788256912331e-7,-4.83964998902923e-7,-5.328503861063694e-7,-9.729121904652439e-7,-4.834031447460559e-7,-3.960857967550232e-8,8.785681397298685e-7,-4.81121112270513e-7,8.138742512386395e-8,1.1971479669810792e-6,-8.176000940607235e-7,7.418887809384591e-8,-5.692334379375241e-7,-5.167189877169317e-7,-1.3651956769402473e-7,-1.9081624093371785e-7,3.887578240265256e-9,3.796474644756043e-7,3.1398641881465413e-6,3.484167676960403e-8,4.957908790395611e-7,-5.012236214502535e-8,-3.0362965485775145e-7,-1.0005302213056521e-7,-4.583814914369606e-7,-2.5832098672368317e-7,-6.287270154168531e-7,3.51571128995398e-7,-7.287903524284821e-7,-1.8809762790290654e-7,-4.2291496284839547e-7,-1.1850717714564975e-7,-5.492532876881601e-7,4.136860851291829e-7,-2.011397828487924e-7,-4.6823753550897693e-7,-1.8578973665230263e-7,7.282471255253932e-8
1.973852696024852e-6,2.210424698856721e-6,2.300599774419546e-6,1.969014600335531e-6,2.1894809065348784e-6,2.2837030235479777e-6,1.52116649456439e-6,2.801887521617909e-6,2.1342753339970304e-6,2.1106422229129506e-6,2.1508650031463468e-6,1.9403440347819323e-6,1.8355548598693265e-6,1.3604868291483927e-6,2.0799463968619335e-6,2.4159595344813453e-6,3.28717840277505e-6,2.097339632653213e-6,2.659460970839099e-6,4.018916369636498e-6,1.9497632636727608e-6,2.5041224033228732e-6,1.8088950988413953e-6,1.9380859140075323e-6,2.4193475830701676e-6,2.304786280157723e-6,2.379593506394248e-6,2.746605770000253e-6,5.846289476782207e-6,2.5381654787802825e-6,2.9049772907790142e-6,2.161683130982584e-6,2.1637137573675343e-6,2.3256818147504758e-6,2.0510381678972065e-6,2.159454581566032e-6,1.943095249959509e-6,2.6806921597604688e-6,1.631333640922855e-6,2.2038788673755595e-6,2.0592706468402266e-6,2.571222294602295e-6,1.9614459192059436e-6,2.748415519253469e-6,2.228912773195039e-6,1.873209301167978e-6,2.2029228097493863e-6,2.320966507633735e-6
6.665772052303376e-6,6.654189922958242e-6,6.815969543498682e-6,6.512152981319378e-6,6.725975242461976e-6,6.736745025383015e-6,5.990243821935105e-6,7.453332662783889e-6,6.720661929568197e-6,6.744773620741107e-6,6.6524755007433425e-6,6.474021224300931e-6,6.252503801530432e-6,5.929828673234391e-6,6.752262632145019e-6,6.9849408006491834e-6,7.66849579536949e-6,6.798869949032879e-6,7.001595892595769e-6,9.091628693113462e-6,6.997935509813169e-6,7.068988423185184e-6,6.3041399523984185e-6,6.5271642312131265e-6,6.9640892797808175e-6,6.84812587218239e-6,6.836801003707978e-6,7.172901275334837e-6,0.000010447519176636356,6.995027825852502e-6,7.250157287708588e-6,6.818521437104219e-6,6.728946000421507e-6,6.8459107145117685e-6,6.676991189829998e-6,6.670923243351963e-6,6.534218943440737e-6,7.123528843628846e-6,6.149070003906512e-6,6.74413235741596e-6,6.70253594803179e-6,7.341922917972212e-6,6.582654961050184e-6,7.225768625481174e-6,6.7384522622282845e-6,6.419129449330189e-6,6.751961634716894e-6,6.598586208872477e-6
0.000014131203944448554,0.000013804565584464007,0.000013997237968937853,0.000013605662675274991,0.000013847012633497104,0.000013926972204541039,0.000013160830047502199,0.000014667835609352527,0.000013945838454197266,0.000014137088675125558,0.000013783401900188656,0.000013670706633101421,0.000013393753879046813,0.00001305367694811141,0.000014193069933969156,0.000014165603032935833,0.000014663389025822087,0.000014112692079891127,0.000013838855022885293,0.000016575750297515384,0.000014845743726665539,0.000014285597297975836,0.000013549810325409637,0.000013813845608884638,0.000014103942557904658,0.000013971969812833712,0.000013979459897762365,0.000014328948846746815,0.000017528670537904758,0.00001405531519150836,0.000014406572291724268,0.00001404681665134713,0.000013932484671757655,0.000013966303275839393,0.00001392039760987774,0.000013823458297382918,0.000013886271245083081,0.000014226609278053993,0.000013348189912677901,0.000014075141093538247,0.00001412882124058769,0.000014681747098185437,0.000013829654357673626,0.00001436511203816429,0.000013895719290642251,0.000013640285002133867,0.000013988595284547596,0.000013618765019163419
0.000025526817428014728,0.000024949789384759884,0.000025053756171718156,0.000024660447736339765,0.000024848104181709836,0.000025088606622370698,0.00002427874956373892,0.0000257166118274508,0.00002501703975163713,0.00002556953934921858,0.00002488659127695442,0.00002477338622286643,0.000024627382507026026,0.000024096030461562358,0.00002557598116154594,0.000025282427812918717,0.000025738335083387496,0.0000252960564786821,0.00002456351774676642,0.000027495994524672197,0.000026518462277872858,0.00002551408359889703,0.00002472389889446654,0.000025045487049033423,0.000025202581202470944,0.00002505984312660457,0.000025096644870682426,0.000025381897602006075,0.000029439646455272573,0.00002517520436743016,0.00002562221240505046,0.000025502405171042646,0.000025062753549739295,0.000025042364059633705,0.000025099043260687006,0.000024844162071206368,0.00002518781255424172,0.000025012441915085743,0.000024578733837117328,0.00002539532393654547,0.00002572839153462602,0.000025932067413624313,0.00002506857139526598,0.00002543964873342754,0.000024938555205567695,0.000024819605709171497,0.000025138361028934662,0.000024716406228586057
0.000044959541075797544,0.000044257944262012555,0.00004421550915954826,0.00004389264625915515,0.00004405322450275294,0.000044458388516996685,0.000043498542620819875,0.00004491295992516298,0.00004419461077144321,0.000045104518900690415,0.00004414266154303808,0.0000440252757061463,0.00004410148421700832,0.00004333186378519216,0.00004509731272302538,0.00004450722516484174,0.000045058848647496855,0.000044541649204436235,0.00004363619840417483,0.00004626807678484343,0.00004642184336204274,0.000044948931015779035,0.00004393604996010519,0.00004440437359664628,0.00004454106910273512,0.00004433942922671348,0.00004444114165627864,0.00004464490293690468,0.000050808924100796514,0.000044530234530654075,0.0000452591917820139,0.00004533388333919688,0.00004438588293573119,0.000044336647376065315,0.000044429809887247575,0.00004406124481331481,0.000044420019929057656,0.000044006965497928445,0.00004394638034541974,0.00004480742768973499,0.00004571494957598187,0.00004558421300857279,0.00004455304994510318,0.000044395614521054605,0.000044182629124443355,0.000044224520131529266,0.00004434353113044673,0.00004406896553407607
0.0000862276510082086,0.0000854734070975501,0.00008523056134571592,0.00008514202604881422,0.00008523599977187457,0.00008568564118827022,0.00008475471078479827,0.00008598951330935397,0.00008527096666030554,0.00008659700656089182,0.00008531032594264926,0.00008520293856647999,0.0000854324351595255,0.00008502663822685556,0.00008643832490570668,0.00008562461433245514,0.00008620218832491946,0.00008568019339655025,0.0000850676043969796,0.00008699018256811069,0.00008840701484932889,0.00008630205379553911,0.00008500582598823047,0.00008563761641865739,0.0000858459162935232,0.00008543466429385234,0.00008564998773795692,0.00008592740985908153,0.0000920413905342819,0.00008600042251787162,0.00008688842363914609,0.00008696323776053724,0.00008563312388514986,0.00008549840976485295,0.00008565139372425697,0.0000852387113268496,0.00008567929774528575,0.00008498998426719398,0.00008529012166716828,0.00008616975444331097,0.0000877503814556919,0.00008733069978323535,0.00008612545998387653,0.00008527427289948508,0.00008544976195758974,0.00008540025631140343,0.00008538979603541131,0.00008544554039823321
0.00017829668748105547,0.0001776004348572205,0.0001771193988712571,0.0001773980946941891,0.00017731814974758202,0.00017787349345119976,0.00017713878997837967,0.00017805806552892485,0.00017719237712691575,0.00017911154219958362,0.00017743198440142835,0.00017730024397015552,0.00017774420864539602,0.0001779739622250181,0.00017856592092089225,0.00017755702062633192,0.00017829812618310107,0.000177753315532748,0.0001776633098900089,0.0001788609274556219,0.00018105942409217445,0.00017861461806714996,0.0001771041510000996,0.00017766483830438594,0.00017802972017417787,0.00017730108553750345,0.00017782839972707646,0.00017801390330157626,0.00018275238769473997,0.0001786158193919226,0.0001793745308609153,0.00017920478129556468,0.00017778504522391144,0.00017753666993932532,0.00017761143523713652,0.0001773530053591167,0.0001778514713293329,0.00017712989328894866,0.0001775960720386737,0.00017861226259206162,0.00018098343759729858,0.00017970563319937228,0.00017862278524906689,0.0001773265173731479,0.00017762060063829076,0.00017732658984049378,0.00017737779128122944,0.00017767065211495546
0.00040703298051271734,0.0004065167859992829,0.0004059010460730338,0.0004066015397461561,0.00040628999149796945,0.0004071788393628309,0.000406433163910805,0.0004072949868528069,0.00040579892853563496,0.00040865652676144726,0.0004064137286761552,0.00040634221274805823,0.0004070087362868784,0.00040769363613939256,0.00040731100347680727,0.0004064075985005059,0.00040714778188980687,0.00040667493401514506,0.00040732341816425156,0.0004077118745826799,0.0004107315275401187,0.00040791277789208166,0.00040648531187599134,0.00040646788011379996,0.0004072116509132597,0.0004060827932896465,0.0004067440094721447,0.00040695359567821253,0.00041374632796910163,0.00040798256376922806,0.00040828402964412827,0.0004079749445686778,0.00040680659381251257,0.0004063873219596826,0.0004063401468130683,0.0004064529819373671,0.00040734325184752505,0.00040661259729426,0.00040651334001768995,0.0004080507287946509,0.0004110432834320894,0.0004087197091007183,0.00040764231047499364,0.0004064095835228705,0.0004063992541667431,0.00040602727646728623,0.00040616843237741213,0.0004069685903114839
0.0011366954877516816,0.001136806835178633,0.0011359340178098004,0.0011376512507030247,0.0011367416808700955,0.0011375985890274254,0.0011367061984949222,0.0011382843019431552,0.0011356307029305862,0.0011395977749676124,0.001136471232067484,0.0011368482810322814,0.0011374911318973063,0.001138631450735666,0.0011368431992754974,0.0011367054231858197,0.0011372124769076872,0.001136998045374917,0.0011379377756578803,0.0011380469065241949,0.0011421794853952415,0.0011388475199980573,0.0011373682820002436,0.001136742454300062,0.0011380239786270298,0.001136295194291169,0.0011367180762190312,0.0011372684076174045,0.0011518815167467214,0.0011387666273614257,0.0011389175477389893,0.0011379667923871978,0.0011372787486544419,0.0011366365220668796,0.001136242649155904,0.0011370310586177657,0.0011387849784644595,0.0011380495613321105,0.0011364372856902658,0.0011390226366190363,0.0011421640834380635,0.0011393476672899347,0.0011377454839654015,0.0011361880446449273,0.0011363281585248914,0.0011358117310979686,0.001136244628057669,0.0011377404597382205
0.004440731357807048,0.004442270068309683,0.004441611758426096,0.004444177855586016,0.004442805983546952,0.004443170248197898,0.004442126577634398,0.004444879270869491,0.00444073349726393,0.004445943585307471,0.004441401767898331,0.004443040448660314,0.0044437650990476075,0.004445791441101867,0.004441733727809431,0.004443487960890016,0.004442076428458182,0.004443289721879653,0.004442452153509992,0.00444425172275327,0.0044485322432818225,0.004445334966338827,0.004443273032067755,0.004443129880800512,0.004445257876172239,0.004441224582817624,0.0044423946538914945,0.004443298016580315,0.004470945608222375,0.00444569282353413,0.0044457104575459875,0.004443106493388018,0.0044429794492788655,0.0044423484122788435,0.004440431856376143,0.004442760001912369,0.004446135091757276,0.00444519838391858,0.004440230546389516,0.00444544509768489,0.004448745437369001,0.00444581332162289,0.004443521628104706,0.004440146046444609,0.004441130220456719,0.0044408506234236145,0.004441357616970296,0.004444634730137112
0.02673918217488124,0.02674371460263633,0.02674386329779694,0.026744882268108505,0.026742414735349242,0.026744874105126753,0.026743889041791695,0.026742966641933447,0.02674184708584209,0.026752595714464818,0.026741601981184342,0.02674548421754514,0.02674550779193125,0.02674907744620803,0.02673983864756032,0.026748355529183976,0.026741737872980932,0.026746048606283396,0.02674255640199292,0.026746158612741284,0.026747876731478007,0.026745670602912913,0.026743340259164666,0.026750241191924894,0.026745778950568795,0.026740749832852483,0.026744586036569193,0.02674279142519764,0.026794434012182407,0.026747986378503424,0.02674865966110236,0.026742505525733054,0.026741766523088815,0.026748733869308976,0.026738124431405285,0.02674462431580206,0.026746100567095837,0.026748932252091837,0.026740464798616654,0.02674854864075483,0.02675131142470205,0.026748705166735727,0.02674536072352813,0.026737800729011878,0.026741576156790577,0.026741010054173377,0.02673887721262734,0.026749591204312622
