t,mean,err,jk_0,jk_1,jk_2,jk_3,jk_4,jk_5,jk_6,jk_7,jk_8,jk_9,jk_10,jk_11,jk_12,jk_13,jk_14,jk_15,jk_16,jk_17,jk_18,jk_19,jk_20,jk_21,jk_22,jk_23,jk_24,jk_25,jk_26,jk_27,jk_28,jk_29,jk_30,jk_31,jk_32,jk_33,jk_34,jk_35,jk_36,jk_37,jk_38,jk_39,jk_40,jk_41,jk_42,jk_43,jk_44,jk_45,jk_46,jk_47,jk_48,jk_49,jk_50,jk_51,jk_52,jk_53,jk_54,jk_55,jk_56,jk_57,jk_58,jk_59,jk_60,jk_61,jk_62,jk_63,jk_64,jk_65,jk_66,jk_67,jk_68,jk_69,jk_70,jk_71,jk_72,jk_73,jk_74,jk_75,jk_76,jk_77,jk_78,jk_79
0,0.00011482903067399994,0.00006226244768803238,0.00011465938366587557,0.00011594384131143574,0.00012520638401554516,0.00011937936594239203,0.00011042881519411542,0.00010721621743456974,0.00011911198897397203,0.00011198338413864143,0.00011458228540243021,0.00011955563977739201,0.00011585705280933983,0.00011988539851497462,0.00012818584030001995,0.00012024838306706146,0.00011467752605446701,0.00012519503199526823,0.00011018636572628776,0.00010586101633145665,0.00010693897941798942,0.00012251585886795865,0.0001231732005229887,0.00010312278948051718,0.00011487668042709301,0.0001116235350839389,0.00010100242306762975,0.0001199517169331761,0.00011820698529145697,0.00010963349616631337,0.00011160325010689705,0.00010596833649010543,0.00011944554101905522,0.0001243174560045428,0.00011551847559709665,0.00011554543836526324,0.00010554621595738889,0.00012094411729025,0.00011613784151952647,0.00010618754617790476,0.00011390901834938683,0.00011037820255469476,0.00011767295806466849,0.00011010876554296955,0.0001306263573321335,0.00011273478366297975,0.00011369572498475238,0.00010838172730599435,0.00010368029398010337,0.00011380607471474669,0.00012041996014363916,0.00011369383486062746,0.00011496771055041766,0.00010907007545644248,0.00011244685838607271,0.0001213490331891465,0.0001156241654559952,0.00012183409994409415,0.00010639046360848194,0.00012135681514448445,0.00011715225458074161,0.00011604423869369766,0.00010445314643437939,0.00010099611553755859,0.00010871907939119865,0.00011684789594647998,0.00011336127608015025,0.00010581217945725575,0.00012322983673546378,0.00011388634728422883,0.00011619032782775058,0.00012628967278960693,0.00011574745025901521,0.00012768387713309442,0.00010243413037528196,0.00011820712616735386,0.00011328618887121531,0.00011877426303626929,0.00012061516449850436,0.00011622744308499838,0.0001290368158415765,0.00009875689622000465
1,1.7650260355469676,0.0008643613785977504,1.765056132722437,1.7650344206685935,1.765055978410186,1.7650770989213753,1.7649800148522052,1.765000101238097,1.7650688172145137,1.7651729268362066,1.7651105532499143,1.7649712609629076,1.7651306452180895,1.7650317131624877,1.7651323335767315,1.7649013689428459,1.7652061226096478,1.7649998767791646,1.7648447128744074,1.764892046271448,1.765138614030244,1.7649352127296853,1.7650474641426164,1.765145654486369,1.7651459934074447,1.7650622990101739,1.7648209920895255,1.7650554768878348,1.7650505201153235,1.7649783882336527,1.7650795818115126,1.7650952749788444,1.7649929114250946,1.7649740232870414,1.7649220036174804,1.765051040335095,1.7649675930328432,1.7651314559109645,1.764887200803705,1.7649466758433159,1.7650020144203387,1.76520090369141,1.7651450342448796,1.765021657458275,1.765015407553854,1.7649929834274833,1.7650402847768543,1.7650409524670552,1.7650935364470355,1.7650078573020793,1.7650471164903974,1.7650769439746872,1.764964423672559,1.7648946700833181,1.7651705494208518,1.7651341682640749,1.7648304029626047,1.7650373462331412,1.7650437088376265,1.7649797728777536,1.7650857031107132,1.7650616516960123,1.7649523621451906,1.7650995985860225,1.7647811168247407,1.764976692560425,1.764937816756659,1.7650227986926008,1.7650455747811231,1.7650879293338109,1.7651001954447094,1.7650162663271773,1.7650709023397146,1.7650387163662828,1.7649357252187845,1.7652028180499144,1.7648442180611885,1.765183665925115,1.7651305110300555,1.7649721760737065,1.7647667476986537,1.7649354214384778
2,1.294991314830718,0.0015306566488493864,1.2952272306579462,1.2950390343358684,1.2951449925858867,1.295021992486491,1.2950741905559504,1.2949923742502092,1.2950334788312312,1.2950863534986001,1.2950413972483823,1.2951241611763917,1.295012674370747,1.295123513074739,1.294888349250926,1.2949005884231888,1.2952555143583488,1.2948028317765605,1.2947250290874794,1.2948381907237543,1.2950521444323015,1.2950563585066894,1.2950738171635536,1.2952487456919908,1.2950907168975547,1.295020016153238,1.2946249770246288,1.2950328246350105,1.2950654579870162,1.295187173175704,1.2953206289091848,1.295074485922224,1.294984756467262,1.2949474482944197,1.2948018658372864,1.2947519112903043,1.2949963952849741,1.2951325965774192,1.2948232407857447,1.2949564951866361,1.2950146645407388,1.2953126755444042,1.2951271836392741,1.2951796284041126,1.2949374108456253,1.2947262266066282,1.2948697652435113,1.2949781658652595,1.2950137368761232,1.2947841694861815,1.2949634843825926,1.2948342782400881,1.2946234099847318,1.2946306930438123,1.2950711310496135,1.2950847946707351,1.294685893791631,1.2949936823820147,1.2950423626777796,1.2951064870344053,1.2950643653008727,1.295050454444636,1.2948471743576544,1.295136481202748,1.2945532804950486,1.2948581630945424,1.2948237663922733,1.2947649802903929,1.2951342172496842,1.2950892775660674,1.2952644977367307,1.2950815036184886,1.2951067873867872,1.2951145676272389,1.2950445001072075,1.295250389876497,1.294925932098763,1.295216035719179,1.2949979386046977,1.2949850886818948,1.294602497288177,1.294839490092745
3,0.9336202422651756,0.0017034008860045513,0.9338775351520631,0.9337913060919774,0.9337483839130581,0.9336364216402654,0.9338445586744127,0.9336935094701319,0.9336465918367677,0.9336396994795447,0.9334196199665985,0.933834710285853,0.9334806199250445,0.9336366400898687,0.9332638648527252,0.9335679443865752,0.9339250280693333,0.9335230612953915,0.9333837844914032,0.9335662511957651,0.9336442597055213,0.933604116322355,0.9335470988016042,0.933965256194124,0.9335880822361401,0.9337359628533992,0.9331916161955334,0.9336549262590549,0.9335020339802305,0.9337349913332932,0.9339161662162005,0.9334898752596869,0.933628718612944,0.9337143282902772,0.9334184715405368,0.9333365095210476,0.9337668186885006,0.9337235615281171,0.9335643183334063,0.933660868206488,0.933721839823988,0.9339231031298014,0.9336979276382682,0.9337366600003896,0.9335983687269058,0.9331653033026177,0.933609134984469,0.9336248785385406,0.9335882441351068,0.9334062726705074,0.9336674377140141,0.9332862844494253,0.9331015701101801,0.9331845496244803,0.9335674872594,0.9337695921999579,0.9333381569941931,0.9336326609161092,0.9337832402925068,0.9338288437331139,0.9337479910331309,0.9337271799343876,0.9333743517772595,0.9337980155167739,0.933392025096288,0.9335875806929856,0.9335711519115295,0.9334561792942185,0.933822146513644,0.933848121169785,0.9338998113590675,0.933618331848481,0.9338088666513501,0.933870313434085,0.9338681265960518,0.933701056187395,0.9336460677333043,0.9336844024902112,0.9337049865916002,0.9334868544525214,0.9334746198651054,0.9334321339256378
4,0.7141703510607935,0.0016519023054084043,0.7144006784626566,0.7142323298260348,0.7141259253092224,0.7140242084802173,0.7142276576948099,0.7145052661479406,0.7140349822098889,0.7140881308008088,0.713878118622186,0.7142792729257228,0.7138607266639247,0.7141830275285572,0.7137464307917795,0.7143439098711359,0.7144360596003508,0.7142262646019631,0.714186001898565,0.7142122707973649,0.7140877563039518,0.7139447794248324,0.7139221932111062,0.714390465678999,0.7138829416590978,0.7143372127738514,0.7138944529028763,0.71434859818075,0.7139754650764686,0.7142397292014079,0.7145064924861804,0.7140658057848546,0.7143572800582114,0.7141487350153477,0.7140893436832142,0.7138631253146893,0.714237309441874,0.7141781032996077,0.7142324299787101,0.7143405478850775,0.7144122723168208,0.7144349008232785,0.7142101703093144,0.714179176207634,0.7140515351052207,0.7137728618726518,0.714038947457011,0.7142648047428058,0.7141982755163523,0.7138263214102882,0.7143346366780214,0.7139109069129114,0.7139129875481438,0.7139260590237131,0.7140406296087438,0.7141434958953001,0.7139935102729235,0.7140309538020627,0.714460982821459,0.7144021342572225,0.7142478050771353,0.7140721952362532,0.7140697236239915,0.7141999201289604,0.7143305318563923,0.7141409490315318,0.7144459814949352,0.714078090059344,0.7141811407171397,0.7143950204844925,0.71443292022711,0.7141584432458726,0.714388960252187,0.714355056466404,0.7144288230316946,0.7141541787355724,0.7142087519141047,0.7140929531212663,0.7143484036008414,0.71414918966383,0.7141190030674809,0.7140504516508216
5,0.5929493856953988,0.001772459375813868,0.5929624472245556,0.5929188914651964,0.5927911509758,0.5927338101261087,0.593010856553265,0.593367411733777,0.5927769127488478,0.5928406320879099,0.5927908764873021,0.5928734545256066,0.5925432010155868,0.5929960523050708,0.5924987322055595,0.5931291919786934,0.5930345288081328,0.5928372605533967,0.5930567858046695,0.593130499819736,0.5927272472957762,0.592558652039027,0.5927812845203252,0.5929699688472077,0.5925389951701137,0.5930125179534481,0.5928748771026539,0.5931741287133498,0.5926731216572343,0.5931174202665997,0.5935064253200755,0.5929408516862742,0.5931617108117242,0.592922635100551,0.5930461199197231,0.5926334683700246,0.5929671037472465,0.5929352246812262,0.5929954061256791,0.5931144383499267,0.5933554929098923,0.5932066946973513,0.5929545000001041,0.5929587918057841,0.5928884661464755,0.5931618053541552,0.5927999820833705,0.593023450701663,0.5928753802814338,0.592796834224745,0.5931142293272292,0.593032756768232,0.5929980426900492,0.5929562525190342,0.5927440206318864,0.5926076723616908,0.5929792703232213,0.5926982969083381,0.593179562306786,0.5932806382483918,0.5928448408129557,0.5928168995508892,0.5929208031816304,0.592816321003678,0.5933162201197386,0.5928576684290056,0.5932907960492754,0.5928425079896196,0.5928043477066498,0.5930208411974078,0.5932133247137318,0.5928986181343613,0.5932102422438011,0.5929729213970115,0.5930533033959057,0.5928075177547456,0.5929196429923331,0.592864602581596,0.5931646675643235,0.5929321067269756,0.5929052833401229,0.5929209443589044
6,0.5247283234489746,0.0027447228260694314,0.524475517835303,0.5245365386701341,0.5245435496891943,0.5245320445918616,0.5250811752956063,0.525067227315815,0.5245947331542544,0.5245496873394795,0.5246009281382744,0.5245853453306115,0.5243047095228974,0.5247464909691518,0.5243663152802649,0.5249220338520902,0.5247372320244161,0.5246521164051469,0.5248345679283726,0.5250868563420815,0.5244206435763351,0.5243287958823736,0.5246623132708129,0.5248129914885085,0.5243800989343321,0.5245145539264802,0.5239691634439856,0.5250050553937324,0.524140529154528,0.5249515730433775,0.5249797426966863,0.524787150262628,0.5248623975693429,0.5247712945794293,0.5250831506700107,0.5245576993497675,0.5247867633854639,0.5247419818269211,0.5246853657873105,0.5247870252940797,0.5250155791739959,0.5247933255450774,0.5248733747420183,0.5245753843549403,0.5247549649888215,0.5264144704276498,0.5246593043417463,0.5248793245746379,0.5244722932022166,0.524630093009757,0.5249813811914303,0.5249720271100019,0.5247998673302783,0.5249372978814006,0.5245285153647722,0.5242586656275874,0.5247292830136643,0.5242764856798866,0.5249763784918655,0.5250088907636729,0.5243673903789656,0.5248142121522699,0.5249303592402561,0.5246285437998097,0.5252187175563201,0.5247940880976351,0.5250667759850601,0.5245785511088038,0.5244262215562554,0.5246832281823405,0.5248963279683603,0.5247579518893063,0.5249986567745881,0.5247799655551706,0.5247872498877367,0.5243524511434252,0.5245934260322227,0.5245298486180064,0.5249689226008285,0.5245989479616542,0.5247205341586736,0.5247912392337937
7,0.4827277458657557,0.003665105064026786,0.48251353154891347,0.4823623226320017,0.4825677635932912,0.48259599848222123,0.4832804003789569,0.4829852648723923,0.48263128460144095,0.4824716834493121,0.48254693760514655,0.4826822021637745,0.48226011542970315,0.48265945464398036,0.4824514056678313,0.48281894718329826,0.4825807062029436,0.4825470230346954,0.4828911378259575,0.4828947792444315,0.4825939454446842,0.4825165078553057,0.4826923076735913,0.48287594239207,0.48260381667167823,0.48292276596273537,0.48145191782973956,0.48306253709576386,0.4820934163209716,0.48291494213089875,0.48263119171672403,0.4827621094729814,0.48281107777908144,0.48267921340228853,0.4830613813333032,0.4827332310446156,0.4828281765623687,0.48286844353972996,0.4824871653360031,0.4828934033859577,0.4827421566177112,0.4825933317724779,0.48286084422569797,0.4824924922376797,0.48278349506216073,0.48546622428519964,0.48270096751235947,0.4828603948523434,0.48270151981896064,0.48258817813489147,0.4830381079596579,0.4829115443884928,0.48288012367987687,0.4830019706200981,0.4825911900724296,0.48226103492141614,0.48272717733644877,0.4823314390509208,0.48285504552302894,0.4826750239796429,0.482169471663995,0.482940934854529,0.48312922671267544,0.4828020563742483,0.48314294435522953,0.4827769314100758,0.4829723053737464,0.48264227299585466,0.4822507159176481,0.48272480991520345,0.48287811307354017,0.48278367796423916,0.48277341655453626,0.4828541544956174,0.48278978650407944,0.4821408907943112,0.4823913275727339,0.48255355495921737,0.4829516643227375,0.4826405016047385,0.4826611677657857,0.48296303051343215
8,0.4562488901171154,0.003267704558994896,0.45614898823507405,0.45588472388758366,0.4561075746627762,0.45626574532219355,0.4568917729881499,0.456480581612287,0.45609097076069177,0.4559657260042219,0.45608117322083563,0.45646519676958736,0.4559339445423118,0.45612741135863516,0.45590643646846124,0.4565435265078385,0.45598566450945244,0.45615950561100305,0.45637819339280217,0.45636042029060664,0.45640261544938304,0.4560314322277826,0.45636176371308845,0.4562866616231,0.45641439927824967,0.4574214384661696,0.4547236535036456,0.45641733429494846,0.45582524425203025,0.45637858560202943,0.45607180768057376,0.4561635268799111,0.4561101731557069,0.45626541814008265,0.4564699061069549,0.45627511705742335,0.45643729698858204,0.45641427012944374,0.45583694495092414,0.45646240859611714,0.4562074728664531,0.4560438926738413,0.4564229919226372,0.4560689481455775,0.4561438572163495,0.45765599884213454,0.4563414186250172,0.45629168638084194,0.4568722683792112,0.45601117928393486,0.45644609937999053,0.45646916953908523,0.456461087902437,0.4565320298149719,0.4563098765275464,0.45560771629715435,0.4562149772354513,0.45600756217313854,0.45624708197677954,0.45593285846270815,0.4559435296566903,0.4564804971594657,0.4567210452080672,0.4563484475539097,0.4567072304298644,0.45607817910473053,0.4562951965156328,0.4562184855003822,0.45564338770057333,0.456441423412203,0.4564712078532387,0.4561646319185042,0.4559540917171227,0.45640018357444484,0.4562716906085901,0.4556964965053897,0.4557896391896874,0.4561135265876923,0.45634336388256125,0.45617804666137074,0.45629884066892024,0.45651634007427316
9,0.44223532114318626,0.004713441660663374,0.44222966290843174,0.4420168088774535,0.44210109900520667,0.4424465774095352,0.4429058564171896,0.44242411409850796,0.44211512986634655,0.4420740082296045,0.441963436243374,0.4426990634022491,0.4421523793809144,0.4420501314284717,0.4419363902440967,0.44263550704578825,0.4420642504688092,0.4422570482084153,0.4422747958844637,0.4426844914508154,0.44268979822435833,0.44234949841243604,0.4422278583353508,0.4422921823878374,0.4426563518351386,0.44427104257595224,0.4389666637137453,0.44220229370931663,0.44213267651092397,0.44227058920683776,0.44228909350699425,0.44198766230085623,0.4419702718246514,0.442570304103795,0.442161105443591,0.4422373492888856,0.44249305832613545,0.44233886135324857,0.4417876490099532,0.4425208840819059,0.44238182388956326,0.4421659120353655,0.44253593012767517,0.442245048149461,0.441798230026392,0.44260225246972434,0.4425637373845851,0.4421393686748978,0.44149821233906617,0.4419701976696149,0.44247857539874863,0.44251260407116194,0.44260330669100323,0.44252346876252374,0.44214271793218374,0.4414224497128581,0.4422573295881687,0.44207637737158795,0.4421440912758205,0.44184842935322644,0.44217878149043854,0.44253138918781,0.44275700253138983,0.4422723874471971,0.4427307144713289,0.4422307762422296,0.442201225818118,0.44231056328446705,0.4414622668027574,0.44268457499683306,0.4424478080372302,0.4419350087831691,0.44134147885172387,0.4424112197557023,0.44235231736093344,0.44171188627126967,0.44227779896369873,0.4421334499983166,0.44234601084375264,0.4422021467002487,0.44252906396040914,0.4424218120106612
10,0.43822848862976455,0.008558308444652555,0.4383563052060226,0.43811393714530944,0.43813205714599085,0.4385949615737427,0.4388974171637544,0.43847121283508894,0.4383335969983033,0.43827470875885377,0.4379790639244145,0.4389379008049437,0.43809273679151206,0.4381290429988223,0.43813005113942605,0.4385512545770951,0.43832014521007073,0.4379247119322404,0.4381488229305944,0.43903133184672966,0.4388772507519184,0.4386069892137163,0.4381221859887228,0.4384406496750071,0.4386947923589454,0.44003387278406925,0.43149321933240703,0.438328819115577,0.43875947256508313,0.43842199236088286,0.4384470038143617,0.43810721424334353,0.4381223036685125,0.43872177339607354,0.4380463357889647,0.43833104548017615,0.4385611488221213,0.43827644298050267,0.4376392216956774,0.4387372372195144,0.4385547614927094,0.438370373874453,0.4385351897241464,0.43844860327742285,0.4375798301957408,0.4392272263388299,0.43876620466140753,0.4380523722052305,0.4347139976802091,0.4381217068536135,0.4385092723301959,0.43841801590442553,0.43878310835146506,0.4386533286649631,0.43807850581602376,0.43743501058539314,0.43850870486797977,0.43813670585877623,0.43808527967092414,0.4378746058115589,0.4383924305834329,0.43851651937388714,0.43860794819283866,0.43815342572116656,0.438727395652168,0.4386445312362582,0.4381974406835917,0.4382684644721339,0.437430398393138,0.4389603624666261,0.43856878396183024,0.43766813846423924,0.43670342827838005,0.438447503124035,0.43833354303555705,0.43778068071749343,0.4386291924280327,0.43842966098148517,0.438584840352172,0.43841253994933144,0.4383392150986927,0.43844161281071214
11,0.43881695920516994,0.013693037085660694,0.4392438011737557,0.4389042397633789,0.43890653356219883,0.4393270404139181,0.4395087642617125,0.4390258433982695,0.4393428341329387,0.43901819289320565,0.43858294266145187,0.4396903692167957,0.43847435181255423,0.4389030171489766,0.4388412205798519,0.4392546997777271,0.4391551168924474,0.4381914324822861,0.4384704700355233,0.4401381832940651,0.4391964141063999,0.4393161788628991,0.43872122191121293,0.43895003229269564,0.4391590417562893,0.43980771812024,0.4285735350581889,0.43923409152959314,0.4400041797062054,0.43946913172771507,0.4392452089890587,0.43900895084888636,0.43882210774777425,0.43930698554442527,0.43903404544679525,0.4392364807360073,0.4394438177532053,0.43910839999204715,0.4381157625364131,0.4392376686336469,0.43941497424816184,0.4391155451075443,0.43912943723428904,0.4391890036849358,0.438089090273676,0.4414487090802575,0.43946844625234843,0.43861986506586537,0.4314444982032732,0.43888381003153065,0.439173256150809,0.4390253335063415,0.4394916302235946,0.4390940154520119,0.4386404183705029,0.4383135847619327,0.4397409520793395,0.43888775538084446,0.43869394508979587,0.4385519039735651,0.4391689676206723,0.4390098479100872,0.43887357118412074,0.4387529663836587,0.43899639799034973,0.4396372454107252,0.438670059640794,0.4389719478574959,0.43804036245217287,0.4396886870658792,0.43930928647271195,0.43840580782472177,0.43642788619471795,0.4391031338001683,0.43888272943714324,0.4386105341142461,0.43934313215483334,0.4393426996473707,0.43945023703528646,0.43910457424184735,0.43825590466734005,0.43892455633587885
12,0.43637158035776735,0.018580126740644912,0.43700351025260914,0.43666271354828323,0.43654380116506486,0.4368093335861018,0.4370570250870833,0.43635620819433574,0.43714718171752515,0.4366942454874241,0.43585321284376244,0.4373466685406861,0.4356709885745391,0.4365518594074065,0.4363408970818277,0.43725744559924584,0.4367829530343177,0.43597917456100727,0.4359575595513562,0.4380398660023957,0.435853697058467,0.436937507144226,0.436510437643438,0.4365279614351885,0.43680534329477255,0.4383789500604543,0.4209948838287519,0.4369464113455786,0.437630235560623,0.43734486389781846,0.43702732643262926,0.43672997726276636,0.4364073186778987,0.43727266250196734,0.4365999916071269,0.43695914508280315,0.437048348095278,0.4369579984577996,0.4363402550388576,0.43644707035052543,0.4372329623753888,0.43676929616338617,0.43672602302534025,0.4369156623602323,0.435759682507932,0.4397109216570804,0.43695748117736044,0.43620139708537425,0.4284685022854465,0.4365143226415037,0.43681041794376424,0.4366726484529901,0.437302478062574,0.4363224209054343,0.43633342551067716,0.4361878208862129,0.4379253204847466,0.4365400771123944,0.4361398409188899,0.43632344667905587,0.4371681228022179,0.4364969978022012,0.4365767719304914,0.43621475385793657,0.4363524405992531,0.43731470890280116,0.436254606678843,0.436595545534731,0.43571088337868036,0.437115691696361,0.4369216020272721,0.43630110094419455,0.43350472632088616,0.43675474275111803,0.4364886692157274,0.43646182200503486,0.4367613348199583,0.43709786947986146,0.43681130521284056,0.43649544174155613,0.4344936792326357,0.43624443443906313
13,0.4317844468438204,0.021434166583261496,0.43281268515271903,0.4318809806015779,0.43199936832285457,0.4320368086720713,0.4323146348827763,0.43161558256119836,0.432478767898678,0.43212729341279676,0.4312913099553198,0.43245563920584335,0.4309150050298698,0.43192359107176437,0.43171585439454463,0.43345552656436626,0.43202725783307133,0.431938296725146,0.4312861098878069,0.4334242155169323,0.43049656573472705,0.4321029254497589,0.43164872461457543,0.432089771974524,0.4324293530283771,0.43477508748717286,0.4143579251989205,0.43205838340382763,0.43275554189259907,0.43240166177229433,0.4328715124010204,0.43238918109896163,0.4320033278868808,0.4330889332203783,0.43126370001238684,0.4324724474500946,0.43241278501127545,0.4321558197350962,0.4328279146066773,0.4323073422106017,0.4323656306590314,0.43218701811569804,0.4323803451313836,0.4322948936362173,0.43126005486132746,0.43638278164147143,0.4325751828435395,0.43147945268753995,0.42253563516622644,0.432244158712983,0.43233644694014006,0.4321945365668762,0.4328288808506344,0.43155771217287564,0.4318668841286595,0.4317505719455236,0.43351529784067716,0.4320337152587823,0.43135927461184165,0.4318150984692684,0.43246253179413824,0.4321772861456951,0.43244013388442326,0.4315485751230832,0.43184972152944806,0.4325122375554641,0.4316644302869957,0.4322079341776868,0.43132179598830567,0.43253484298285705,0.43242094324633074,0.4316532325617862,0.4284167541688326,0.43231362058660716,0.43210241460757,0.4322068951280138,0.4316006170346053,0.4325379182162656,0.432151918273981,0.43169692884475735,0.4297749278038684,0.4315886834447286
14,0.42102910746322453,0.019450022316906377,0.42216744371166176,0.4211369853856294,0.42099801933639924,0.42060279649706933,0.42125072708355404,0.42035477052538067,0.42127230023246903,0.4214941239404168,0.4207055079578374,0.42154119223428194,0.4204293211430982,0.4207291595236157,0.4208384859245949,0.42233694952399126,0.4210772280322407,0.42144868675784364,0.42078153550125424,0.423050845731209,0.42045926108506865,0.4207080400057616,0.4205492792403287,0.42112795168941425,0.42162492219966374,0.4228994738143263,0.41708870199293835,0.4205872223794565,0.4211785119102806,0.4212189724517185,0.42236152234307656,0.4218304858519115,0.4213171673530778,0.42302592591124155,0.4195693388001167,0.4209309067497923,0.42183919154401295,0.4209936379288355,0.4212424193227938,0.4217674846354408,0.4211483873470928,0.4211338204219121,0.42154262380576646,0.4212049727671688,0.4200813035149348,0.4279046397948092,0.42218981043035086,0.42051292793705913,0.40420315785132,0.4215259185301984,0.4213146619726701,0.421301464265418,0.4217544909242506,0.42088132639867526,0.4213531684433904,0.4212260401145437,0.42187919403788343,0.4210140990170276,0.4203986064715045,0.4208776241359639,0.42136292261149333,0.42187232162583754,0.4217765911352853,0.42073137577598646,0.42089931995476376,0.42172815627430593,0.4208085194462242,0.4214224275131416,0.420671804983669,0.42176210954291354,0.4214888883180984,0.4203197933270274,0.42114137189309503,0.4213463756236319,0.4214867166118066,0.4217082296936809,0.4202511034231081,0.42176593420121555,0.4209237365926658,0.4207232494695066,0.4194097548697948,0.420743159736969
15,0.37179554107958024,0.0718932962781741,0.37191756987342217,0.3715596839243064,0.3712128054049681,0.3711292987660742,0.37072345497482284,0.3704980249420644,0.3711484741804063,0.37171093440961084,0.3713475813521277,0.37192751739909,0.37130224113874266,0.3709528947214024,0.3712225838688659,0.3713215197514574,0.3710640881033706,0.372278227828804,0.37092158101476275,0.37275421412121734,0.37287908221353194,0.3711749293572361,0.3697480823305351,0.3709151229375063,0.3716452162629414,0.3709143287358192,0.43768676429218967,0.37044386545608277,0.37063506436714627,0.3714659418189668,0.372624218614924,0.3722233554254509,0.37074255470213574,0.3735945961857854,0.3714350092136294,0.36949861043144433,0.3718594080007121,0.37113462319885765,0.3696668211566542,0.37209306654734725,0.37087883850627296,0.371031080550904,0.37134506870892586,0.37127617127020407,0.36967629857560147,0.3730375340863009,0.3723725357367222,0.3706997872777882,0.3430065589335855,0.37160956567473635,0.3708531799168263,0.3713149774290148,0.3711600638962289,0.37119092134479403,0.37160491778504434,0.37179975677212723,0.37111427172076683,0.3711901097505793,0.37086778385114194,0.37135228404899756,0.3716747226782595,0.3721341774236506,0.3718855051978023,0.37098758044086233,0.370647260967837,0.37200681910353084,0.3711533597401382,0.37154524110013054,0.3715320440838212,0.3717185613920909,0.37128978395524176,0.3699849173356828,0.3721580322812838,0.3714587484396415,0.3718369684299093,0.37205017327446327,0.3710612675486405,0.37209865922410684,0.3697455254716231,0.37087096485869225,0.3701691736188086,0.37087873693922613
16,0.3577085656052287,0.08995915003694208,0.3573938534460489,0.35702408692419435,0.3570109239537351,0.3568674641120416,0.35641105755650515,0.35669533072473614,0.3569490314641211,0.35721672349351746,0.3571510160199974,0.3578280052471944,0.357380615871931,0.35671760060171825,0.35701239368366083,0.3557382121271327,0.3566462836245338,0.35818816303220347,0.35615272558388356,0.35767894222434343,0.3585321361038757,0.35731646867295536,0.35377690793428374,0.3567692517200124,0.3574329796560969,0.3581897225716242,0.44170008573464364,0.35590661640054866,0.3563331705436241,0.3573752671599633,0.3585318559575903,0.3579015234133684,0.35535619989416345,0.3592242971241113,0.3594604968729991,0.3550795885363439,0.3569223161609434,0.3568654702814034,0.35522160601465325,0.3589932552374251,0.3564402586879896,0.3565319941436034,0.35701060203751106,0.35683340297429234,0.3558940490716203,0.35094018176066044,0.3577411809451142,0.3565436582278727,0.3271564773567754,0.3574117373673723,0.35600174126767475,0.356994704003115,0.3561130676723294,0.3564966206197011,0.35717838425094206,0.35731391335338764,0.3572198919585285,0.3568949794487594,0.35683323737200867,0.35747290559196143,0.35753675057104106,0.35793648499689984,0.35697237836852147,0.3567920051277502,0.35591782009104567,0.35802260395660535,0.357093345036714,0.35691306935457484,0.3576800622121237,0.35741959652359395,0.3568830642853999,0.3562404779089303,0.3648063384655785,0.3574125245666055,0.3573009128838394,0.3576684265332798,0.3589915733179929,0.357611550593956,0.3556292824324197,0.3565202263930606,0.354570058423113,0.3567920625819017
17,0.35476229699307166,0.08535302744375839,0.3545537344570565,0.354028432128778,0.3540760763755648,0.35222549476458,0.35390159242791247,0.35395277529353314,0.3540696224774056,0.35435483946948054,0.353769614816841,0.3546035911609664,0.3541931347097474,0.3535593838451588,0.35440294461849425,0.35218678208376997,0.3536023148060745,0.35541571111818604,0.35322645453245344,0.35378103845862063,0.3534429174347669,0.35425439883544074,0.35110484913908824,0.35369563911251284,0.3555352513735368,0.35690151575172924,0.43243675707043305,0.3531802281643933,0.3544814963000576,0.35327457077240226,0.35564958001808983,0.35457812713345727,0.35145670243785115,0.3555060184813248,0.3567008574861108,0.35391051976912513,0.3534210076404724,0.3535255007635896,0.3543520419244292,0.35586789321552176,0.3537158121751717,0.3533956058727667,0.35394491577783693,0.3537167153971863,0.35376104449089324,0.3474318383343559,0.35461309209146497,0.35374580976617864,0.3241764875125673,0.35454210845884815,0.35291481993672197,0.3544931851707091,0.35309529860159883,0.3529126041166377,0.35423606617745546,0.35454118397847767,0.35475791717043226,0.3539266825190456,0.3539594712593587,0.3544212027911153,0.35446480542515596,0.3544529131279358,0.35305314566731344,0.35382618855674985,0.35334333278040336,0.3555876352834587,0.3541443368881152,0.35354046117126153,0.35494830059532895,0.3542185504165468,0.3537534545960831,0.35324089953717,0.3699537878909344,0.35464637664810117,0.3540323612450363,0.35443207111385144,0.3566582627526631,0.3547511661907243,0.35321552345497004,0.3536324791296147,0.35110610375759255,0.35450033124894337
18,0.34260447369718944,0.07461644610696733,0.34297232856157844,0.3417434752061277,0.3420298354727022,0.3408269543845648,0.34137252642877564,0.34193156819658643,0.3417758823445026,0.34258849992522783,0.34136687266724025,0.34142644783920206,0.34185409275800643,0.34139241099387296,0.34238982683597347,0.34012980111850283,0.3413580312224344,0.34244133926888026,0.34169678743763504,0.34192430013600117,0.34234551569074556,0.34150247774550424,0.3399633933956608,0.34100990826216504,0.34522511927544985,0.34457427026753246,0.41335724687052255,0.34155613766665965,0.3434790003442797,0.3421655538916055,0.34344697219422016,0.34198002102419983,0.33807018340579975,0.34329967342701045,0.34330023806686355,0.3435225510191491,0.34109082340552555,0.3411500954783793,0.34281740563389956,0.34219853447777626,0.34142831796417333,0.34085804051799673,0.34171454440989213,0.3413271098507437,0.34169511089923776,0.3291381304017722,0.3418897111264591,0.3413101553285421,0.3269913681525883,0.3423170927083856,0.34071785727398896,0.3424982982965992,0.341106696523817,0.34040984558838,0.34197784538027076,0.34326119931645027,0.34237241910460414,0.34157293968831476,0.34185204392817264,0.3423029987351833,0.3417240588041207,0.34104637818137845,0.34044701043098446,0.3418594391981781,0.34190358049695607,0.3438941473526853,0.342534255783182,0.34144507258277956,0.34259418375629735,0.3417897426594138,0.3414653550326974,0.3427001497938464,0.35210550488401965,0.3422197811166088,0.34193477930441535,0.34227327841574307,0.3435128124324227,0.34255930592968825,0.34119373885868975,0.3414245974373653,0.3411677266422606,0.3425451691450876
19,0.33878602786287404,0.05325503891289726,0.33982555951541943,0.3380399207072807,0.3384354030266275,0.3426555023817217,0.3376377283634227,0.3385416765489413,0.33836519156352807,0.3387410906087741,0.3372956177632229,0.33722324809496784,0.3381644059704266,0.33744802741799906,0.3383639881898091,0.33663775311003163,0.33755250280421495,0.3384162002839175,0.33795804577323174,0.3394625008030825,0.34114399076953217,0.3377304584313298,0.3377101041948529,0.3372774556020569,0.34317409785765385,0.339496272591403,0.38406671410410237,0.3373304989174804,0.34028631253275826,0.3392742069396553,0.3398150291124709,0.33790353529735634,0.33315981341586115,0.3404470602075718,0.33910298193374855,0.3412752758731768,0.3381312884401336,0.33796089246296956,0.3427149529223915,0.3376052175621933,0.3371143382487963,0.33718683064830646,0.3376692512433795,0.3375220955682688,0.3376310848575381,0.3164331824241393,0.33766759354252,0.33735268060176393,0.3480026637038825,0.33859204148693317,0.3370556509817688,0.3386478056379314,0.337396136585508,0.33687259764889554,0.33754213071430417,0.3409353964880804,0.3393607587961807,0.33779758868057547,0.33823288622525005,0.3387065040007434,0.3378979635100673,0.33785061977106523,0.3372141198509983,0.33801593554596193,0.33905164525809645,0.3399776786692761,0.3394739785439751,0.3378819487512634,0.3390677773267364,0.3383767138670076,0.33725596924968,0.3384964488242741,0.3306291763182249,0.3378294883361171,0.3384580713082564,0.3386734837155815,0.33970446834362206,0.33900725645823326,0.3383533892645544,0.3377259763946568,0.3386851333540339,0.33916524618815896
20,0.4060973628535985,0.047160860172709845,0.40902577121548894,0.40586121396618235,0.40674016933299245,0.4167323196694044,0.4066032539106005,0.40628435620829617,0.40698314439166394,0.4069461618676858,0.4045819754363597,0.40564730136960786,0.4060539612721906,0.4048432655161466,0.4064866719549295,0.4052207584226063,0.40548454297072567,0.40726982283814933,0.40536915820593145,0.40806200369039436,0.4116541856019881,0.40515759300826265,0.407473520215223,0.4057626324725382,0.41298666583576105,0.40700195172592196,0.3967614133928963,0.40428523809108213,0.4100500715220121,0.41099061897152955,0.40975378215066943,0.4063525133926835,0.3998217736564262,0.41106831033775615,0.40889478583135086,0.41073608209185664,0.40699363865009747,0.4062540198403069,0.41580384467137216,0.40617628690493257,0.4043124257231054,0.4051895043543566,0.40580457093400596,0.40542928937692346,0.4054247908270704,0.37617602322305776,0.40627923361298457,0.4051000184115657,0.40843294724608054,0.40715693067203523,0.40551739342611837,0.40678383056242695,0.4061867280854224,0.40601466139498366,0.4047127004236426,0.41238877580412575,0.40672795092898356,0.40586848746594073,0.40640026825599607,0.4069220345987855,0.40598095986195964,0.40684014691054526,0.4069041613729039,0.4054082212231203,0.4078620601305665,0.40893631208187037,0.40750642313149055,0.405905799043547,0.40727820580238755,0.4070637492077351,0.4047090564729118,0.40654681539833865,0.3797514907839214,0.40580775802593044,0.4064361121934679,0.40692365675447156,0.40344484443505474,0.40731546540442304,0.40644776587393827,0.4055087561371464,0.40146257569893273,0.408745346411589
21,0.41274386279517605,0.07534139353257945,0.4161922318045109,0.4122339602482057,0.41400407927398486,0.4265249128556247,0.4142885295125167,0.4130593661121415,0.4135706125956939,0.4140791039514241,0.41025169471671447,0.4122427662815738,0.41304576666215437,0.41133247698260755,0.41395064311308316,0.4131290615255358,0.4120877749510416,0.4128424426848052,0.4123868550475118,0.40948944416597843,0.41628477023391347,0.41102778170535414,0.41746539372912067,0.4133862691577342,0.4193278701783875,0.41419824577493103,0.35355260610686307,0.41206864132911175,0.41710277661019485,0.42001337196641425,0.4185712634957795,0.41306859124994466,0.40764377029139676,0.4187313412310732,0.41701543274022584,0.4189219841017523,0.4137855429523189,0.4131988062303997,0.4322078994151351,0.41350911788760675,0.4092607083369686,0.41195422387595104,0.41262044413248883,0.4122264866701715,0.4122738446645198,0.3836848984146597,0.41391866035519714,0.41204531072513384,0.41599977348880357,0.41484497500374734,0.4121678045181714,0.413996141851069,0.41601067796573166,0.4141049750434,0.41123133094162007,0.4211234436551352,0.41281286726982586,0.41278484646385954,0.41354192718528276,0.4138433619475382,0.4126641195949064,0.41424480278120923,0.4148022480808058,0.411998066361266,0.41578644165826795,0.41496952346656485,0.41398688047640775,0.4125573165132453,0.4142445712932769,0.4138164983666477,0.4114318991411632,0.41595739491670225,0.39658574505318744,0.412512187329222,0.4124017694160676,0.4137269033455443,0.41319481726627894,0.41292810269969066,0.4121755969409523,0.412300616331212,0.4054485355979276,0.4155350856014976
22,0.35464094612611075,0.10483439242166204,0.35792002609668505,0.3529290601228885,0.3556647089545596,0.35519957024405935,0.35630634233097663,0.35473130849275775,0.3545549355756678,0.3552240657370234,0.3521509957019015,0.35353344290191047,0.3560578747861264,0.35361666756817006,0.35602681986128987,0.3560706698678918,0.3537244217853685,0.3517789839791733,0.3552786703463738,0.3388895754598194,0.3548386885710407,0.3521707394584229,0.36008677394155864,0.3552922537889385,0.35850520604298564,0.3519002352700814,0.26850617256798415,0.3530248236260688,0.3589659098194916,0.36359304520602287,0.3588467201639173,0.3540830527853826,0.3501490645098455,0.3597084966714551,0.358136466375426,0.35760251702459794,0.35547622674327123,0.35399802102555045,0.3681181477319104,0.3561134414312917,0.35032757540614096,0.3537039691285083,0.35424713892853826,0.35421627614757667,0.3536957783596896,0.33677011673120943,0.35624427654732854,0.3543138099856019,0.4019590869522442,0.35653187668784037,0.35342513299591555,0.35562585047141004,0.3596309169682264,0.35578679080594455,0.3531468007356165,0.36185442424488,0.35476737045341794,0.35435591485960327,0.3556426478041767,0.35528375614159197,0.35421312572973984,0.3543789343289941,0.35760231021078265,0.35400179648253066,0.35810124509801516,0.35351300769447364,0.35451199424925217,0.3543987158264377,0.35566441711795604,0.354599120175144,0.35354096451806294,0.35903781621891523,0.3705842163751084,0.35436932671110855,0.3526023735725547,0.3549458051156665,0.356791517684828,0.35250096839591427,0.35308203814458095,0.3538526933156562,0.3527508162671291,0.355928833932657
23,0.28505106286192405,0.17858132117632805,0.2888676138903568,0.28278231839557944,0.28609019222975507,0.26453444976900836,0.28536508939605204,0.28383474373167594,0.2850718694100348,0.2857856523695078,0.2836304757787909,0.2839383712154637,0.2881996583668402,0.2846691787254053,0.2871409717378806,0.28606945965436453,0.28373223745724074,0.2780003929023336,0.2875396809602468,0.2637232890485463,0.2810264744766772,0.2820022643157116,0.2909681207789656,0.28487980382190514,0.2853593546767192,0.27827706411574216,0.1500128124489747,0.2832311663809892,0.29140970235092883,0.302165874470741,0.2876929224952456,0.2834309119003562,0.2786041236719676,0.28762430896209124,0.28808253683617,0.2864282277512582,0.2855583549990776,0.28378281977641573,0.2836153435706106,0.28712794479865283,0.2811868309248905,0.28444459381254095,0.2845638670950645,0.28471954608682454,0.28487925076198084,0.30594267124032865,0.28612859564334403,0.28578435729652224,0.3800726440957997,0.2870574772352966,0.2833298978592875,0.286345767744516,0.28975876250715804,0.2861135233237428,0.28545681577299514,0.29513054701242813,0.2807942639930909,0.2845623545068671,0.2866766116383064,0.28524689377478624,0.28343468650817544,0.2832801828079629,0.2885189657893024,0.28653332874782156,0.2885795542937506,0.28004690605539945,0.2836473719548308,0.2846648433597452,0.2863216053279815,0.2822722607196914,0.28615653662154605,0.2909192983915286,0.33556445547648256,0.28502268720696455,0.28188242797603275,0.28442232231100467,0.2697053406491491,0.28111933685009466,0.28499668017208024,0.284342330436415,0.28687724930469827,0.2873256080292102
24,0.2850510628619241,0.17858132117632775,0.28886761389035703,0.28278231839557866,0.2860901922297552,0.264534449769008,0.2853650893960524,0.28383474373167694,0.28507186941003515,0.2857856523695076,0.28363047577879186,0.2839383712154637,0.28819965836684064,0.2846691787254054,0.2871409717378814,0.2860694596543641,0.28373223745724196,0.27800039290233364,0.2875396809602469,0.2637232890485464,0.2810264744766767,0.2820022643157111,0.29096812077896583,0.2848798038219043,0.2853593546767204,0.2782770641157415,0.1500128124489754,0.2832311663809893,0.291409702350929,0.30216587447074084,0.28769292249524575,0.2834309119003563,0.27860412367196785,0.28762430896209096,0.28808253683617,0.2864282277512587,0.28555835499907734,0.2837828197764161,0.2836153435706101,0.2871279447986529,0.28118683092489033,0.28444459381254134,0.2845638670950645,0.284719546086824,0.28487925076198045,0.30594267124032837,0.2861285956433432,0.2857843572965217,0.38007264409580016,0.2870574772352959,0.28332989785928775,0.28634576774451603,0.28975876250715815,0.28611352332374274,0.28545681577299514,0.295130547012428,0.28079426399309015,0.2845623545068667,0.2866766116383064,0.2852468937747867,0.28343468650817755,0.28328018280796285,0.2885189657893029,0.28653332874782167,0.28857955429375026,0.2800469060553994,0.28364737195483253,0.28466484335974507,0.28632160532798256,0.28227226071969175,0.2861565366215468,0.2909192983915286,0.33556445547648256,0.28502268720696433,0.2818824279760324,0.28442232231100467,0.2697053406491492,0.2811193368500949,0.2849966801720802,0.28434233043641577,0.28687724930469793,0.2873256080292097
25,0.3546409461261107,0.10483439242166206,0.35792002609668505,0.3529290601228885,0.35566470895455926,0.3551995702440594,0.35630634233097674,0.3547313084927577,0.3545549355756678,0.3552240657370234,0.35215099570190156,0.35353344290191047,0.3560578747861266,0.35361666756817006,0.35602681986128987,0.35607066986789193,0.35372442178536817,0.3517789839791733,0.3552786703463738,0.3388895754598194,0.35483868857104034,0.35217073945842287,0.36008677394155864,0.3552922537889385,0.35850520604298564,0.3519002352700816,0.26850617256798415,0.35302482362606874,0.3589659098194914,0.3635930452060231,0.35884672016391733,0.3540830527853827,0.3501490645098457,0.35970849667145494,0.35813646637542607,0.35760251702459794,0.35547622674327134,0.3539980210255501,0.3681181477319104,0.3561134414312919,0.3503275754061406,0.3537039691285082,0.3542471389285382,0.3542162761475769,0.3536957783596895,0.33677011673120966,0.3562442765473287,0.3543138099856021,0.40195908695224425,0.35653187668784025,0.3534251329959155,0.3556258504714099,0.35963091696822647,0.35578679080594455,0.35314680073561616,0.36185442424487996,0.3547673704534175,0.3543559148596031,0.3556426478041767,0.3552837561415919,0.3542131257297399,0.3543789343289941,0.3576023102107825,0.3540017964825307,0.35810124509801505,0.35351300769447375,0.3545119942492524,0.3543987158264376,0.3556644171179559,0.3545991201751441,0.35354096451806316,0.35903781621891506,0.3705842163751087,0.3543693267111086,0.35260237357255503,0.35494580511566665,0.3567915176848283,0.3525009683959144,0.3530820381445807,0.35385269331565644,0.35275081626712934,0.3559288339326569
26,0.41274386279517605,0.07534139353257949,0.41619223180451115,0.41223396024820563,0.41400407927398486,0.4265249128556247,0.414288529512517,0.41305936611214167,0.4135706125956937,0.4140791039514241,0.4102516947167144,0.4122427662815738,0.41304576666215437,0.4113324769826075,0.4139506431130831,0.41312906152553575,0.41208777495104143,0.41284244268480513,0.41238685504751194,0.4094894441659785,0.41628477023391347,0.4110277817053542,0.41746539372912056,0.413386269157734,0.4193278701783876,0.4141982457749312,0.3535526061068632,0.4120686413291119,0.4171027766101948,0.42001337196641425,0.41857126349577956,0.41306859124994466,0.40764377029139687,0.4187313412310733,0.41701543274022596,0.41892198410175235,0.41378554295231884,0.4131988062303995,0.4322078994151351,0.41350911788760675,0.4092607083369686,0.4119542238759512,0.412620444132489,0.41222648667017153,0.4122738446645198,0.3836848984146596,0.41391866035519714,0.41204531072513384,0.4159997734888035,0.4148449750037475,0.4121678045181714,0.41399614185106903,0.4160106779657317,0.4141049750433999,0.4112313309416202,0.4211234436551352,0.4128128672698255,0.41278484646385977,0.41354192718528293,0.4138433619475383,0.4126641195949066,0.41424480278120923,0.4148022480808059,0.4119980663612661,0.41578644165826784,0.41496952346656496,0.4139868804764077,0.41255731651324506,0.41424457129327713,0.4138164983666478,0.41143189914116324,0.4159573949167024,0.3965857450531872,0.4125121873292217,0.41240176941606776,0.4137269033455443,0.4131948172662789,0.41292810269969044,0.4121755969409523,0.4123006163312121,0.40544853559792754,0.4155350856014975
27,0.40609736285359854,0.04716086017270978,0.4090257712154889,0.4058612139661822,0.40674016933299256,0.41673231966940416,0.4066032539106005,0.40628435620829606,0.4069831443916637,0.40694616186768556,0.4045819754363596,0.40564730136960797,0.4060539612721905,0.4048432655161465,0.4064866719549295,0.4052207584226063,0.4054845429707258,0.40726982283814944,0.4053691582059315,0.40806200369039447,0.41165418560198813,0.40515759300826265,0.40747352021522254,0.40576263247253835,0.412986665835761,0.407001951725922,0.3967614133928962,0.404285238091082,0.410050071522012,0.4109906189715298,0.40975378215066965,0.40635251339268325,0.39982177365642624,0.4110683103377564,0.40889478583135064,0.4107360820918566,0.40699363865009736,0.40625401984030696,0.4158038446713721,0.40617628690493285,0.40431242572310533,0.4051895043543567,0.40580457093400585,0.40542928937692335,0.4054247908270704,0.37617602322305776,0.4062792336129845,0.40510001841156584,0.40843294724608026,0.40715693067203534,0.4055173934261185,0.40678383056242706,0.40618672808542233,0.4060146613949835,0.4047127004236427,0.4123887758041258,0.4067279509289836,0.40586848746594056,0.4064002682559962,0.40692203459878545,0.4059809598619597,0.406840146910545,0.40690416137290397,0.40540822122312037,0.40786206013056675,0.4089363120818704,0.40750642313149094,0.4059057990435469,0.40727820580238755,0.40706374920773486,0.4047090564729118,0.4065468153983386,0.3797514907839215,0.4058077580259302,0.406436112193468,0.40692365675447145,0.4034448444350548,0.40731546540442304,0.4064477658739382,0.4055087561371462,0.4014625756989327,0.4087453464115893
28,0.33878602786287404,0.053255038912897526,0.3398255595154195,0.33803992070728095,0.33843540302662745,0.34265550238172177,0.3376377283634227,0.33854167654894124,0.3383651915635282,0.3387410906087743,0.3372956177632229,0.33722324809496795,0.33816440597042663,0.3374480274179989,0.33836398818980895,0.33663775311003186,0.33755250280421495,0.3384162002839178,0.3379580457732319,0.3394625008030826,0.34114399076953245,0.3377304584313296,0.337710104194853,0.3372774556020569,0.34317409785765396,0.3394962725914026,0.38406671410410254,0.3373304989174803,0.3402863125327584,0.33927420693965543,0.3398150291124706,0.33790353529735634,0.3331598134158611,0.340447060207572,0.3391029819337483,0.3412752758731769,0.33813128844013324,0.3379608924629693,0.34271495292239174,0.33760521756219347,0.337114338248796,0.33718683064830646,0.33766925124337954,0.3375220955682687,0.33763108485753796,0.31643318242413915,0.3376675935425199,0.33735268060176404,0.3480026637038825,0.3385920414869331,0.33705565098176876,0.33864780563793095,0.3373961365855079,0.3368725976488955,0.3375421307143044,0.3409353964880804,0.33936075879618055,0.3377975886805756,0.33823288622524994,0.3387065040007435,0.3378979635100672,0.33785061977106523,0.3372141198509981,0.33801593554596204,0.3390516452580963,0.3399776786692763,0.33947397854397515,0.33788194875126315,0.3390677773267363,0.33837671386700763,0.3372559692496797,0.33849644882427415,0.3306291763182251,0.3378294883361171,0.3384580713082562,0.3386734837155813,0.33970446834362217,0.33900725645823326,0.3383533892645545,0.33772597639465674,0.3386851333540341,0.339165246188159
29,0.34260447369718944,0.07461644610696704,0.3429723285615782,0.3417434752061275,0.34202983547270205,0.3408269543845645,0.3413725264287754,0.34193156819658604,0.34177588234450296,0.34258849992522805,0.34136687266723975,0.34142644783920206,0.3418540927580061,0.34139241099387263,0.34238982683597313,0.34012980111850305,0.34135803122243435,0.3424413392688799,0.34169678743763465,0.3419243001360015,0.34234551569074556,0.34150247774550424,0.33996339339566095,0.3410099082621649,0.34522511927544997,0.3445742702675321,0.4133572468705223,0.34155613766666026,0.34347900034428,0.3421655538916055,0.34344697219421977,0.34198002102419983,0.33807018340579975,0.34329967342701057,0.34330023806686333,0.34352255101914875,0.34109082340552555,0.3411500954783796,0.34281740563389973,0.34219853447777643,0.3414283179641733,0.34085804051799673,0.34171454440989213,0.3413271098507433,0.3416951108992376,0.3291381304017718,0.34188971112645894,0.34131015532854236,0.3269913681525888,0.34231709270838545,0.3407178572739891,0.3424982982965994,0.3411066965238172,0.34040984558838017,0.34197784538027104,0.34326119931645066,0.34237241910460425,0.3415729396883149,0.34185204392817264,0.3423029987351831,0.34172405880412055,0.3410463781813785,0.3404470104309844,0.34185943919817785,0.34190358049695607,0.34389414735268525,0.3425342557831819,0.34144507258277995,0.3425941837562973,0.3417897426594138,0.3414653550326976,0.34270014979384644,0.35210550488401965,0.3422197811166088,0.3419347793044152,0.3422732784157432,0.34351281243242254,0.34255930592968786,0.3411937388586896,0.3414245974373653,0.3411677266422606,0.3425451691450876
30,0.35476229699307166,0.08535302744375911,0.3545537344570567,0.3540284321287779,0.35407607637556465,0.3522254947645802,0.35390159242791214,0.35395277529353325,0.3540696224774057,0.35435483946948027,0.3537696148168411,0.3546035911609669,0.35419313470974734,0.35355938384515867,0.3544029446184939,0.35218678208376974,0.35360231480607446,0.3554157111181862,0.3532264545324537,0.35378103845862063,0.3534429174347668,0.35425439883544085,0.35110484913908846,0.35369563911251284,0.35553525137353686,0.35690151575172935,0.4324367570704338,0.35318022816439304,0.35448149630005754,0.3532745707724021,0.3556495800180904,0.3545781271334572,0.3514567024378511,0.35550601848132435,0.35670085748611124,0.3539105197691251,0.35342100764047274,0.35352550076358935,0.3543520419244294,0.3558678932155219,0.3537158121751714,0.35339560587276686,0.353944915777837,0.35371671539718624,0.35376104449089285,0.34743183833435587,0.3546130920914651,0.3537458097661782,0.3241764875125672,0.35454210845884815,0.3529148199367221,0.3544931851707089,0.35309529860159916,0.35291260411663766,0.3542360661774556,0.3545411839784776,0.3547579171704326,0.3539266825190456,0.35395947125935884,0.3544212027911151,0.3544648054251557,0.3544529131279355,0.3530531456673131,0.35382618855674985,0.35334333278040325,0.3555876352834584,0.3541443368881149,0.35354046117126164,0.3549483005953291,0.35421855041654693,0.3537534545960828,0.3532408995371696,0.36995378789093447,0.35464637664810134,0.3540323612450363,0.35443207111385155,0.3566582627526631,0.3547511661907242,0.3532155234549698,0.3536324791296147,0.35110610375759266,0.3545003312489441
31,0.3577085656052287,0.08995915003694227,0.3573938534460491,0.35702408692419446,0.35701092395373507,0.3568674641120416,0.35641105755650493,0.3566953307247361,0.35694903146412105,0.35721672349351746,0.35715101601999727,0.35782800524719427,0.3573806158719311,0.3567176006017184,0.35701239368366067,0.3557382121271329,0.35664628362453377,0.3581881630322035,0.3561527255838835,0.3576789422243432,0.35853213610387547,0.3573164686729554,0.35377690793428374,0.35676925172001234,0.35743297965609677,0.3581897225716244,0.4417000857346439,0.35590661640054866,0.3563331705436242,0.3573752671599633,0.3585318559575902,0.35790152341336817,0.3553561998941635,0.3592242971241109,0.3594604968729991,0.3550795885363442,0.35692231616094344,0.3568654702814034,0.35522160601465325,0.3589932552374254,0.35644025868798984,0.35653199414360376,0.35701060203751106,0.35683340297429245,0.35589404907162003,0.35094018176066055,0.35774118094511415,0.3565436582278725,0.32715647735677555,0.3574117373673725,0.35600174126767464,0.35699470400311484,0.3561130676723297,0.3564966206197013,0.35717838425094184,0.35731391335338775,0.35721989195852816,0.3568949794487595,0.3568332373720088,0.3574729055919615,0.35753675057104106,0.3579364849969001,0.3569723783685216,0.35679200512775006,0.3559178200910455,0.35802260395660557,0.3570933450367142,0.35691306935457484,0.35768006221212373,0.35741959652359434,0.35688306428539995,0.35624047790893043,0.36480633846557853,0.3574125245666055,0.3573009128838394,0.35766842653327974,0.358991573317993,0.35761155059395594,0.35562928243241965,0.3565202263930606,0.354570058423113,0.35679206258190166
32,0.3717955410795802,0.07189329627817397,0.3719175698734222,0.3715596839243065,0.37121280540496804,0.3711292987660744,0.37072345497482306,0.3704980249420644,0.3711484741804062,0.3717109344096108,0.37134758135212725,0.3719275173990897,0.371302241138743,0.3709528947214021,0.37122258386886553,0.3713215197514572,0.37106408810337027,0.3722782278288037,0.37092158101476297,0.37275421412121706,0.3728790822135322,0.37117492935723595,0.36974808233053474,0.37091512293750645,0.37164521626294106,0.37091432873581925,0.4376867642921896,0.3704438654560826,0.3706350643671462,0.37146594181896697,0.372624218614924,0.37222335542545065,0.37074255470213574,0.3735945961857848,0.37143500921362954,0.3694986104314441,0.3718594080007121,0.3711346231988577,0.36966682115665384,0.3720930665473472,0.3708788385062729,0.37103108055090395,0.37134506870892586,0.3712761712702042,0.36967629857560164,0.3730375340863004,0.3723725357367218,0.3706997872777881,0.3430065589335857,0.3716095656747363,0.3708531799168263,0.3713149774290148,0.37116006389622874,0.37119092134479414,0.371604917785044,0.37179975677212734,0.37111427172076683,0.37119010975057926,0.3708677838511417,0.37135228404899734,0.37167472267825935,0.3721341774236506,0.3718855051978024,0.3709875804408626,0.37064726096783696,0.372006819103531,0.37115335974013824,0.3715452411001304,0.37153204408382123,0.3717185613920908,0.3712897839552414,0.3699849173356823,0.37215803228128364,0.37145874843964166,0.3718369684299092,0.37205017327446355,0.37106126754864077,0.37209865922410695,0.36974552547162315,0.37087096485869214,0.37016917361880874,0.37087873693922613
33,0.42102910746322453,0.019450022316906363,0.42216744371166187,0.421136985385629,0.420998019336399,0.42060279649706966,0.42125072708355465,0.42035477052538106,0.42127230023246864,0.42149412394041746,0.4207055079578372,0.4215411922342823,0.4204293211430982,0.42072915952361556,0.42083848592459483,0.42233694952399126,0.4210772280322408,0.4214486867578434,0.42078153550125424,0.42305084573120905,0.4204592610850681,0.4207080400057616,0.4205492792403288,0.42112795168941464,0.4216249221996639,0.4228994738143266,0.417088701992938,0.42058722237945717,0.42117851191027983,0.42121897245171924,0.4223615223430766,0.42183048585191113,0.4213171673530782,0.42302592591124155,0.41956933880011715,0.42093090674979206,0.42183919154401334,0.4209936379288358,0.421242419322794,0.4217674846354408,0.4211483873470929,0.42113382042191266,0.4215426238057669,0.4212049727671683,0.42008130351493433,0.4279046397948086,0.42218981043035053,0.4205129279370582,0.4042031578513199,0.4215259185301985,0.4213146619726695,0.42130146426541787,0.421754490924251,0.4208813263986755,0.4213531684433908,0.42122604011454384,0.4218791940378831,0.4210140990170276,0.42039860647150457,0.4208776241359643,0.4213629226114928,0.42187232162583727,0.4217765911352858,0.42073137577598685,0.42089931995476365,0.4217281562743058,0.42080851944622394,0.4214224275131422,0.420671804983669,0.42176210954291316,0.42148888831809833,0.4203197933270277,0.4211413718930954,0.4213463756236311,0.42148671661180676,0.42170822969368105,0.42025110342310834,0.42176593420121594,0.4209237365926661,0.42072324946950723,0.41940975486979476,0.4207431597369694
34,0.4317844468438204,0.021434166583261548,0.43281268515271865,0.43188098060157804,0.43199936832285396,0.43203680867207145,0.432314634882777,0.431615582561198,0.4324787678986782,0.432127293412797,0.4312913099553199,0.4324556392058437,0.4309150050298708,0.4319235910717643,0.43171585439454513,0.43345552656436603,0.43202725783307105,0.4319382967251458,0.43128610988780697,0.43342421551693294,0.4304965657347264,0.43210292544975953,0.43164872461457576,0.4320897719745237,0.4324293530283775,0.43477508748717336,0.4143579251989207,0.4320583834038284,0.43275554189259907,0.43240166177229367,0.43287151240101995,0.4323891810989618,0.4320033278868808,0.4330889332203783,0.4312637000123878,0.43247244745009433,0.43241278501127584,0.43215581973509626,0.4328279146066773,0.4323073422106017,0.4323656306590312,0.43218701811569865,0.4323803451313837,0.4322948936362169,0.43126005486132707,0.43638278164147126,0.43257518284353935,0.43147945268754095,0.42253563516622583,0.4322441587129831,0.43233644694013934,0.43219453656687584,0.4328288808506342,0.43155771217287564,0.4318668841286592,0.43175057194552424,0.4335152978406775,0.43203371525878215,0.4313592746118418,0.43181509846926874,0.4324625317941374,0.43217728614569484,0.4324401338844226,0.43154857512308303,0.43184972152944884,0.4325122375554646,0.4316644302869955,0.43220793417768616,0.43132179598830606,0.4325348429828568,0.4324209432463302,0.4316532325617861,0.4284167541688331,0.43231362058660794,0.43210241460756993,0.43220689512801325,0.4316006170346049,0.43253791821626597,0.43215191827398153,0.43169692884475763,0.42977492780386806,0.43158868344472856
35,0.43637158035776746,0.018580126740644888,0.43700351025260936,0.43666271354828307,0.43654380116506514,0.43680933358610163,0.43705702508708294,0.43635620819433535,0.4371471817175256,0.43669424548742414,0.4358532128437622,0.43734666854068527,0.4356709885745394,0.4365518594074069,0.43634089708182827,0.4372574455992465,0.43678295303431725,0.4359791745610069,0.4359575595513561,0.43803986600239586,0.43585369705846655,0.43693750714422613,0.4365104376434373,0.4365279614351892,0.43680534329477366,0.4383789500604545,0.42099488382875144,0.4369464113455784,0.43763023556062336,0.4373448638978175,0.43702732643263026,0.43672997726276624,0.43640731867789884,0.4372726625019675,0.4365999916071272,0.436959145082803,0.43704834809527776,0.4369579984577998,0.43634025503885837,0.4364470703505266,0.43723296237538917,0.43676929616338606,0.43672602302534,0.436915662360233,0.43575968250793157,0.4397109216570799,0.43695748117736033,0.4362013970853748,0.428468502285447,0.4365143226415038,0.4368104179437642,0.43667264845298936,0.43730247806257333,0.43632242090543394,0.4363334255106767,0.4361878208862131,0.43792532048474603,0.43654007711239445,0.43613984091889113,0.43632344667905615,0.4371681228022188,0.43649699780220125,0.43657677193049177,0.4362147538579366,0.4363524405992528,0.4373147089028015,0.43625460667884386,0.436595545534731,0.4357108833786805,0.437115691696361,0.43692160202727165,0.43630110094419444,0.4335047263208868,0.43675474275111764,0.436488669215727,0.436461822005035,0.43676133481995816,0.43709786947986107,0.4368113052128407,0.43649544174155563,0.4344936792326358,0.43624443443906297
36,0.43881695920516994,0.013693037085660656,0.43924380117375517,0.438904239763379,0.43890653356219883,0.43932704041391846,0.4395087642617116,0.4390258433982696,0.4393428341329384,0.4390181928932062,0.4385829426614518,0.439690369216796,0.43847435181255456,0.4389030171489766,0.4388412205798522,0.4392546997777269,0.43915511689244785,0.43819143248228576,0.4384704700355233,0.44013818329406557,0.4391964141063995,0.4393161788628985,0.4387212219112133,0.43895003229269586,0.4391590417562892,0.4398077181202395,0.4285735350581887,0.4392340915295938,0.440004179706205,0.4394691317277147,0.43924520898905806,0.4390089508488857,0.43882210774777414,0.43930698554442554,0.4390340454467945,0.43923648073600685,0.439443817753205,0.4391083999920466,0.4381157625364132,0.43923766863364727,0.4394149742481622,0.439115545107544,0.43912943723428927,0.439189003684936,0.43808909027367593,0.4414487090802573,0.4394684462523488,0.4386198650658655,0.43144449820327313,0.43888381003153093,0.43917325615080927,0.43902533350634215,0.43949163022359466,0.4390940154520121,0.4386404183705029,0.4383135847619323,0.4397409520793391,0.4388877553808446,0.4386939450897958,0.4385519039735654,0.43916896762067203,0.4390098479100872,0.43887357118412035,0.43875296638365935,0.43899639799034956,0.4396372454107249,0.4386700596407932,0.43897194785749605,0.43804036245217304,0.4396886870658802,0.43930928647271217,0.43840580782472144,0.4364278861947188,0.43910313380016874,0.4388827294371424,0.43861053411424655,0.4393431321548334,0.4393426996473701,0.43945023703528696,0.4391045742418476,0.43825590466734027,0.43892455633587885
37,0.43822848862976455,0.008558308444652274,0.43835630520602253,0.438113937145309,0.4381320571459907,0.438594961573743,0.43889741716375363,0.4384712128350885,0.43833359699830393,0.4382747087588544,0.43797906392441427,0.43893790080494405,0.43809273679151206,0.4381290429988218,0.4381300511394259,0.4385512545770952,0.43832014521007095,0.43792471193224,0.43814882293059476,0.43903133184672966,0.4388772507519186,0.4386069892137169,0.43812218598872216,0.4384406496750068,0.43869479235894543,0.4400338727840693,0.4314932193324074,0.43832881911557675,0.43875947256508335,0.4384219923608823,0.4384470038143614,0.4381072142433439,0.4381223036685133,0.43872177339607343,0.4380463357889647,0.43833104548017593,0.43856114882212105,0.43827644298050267,0.4376392216956776,0.43873723721951424,0.4385547614927098,0.43837037387445404,0.43853518972414723,0.4384486032774223,0.43757983019574015,0.4392272263388298,0.4387662046614074,0.4380523722052294,0.43471399768020896,0.4381217068536135,0.4385092723301948,0.43841801590442514,0.4387831083514653,0.4386533286649631,0.43807850581602376,0.4374350105853937,0.43850870486797994,0.4381367058587772,0.4380852796709239,0.43787460581155874,0.4383924305834329,0.4385165193738868,0.4386079481928389,0.43815342572116694,0.438727395652169,0.43864453123625896,0.4381974406835915,0.4382684644721339,0.4374303983931383,0.43896036246662584,0.43856878396183097,0.43766813846423924,0.43670342827838066,0.43844750312403485,0.4383335430355566,0.4377806807174934,0.4386291924280323,0.43842966098148517,0.4385848403521725,0.43841253994933116,0.43833921509869195,0.4384416128107121
38,0.4422353211431863,0.004713441660663005,0.4422296629084328,0.4420168088774542,0.44210109900520655,0.44244657740953486,0.4429058564171895,0.44242411409850807,0.44211512986634655,0.442074008229605,0.4419634362433741,0.44269906340224946,0.44215237938091423,0.44205013142847105,0.4419363902440969,0.4426355070457878,0.4420642504688084,0.44225704820841416,0.4422747958844641,0.4426844914508151,0.4426897982243577,0.44234949841243587,0.4422278583353504,0.44229218238783724,0.4426563518351391,0.4442710425759523,0.43896666371374593,0.44220229370931646,0.4421326765109247,0.4422705892068379,0.44228909350699425,0.4419876623008562,0.44197027182465176,0.4425703041037944,0.44216110544359144,0.4422373492888855,0.4424930583261353,0.44233886135324885,0.4417876490099536,0.44252088408190643,0.4423818238895635,0.4421659120353654,0.44253593012767567,0.4422450481494606,0.44179823002639235,0.44260225246972423,0.4425637373845858,0.4421393686748973,0.4414982123390656,0.44197019766961443,0.4424785753987485,0.44251260407116155,0.44260330669100323,0.44252346876252374,0.4421427179321835,0.44142244971285816,0.4422573295881694,0.44207637737158756,0.44214409127582055,0.4418484293532265,0.44217878149043854,0.44253138918781,0.4427570025313897,0.4422723874471965,0.4427307144713284,0.44223077624222984,0.44220122581811755,0.4423105632844667,0.4414622668027573,0.44268457499683356,0.44244780803722955,0.44193500878316916,0.44134147885172387,0.44241121975570263,0.44235231736093356,0.4417118862712694,0.44227779896369845,0.4421334499983162,0.44234601084375375,0.4422021467002484,0.4425290639604091,0.44242181201066166
39,0.45624889011711545,0.0032677045589945128,0.456148988235074,0.455884723887584,0.4561075746627762,0.4562657453221934,0.4568917729881495,0.456480581612287,0.45609097076069155,0.45596572600422236,0.4560811732208358,0.4564651967695873,0.45593394454231173,0.4561274113586356,0.45590643646846135,0.4565435265078388,0.45598566450945194,0.4561595056110029,0.456378193392802,0.4563604202906067,0.4564026154493829,0.45603143222778264,0.45636176371308873,0.45628666162309967,0.45641439927824934,0.4574214384661693,0.4547236535036459,0.45641733429494835,0.45582524425203025,0.45637858560202904,0.45607180768057404,0.45616352687991135,0.4561101731557074,0.4562654181400827,0.4564699061069546,0.45627511705742346,0.4564372969885826,0.4564142701294438,0.4558369449509243,0.45646240859611703,0.4562074728664535,0.45604389267384116,0.4564229919226376,0.45606894814557725,0.45614385721634926,0.45765599884213415,0.45634141862501776,0.4562916863808417,0.45687226837921097,0.4560111792839348,0.4564460993799902,0.4564691695390857,0.4564610879024371,0.45653202981497215,0.45630987652754645,0.45560771629715474,0.456214977235451,0.4560075621731382,0.45624708197677954,0.45593285846270803,0.4559435296566902,0.4564804971594663,0.4567210452080674,0.45634844755390974,0.4567072304298643,0.45607817910473064,0.45629519651563283,0.45621848550038163,0.4556433877005734,0.4564414234122031,0.45647120785323925,0.45616463191850415,0.45595409171712253,0.4564001835744452,0.4562716906085896,0.45569649650538957,0.45578963918968707,0.45611352658769183,0.4563433638825617,0.4561780466613709,0.4562988406689202,0.45651634007427355
40,0.4827277458657557,0.0036651050640275997,0.4825135315489143,0.482362322632002,0.4825677635932895,0.48259599848222057,0.483280400378957,0.4829852648723917,0.48263128460144183,0.482471683449311,0.4825469376051468,0.4826822021637756,0.48226011542970304,0.4826594546439796,0.48245140566783,0.48281894718329815,0.48258070620294347,0.48254702303469593,0.48289113782595744,0.4828947792444307,0.482593945444685,0.4825165078553058,0.48269230767359234,0.48287594239206955,0.4826038166716787,0.48292276596273565,0.48145191782973956,0.48306253709576363,0.4820934163209709,0.4829149421308995,0.48263119171672414,0.4827621094729821,0.4828110777790807,0.48267921340228764,0.48306138133330334,0.4827332310446147,0.482828176562368,0.4828684435397301,0.48248716533600355,0.48289340338595704,0.48274215661771197,0.4825933317724787,0.4828608442256982,0.48249249223767876,0.4827834950621603,0.4854662242852,0.48270096751235936,0.4828603948523435,0.4827015198189601,0.4825881781348906,0.4830381079596591,0.4829115443884935,0.4828801236798775,0.48300197062009725,0.48259119007242873,0.4822610349214168,0.4827271773364483,0.4823314390509207,0.4828550455230294,0.482675023979644,0.48216947166399443,0.4829409348545287,0.48312922671267544,0.4828020563742485,0.4831429443552302,0.4827769314100754,0.4829723053737465,0.482642272995855,0.48225071591764757,0.482724809915204,0.4828781130735396,0.4827836779642399,0.4827734165545365,0.4828541544956185,0.48278978650408033,0.48214089079431066,0.48239132757273445,0.4825535549592164,0.48295166432273773,0.4826405016047379,0.4826611677657861,0.48296303051343215
41,0.5247283234489746,0.0027447228260693815,0.524475517835303,0.524536538670134,0.5245435496891934,0.5245320445918611,0.5250811752956079,0.5250672273158141,0.5245947331542546,0.5245496873394797,0.5246009281382749,0.5245853453306106,0.5243047095228968,0.5247464909691516,0.5243663152802649,0.5249220338520904,0.5247372320244155,0.5246521164051469,0.5248345679283732,0.5250868563420812,0.5244206435763364,0.5243287958823741,0.5246623132708109,0.5248129914885082,0.5243800989343328,0.52451455392648,0.523969163443985,0.5250050553937334,0.5241405291545295,0.5249515730433768,0.5249797426966863,0.5247871502626272,0.5248623975693429,0.5247712945794301,0.5250831506700103,0.5245576993497681,0.5247867633854639,0.5247419818269211,0.5246853657873114,0.5247870252940787,0.5250155791739959,0.5247933255450783,0.5248733747420199,0.5245753843549402,0.5247549649888215,0.5264144704276499,0.5246593043417458,0.5248793245746365,0.5244722932022176,0.5246300930097583,0.5249813811914305,0.5249720271100021,0.5247998673302785,0.5249372978813999,0.5245285153647734,0.5242586656275879,0.5247292830136635,0.5242764856798869,0.5249763784918647,0.5250088907636745,0.5243673903789648,0.52481421215227,0.5249303592402563,0.5246285437998092,0.5252187175563193,0.5247940880976344,0.5250667759850604,0.524578551108805,0.5244262215562548,0.5246832281823401,0.5248963279683599,0.5247579518893065,0.5249986567745881,0.5247799655551707,0.5247872498877373,0.5243524511434239,0.524593426032222,0.5245298486180058,0.5249689226008293,0.5245989479616541,0.5247205341586723,0.5247912392337929
42,0.5929493856953988,0.0017724593758136195,0.5929624472245543,0.5929188914651977,0.5927911509758007,0.592733810126109,0.5930108565532659,0.5933674117337776,0.5927769127488492,0.5928406320879106,0.5927908764873006,0.5928734545256058,0.5925432010155866,0.5929960523050705,0.59249873220556,0.5931291919786936,0.5930345288081321,0.5928372605533968,0.5930567858046703,0.5931304998197378,0.5927272472957765,0.592558652039027,0.592781284520328,0.5929699688472072,0.5925389951701145,0.5930125179534481,0.5928748771026529,0.5931741287133506,0.592673121657235,0.5931174202665996,0.5935064253200755,0.5929408516862736,0.5931617108117244,0.5929226351005503,0.593046119919723,0.5926334683700246,0.5929671037472464,0.5929352246812267,0.5929954061256788,0.5931144383499286,0.5933554929098913,0.5932066946973505,0.592954500000104,0.5929587918057854,0.5928884661464738,0.5931618053541545,0.5927999820833707,0.5930234507016651,0.5928753802814318,0.5927968342247452,0.5931142293272298,0.5930327567682304,0.5929980426900484,0.5929562525190343,0.5927440206318862,0.5926076723616892,0.5929792703232207,0.592698296908339,0.5931795623067847,0.593280638248391,0.592844840812958,0.5928168995508899,0.5929208031816292,0.5928163210036784,0.593316220119738,0.5928576684290056,0.5932907960492768,0.5928425079896187,0.5928043477066492,0.5930208411974076,0.5932133247137324,0.5928986181343621,0.5932102422438009,0.5929729213970116,0.5930533033959059,0.5928075177547456,0.5929196429923339,0.5928646025815956,0.5931646675643251,0.5929321067269752,0.5929052833401228,0.5929209443589025
43,0.7141703510607934,0.0016519023054078162,0.7144006784626568,0.7142323298260349,0.7141259253092228,0.7140242084802171,0.7142276576948099,0.7145052661479403,0.7140349822098883,0.714088130800808,0.7138781186221874,0.7142792729257226,0.7138607266639269,0.7141830275285576,0.7137464307917797,0.7143439098711367,0.71443605960035,0.7142262646019637,0.7141860018985643,0.7142122707973657,0.7140877563039525,0.7139447794248319,0.7139221932111061,0.7143904656789983,0.7138829416590973,0.7143372127738523,0.7138944529028758,0.7143485981807494,0.7139754650764679,0.7142397292014077,0.7145064924861797,0.7140658057848551,0.7143572800582113,0.7141487350153469,0.7140893436832153,0.7138631253146888,0.7142373094418735,0.7141781032996078,0.7142324299787106,0.7143405478850775,0.7144122723168191,0.7144349008232782,0.714210170309315,0.7141791762076329,0.7140515351052211,0.7137728618726515,0.7140389474570117,0.714264804742806,0.7141982755163536,0.7138263214102872,0.7143346366780218,0.7139109069129116,0.7139129875481437,0.7139260590237133,0.7140406296087438,0.7141434958953002,0.7139935102729226,0.7140309538020635,0.7144609828214592,0.7144021342572231,0.714247805077136,0.7140721952362532,0.7140697236239913,0.7141999201289598,0.7143305318563931,0.7141409490315331,0.7144459814949352,0.7140780900593432,0.7141811407171395,0.7143950204844919,0.7144329202271098,0.7141584432458733,0.7143889602521868,0.7143550564664042,0.7144288230316942,0.7141541787355722,0.714208751914103,0.7140929531212661,0.7143484036008424,0.71414918966383,0.7141190030674816,0.714050451650822
44,0.9336202422651756,0.0017034008860038663,0.9338775351520596,0.9337913060919755,0.933748383913061,0.9336364216402633,0.9338445586744146,0.93369350947013,0.9336465918367659,0.9336396994795478,0.933419619966598,0.9338347102858545,0.9334806199250457,0.93363664008987,0.9332638648527272,0.9335679443865762,0.9339250280693315,0.9335230612953932,0.9333837844914075,0.9335662511957732,0.9336442597055225,0.9336041163223529,0.9335470988016047,0.9339652561941262,0.9335880822361395,0.9337359628533987,0.9331916161955311,0.9336549262590574,0.9335020339802296,0.9337349913332921,0.9339161662162022,0.9334898752596843,0.9336287186129453,0.9337143282902751,0.9334184715405394,0.9333365095210461,0.9337668186885016,0.9337235615281121,0.9335643183334088,0.9336608682064905,0.9337218398239853,0.9339231031297995,0.9336979276382703,0.9337366600003885,0.9335983687269052,0.933165303302618,0.9336091349844693,0.9336248785385425,0.9335882441351071,0.9334062726705077,0.933667437714013,0.9332862844494246,0.9331015701101832,0.9331845496244779,0.933567487259401,0.933769592199957,0.9333381569941906,0.9336326609161115,0.9337832402925066,0.933828843733114,0.9337479910331341,0.9337271799343858,0.9333743517772609,0.9337980155167768,0.933392025096289,0.9335875806929872,0.9335711519115314,0.9334561792942192,0.9338221465136418,0.9338481211697868,0.933899811359066,0.9336183318484784,0.9338088666513494,0.9338703134340874,0.9338681265960547,0.9337010561873965,0.9336460677333035,0.9336844024902126,0.9337049865915976,0.9334868544525193,0.9334746198651042,0.9334321339256381
45,1.294991314830718,0.0015306566488489499,1.2952272306579486,1.2950390343358678,1.2951449925858864,1.295021992486489,1.2950741905559513,1.2949923742502079,1.2950334788312337,1.2950863534986001,1.295041397248381,1.2951241611763884,1.2950126743707464,1.295123513074739,1.2948883492509249,1.294900588423189,1.2952555143583484,1.2948028317765607,1.29472502908748,1.2948381907237554,1.2950521444323022,1.2950563585066892,1.2950738171635543,1.2952487456919894,1.2950907168975534,1.295020016153239,1.2946249770246303,1.295032824635011,1.2950654579870178,1.2951871731757023,1.2953206289091828,1.2950744859222252,1.2949847564672636,1.2949474482944172,1.2948018658372853,1.2947519112903016,1.2949963952849752,1.295132596577419,1.2948232407857447,1.2949564951866357,1.295014664540739,1.2953126755444035,1.2951271836392775,1.2951796284041142,1.2949374108456246,1.2947262266066273,1.2948697652435113,1.2949781658652597,1.2950137368761212,1.2947841694861812,1.2949634843825917,1.2948342782400881,1.2946234099847331,1.2946306930438116,1.295071131049614,1.2950847946707356,1.2946858937916301,1.2949936823820178,1.2950423626777812,1.2951064870344047,1.295064365300874,1.2950504544446357,1.294847174357653,1.2951364812027495,1.2945532804950477,1.294858163094544,1.2948237663922721,1.2947649802903938,1.295134217249683,1.2950892775660674,1.2952644977367318,1.29508150361849,1.2951067873867872,1.295114567627237,1.2950445001072066,1.2952503898764962,1.2949259320987634,1.2952160357191767,1.2949979386046973,1.2949850886818948,1.2946024972881767,1.2948394900927478
46,1.7650260355469676,0.0008643613785996674,1.7650561327224383,1.7650344206686008,1.7650559784101831,1.7650770989213747,1.7649800148522048,1.765000101238088,1.7650688172145137,1.7651729268362037,1.765110553249918,1.7649712609629076,1.765130645218093,1.7650317131624884,1.7651323335767297,1.7649013689428452,1.7652061226096496,1.76499987677916,1.7648447128744085,1.76489204627145,1.765138614030243,1.7649352127296842,1.7650474641426195,1.765145654486369,1.7651459934074432,1.7650622990101754,1.7648209920895255,1.7650554768878404,1.7650505201153275,1.7649783882336543,1.7650795818115146,1.7650952749788413,1.7649929114250966,1.7649740232870423,1.76492200361748,1.7650510403350945,1.7649675930328423,1.7651314559109608,1.7648872008037053,1.7649466758433134,1.7650020144203395,1.7652009036914096,1.7651450342448842,1.7650216574582778,1.7650154075538573,1.7649929834274822,1.765040284776849,1.765040952467055,1.7650935364470361,1.7650078573020813,1.7650471164904005,1.765076943974694,1.7649644236725612,1.7648946700833141,1.76517054942085,1.765134168264076,1.7648304029626043,1.7650373462331452,1.7650437088376265,1.7649797728777523,1.7650857031107121,1.7650616516960174,1.7649523621451884,1.7650995985860245,1.764781116824742,1.7649766925604315,1.7649378167566538,1.7650227986926028,1.7650455747811191,1.765087929333808,1.7651001954447116,1.7650162663271767,1.7650709023397169,1.7650387163662786,1.7649357252187856,1.7652028180499144,1.7648442180611925,1.76518366592512,1.7651305110300608,1.7649721760737074,1.7647667476986513,1.7649354214384885
47,NaN,0.0,NaN,NaN,NaN,NaN,NaN,NaN,NaN,NaN,NaN,NaN,NaN,NaN,NaN,NaN,NaN,NaN,NaN,NaN,NaN,NaN,NaN,NaN,NaN,NaN,NaN,NaN,NaN,NaN,NaN,NaN,NaN,NaN,NaN,NaN,NaN,NaN,NaN,NaN,NaN,NaN,NaN,NaN,NaN,NaN,NaN,NaN,NaN,NaN,NaN,NaN,NaN,NaN,NaN,NaN,NaN,NaN,NaN,NaN,NaN,NaN,NaN,NaN,NaN,NaN,NaN,NaN,NaN,NaN,NaN,NaN,NaN,NaN,NaN,NaN,NaN,NaN,NaN,NaN,NaN,NaN
