channel,x_start,x_end,n_points,mass,mass_err,chi2,dof,chi2_dof,a,a_err,ok
Xt,1,19,18,1.6846373828856391,0.0020888090762063633,9982.080348298461,16.0,665.4720232198974,1.9224635095611975e-14,6.73497599542151e-16,true
Xt,2,19,17,1.2312683636709834,0.0038614756618783994,2549.5767014642365,15.0,182.11262153315974,2.3913249831120525e-11,1.4489725885368738e-12,true
Xt,3,19,16,0.8973276332783718,0.005587869987761723,570.4789427071371,14.0,43.8829955928567,3.0469252914650856e-9,2.472636302498593e-10,true
Xt,4,19,15,0.7221429334106558,0.007549187471869559,136.02589010644482,13.0,11.335490842203734,2.9899926843853774e-8,2.992746890758791e-9,true
Xt,5,19,14,0.6341251590544503,0.010175287246153344,48.481064414693606,12.0,4.407369492244873,8.277646382419485e-8,1.0179128637106857e-8,true
Xt,6,19,13,0.5795914004689297,0.013895421684303215,27.305664683522664,11.0,2.7305664683522664,1.4513308586907594e-7,2.2140040158398646e-8,true
Xt,7,19,12,0.53279632411924,0.019252694031052307,19.41093938105997,10.0,2.1567710423399964,2.2333772760055795e-7,4.252968738009351e-8,true
Xt,8,19,11,0.47467357636027413,0.02627581036581083,13.887926102351194,9.0,1.7359907627938993,3.607318412488306e-7,8.350860205666451e-8,true
Xt,9,19,10,0.4047354856049138,0.031807155223759355,8.6221394476534,8.0,1.2317342068076285,5.99835498518253e-7,1.4927675882804174e-7,true
Xt,10,19,9,0.33592778198557804,0.03596153036517204,3.5776996641863645,7.0,0.5962832773643941,9.020020504167523e-7,2.183066956095913e-7,true
Xt,11,19,8,0.28170603665383764,0.04432589182269462,0.8539640163161968,6.0,0.17079280326323937,1.1322147269704941e-6,2.702305637255375e-7,true
Xt,12,19,7,0.24418717847147936,0.06196617668510622,0.11093753644563681,5.0,0.027734384111409202,1.2512673511788083e-6,3.0860347714641426e-7,true
Xt,13,19,6,0.22492088717880246,0.09595234140971433,0.03619876296108028,4.0,0.012066254320360093,1.2915055441685346e-6,3.431350054093155e-7,true
Xt,14,19,5,0.20854559318500285,0.16716257970359383,0.02041320363723259,3.0,0.010206601818616295,1.3124636953690817e-6,3.818443895535054e-7,true
