x,mean,err
0.0,NaN,0.0
1.0,1.802576543040561,0.002033980358318403
2.0,1.3803930933730213,0.0037153931640148768
3.0,1.0580590869199369,0.006216557793247906
4.0,0.8518985928642601,0.00831349856927462
5.0,0.7295985178667941,0.01107770136747752
6.0,0.6557192884920238,0.015394359679425556
7.0,0.608755196221968,0.021236117818444637
8.0,0.5699021971151262,0.024736224062085074
9.0,0.5487149925637009,0.03687799521826183
10.0,0.4985794334213181,0.057039949829154814
11.0,0.4168741715809065,0.07035456216443552
12.0,0.296038517404288,0.07121833296342471
13.0,0.2503115338604077,0.08140164142626215
14.0,0.24503092710549051,0.10374260641950321
15.0,0.22597874873732618,0.1164305612616367
16.0,0.0798817998408589,0.1559004095666118
17.0,0.14617678683884386,0.22092018527040314
18.0,0.14617678683884364,0.2209201852704025
19.0,0.07988179984085904,0.15590040956661042
20.0,0.2259787487373262,0.116430561261637
21.0,0.24503092710549054,0.10374260641950317
22.0,0.2503115338604077,0.08140164142626195
23.0,0.296038517404288,0.07121833296342457
24.0,0.4168741715809066,0.07035456216443528
25.0,0.4985794334213181,0.05703994982915474
26.0,0.548714992563701,0.0368779952182619
27.0,0.5699021971151262,0.024736224062085938
28.0,0.6087551962219679,0.02123611781844397
29.0,0.6557192884920239,0.01539435967942448
30.0,0.7295985178667943,0.011077701367478033
31.0,0.8518985928642601,0.008313498569273048
32.0,1.0580590869199369,0.006216557793245841
33.0,1.3803930933730213,0.003715393164013775
34.0,1.802576543040561,0.002033980358320096
35.0,NaN,0.0
